year,Zone Substation,Date,Unit,00:15,00:30,00:45,01:15,01:30,01:45,01:00,02:15,02:30,02:45,02:00,03:15,03:30,03:45,03:00,04:15,04:30,04:45,04:00,05:15,05:30,05:45,05:00,06:15,06:30,06:45,06:00,07:15,07:30,07:45,07:00,08:15,08:30,08:45,08:00,09:15,09:30,09:45,09:00,10:15,10:30,10:45,10:00,11:15,11:30,11:45,11:00,12:15,12:30,12:45,12:00,13:15,13:30,13:45,13:00,14:15,14:30,14:45,14:00,15:15,15:30,15:45,15:00,16:15,16:30,16:45,16:00,17:15,17:30,17:45,17:00,18:15,18:30,18:45,18:00,19:15,19:30,19:45,19:00,20:15,20:30,20:45,20:00,21:15,21:30,21:45,21:00,22:15,22:30,22:45,22:00,23:15,23:30,23:45,23:00,24:00
2025,Punchbowl 33_11kV,2024-05-01,MW,15.704156,15.423099,14.802064,14.410045,13.734175,13.255282,14.425528,12.356629,12.058368,11.830856,12.626934,11.379702,11.3954,11.503994,11.488298,11.55453,11.756882,11.93343,11.534315,12.537907,13.067551,13.395702,12.22954,14.556488,15.386328,16.379812,13.769871,17.063854,17.53092,17.407918,16.763012,18.226145,17.66059,17.946164,17.328353,17.541027,18.172601,16.978054,17.774992,14.61885,13.502792,12.623278,16.938916,14.354136,14.289193,14.070498,13.41011,17.161482,18.000568,18.559672,15.822644,17.450926,15.824149,16.12757,18.366997,14.896036,14.614765,16.455076,16.09897,16.524964,17.473506,17.853911,15.943926,18.616014,19.592294,20.658678,17.13955,22.195139,23.189699,23.935887,21.524644,23.874172,23.346248,23.030784,23.946424,22.665862,22.287176,22.14611,22.89875,22.078158,21.765059,21.506151,22.445876,20.660183,20.112261,19.771853,20.974786,19.080929,18.81987,18.49344,19.291454,18.028309,17.651342,17.456732,17.995192,16.953969
2025,Punchbowl 33_11kV,2024-05-02,MW,16.269712,15.969731,15.440302,15.029575,14.438001,13.779548,15.223327,12.724777,12.361145,12.000738,13.166254,11.935581,11.844834,11.754947,11.922248,11.817953,11.885691,12.267172,11.789568,12.971214,13.426883,13.757614,12.546294,14.808944,15.686523,16.216167,14.14189,17.775637,17.68575,17.675213,17.057834,18.101637,16.921928,15.276657,17.209436,17.992183,17.056543,16.240466,16.505826,17.587907,17.931541,18.029599,17.078477,18.665473,13.84406,11.993211,18.631066,16.413359,17.229435,18.115185,15.197092,13.101528,14.152644,13.603431,14.664437,15.726091,15.353427,15.771464,14.036092,16.864298,18.161634,18.52161,16.622807,20.063662,20.673731,21.379492,19.096628,22.724783,23.150992,23.921695,21.93107,23.904922,23.772457,23.567954,24.182325,22.97896,22.717256,22.863913,23.427748,22.58307,22.395771,21.681192,22.909287,20.98769,20.545782,19.812282,21.55862,18.997495,18.993839,18.599025,19.29468,17.952615,17.553931,17.370716,17.95627,16.922574
2025,Punchbowl 33_11kV,2024-05-03,MW,16.307129,15.99231,15.45772,15.116237,14.48832,13.947494,15.180964,12.903261,12.506941,12.27943,13.400218,11.902249,11.7457,11.683769,12.134707,11.859242,11.883326,12.159007,11.779677,12.717251,13.146686,13.918034,12.359424,14.745938,15.26526,15.45643,14.306181,17.048156,17.734134,18.054544,16.227563,19.103079,18.315602,17.15073,18.54849,17.352008,17.605325,18.129377,17.624464,17.652204,17.670912,18.571715,17.921864,17.757358,17.125141,19.719598,18.443336,19.396608,19.466066,19.213824,20.223652,21.01973,20.462777,19.681106,20.118068,19.43295,19.774434,19.501548,19.364137,18.827183,19.907544,20.418694,19.108455,21.61066,21.995367,23.077018,21.091339,24.357152,25.030011,25.064847,23.695474,24.225332,23.59548,22.963046,24.665948,23.095726,22.940682,21.88032,22.710591,21.68958,21.030913,21.04747,21.415618,20.759316,20.135485,19.709061,21.02403,19.792281,19.43725,19.205222,19.821528,18.476882,18.014116,17.925304,18.912124,17.379747
2025,Punchbowl 33_11kV,2024-05-04,MW,17.01504,16.715919,16.250788,15.568897,15.005492,14.595195,15.977042,13.526232,13.000243,12.652094,13.982976,12.408884,12.118795,12.14847,12.473395,11.98848,11.989555,12.1489,12.044391,12.636826,12.791439,13.323018,12.499845,14.077379,14.149202,14.190275,13.65289,14.606592,15.07968,15.286764,14.170276,16.998697,17.531351,17.862728,15.641795,18.210018,17.888532,18.609777,18.059704,19.747768,17.836708,17.948744,19.293174,17.952615,17.867029,19.011687,19.149097,14.685943,16.140042,18.100132,16.059832,20.581909,15.807806,16.939992,20.573523,19.199631,19.560684,19.168021,19.149527,18.370867,18.807184,20.496753,18.967388,21.07091,21.446585,22.296638,20.868342,22.990572,23.491614,23.455919,22.983261,22.84327,22.930145,22.169765,23.064547,21.437768,21.327238,21.404866,22.056653,20.985754,20.648357,20.647926,20.952423,20.024094,19.695084,19.383276,20.422779,19.116196,19.168236,19.098778,19.167591,18.706975,18.516234,18.590208,18.811914,18.03734
2025,Punchbowl 33_11kV,2024-05-05,MW,17.533502,17.209437,16.769464,16.23251,15.6962,15.137525,16.415079,13.919325,13.316352,12.938097,14.381015,12.457912,12.19793,11.890207,12.713379,11.757312,11.593237,11.770429,11.754302,12.206961,12.372327,12.326523,11.978158,12.918528,13.285601,13.524726,12.539198,13.910508,14.399078,14.293064,13.588593,15.896832,16.09768,16.205845,14.923131,17.139333,16.9344,17.667042,16.693555,18.887824,19.553802,20.059792,18.450862,19.91765,19.989904,19.613585,20.21032,19.953132,19.56434,20.246446,19.844108,18.333451,16.700867,18.037556,19.573801,17.381684,19.117057,18.924596,17.741445,19.517891,20.720825,20.190966,19.004805,20.084522,20.206019,21.089833,19.508859,22.944338,23.839119,24.039968,21.966982,23.783854,23.356355,23.146691,24.011152,23.121316,22.797466,22.697258,23.138735,22.509312,22.252984,21.8257,22.724782,21.096285,20.651797,20.386868,21.387018,19.62283,19.636808,19.275971,19.781315,18.582466,18.115185,18.082284,18.618378,17.365126
2025,Punchbowl 33_11kV,2024-05-06,MW,16.77441,16.544532,16.0508,15.666309,14.908724,14.27199,15.739638,13.417636,13.015512,12.465224,13.748152,12.206316,11.898809,11.865047,12.196854,12.183521,12.03923,12.186962,11.943322,13.068196,13.322373,13.778473,12.554466,15.0528,15.790603,16.55206,14.290699,17.145999,17.686611,17.84961,17.146,17.981216,17.848965,15.944571,17.867889,15.521803,14.91711,14.475418,16.913542,13.589883,14.438216,14.960978,14.073294,13.275495,12.632525,13.227326,13.083678,16.948592,16.539372,13.542144,15.467398,15.153654,15.648676,14.177372,15.833181,15.813826,17.019986,17.628549,14.932162,18.928466,18.797507,17.725533,18.253026,19.419618,21.136712,21.87559,18.06336,23.212494,24.04771,24.582083,22.476196,24.464671,24.176733,23.698483,24.584448,23.168195,22.658766,22.162668,23.440865,22.073426,21.966336,21.583996,22.305454,20.691794,20.346441,19.889266,21.207675,19.002871,18.655796,18.414306,19.092326,17.891328,17.487483,17.453507,17.987451,17.037405
2025,Punchbowl 33_11kV,2024-05-07,MW,16.454431,16.151654,15.615344,14.893455,14.337147,13.78858,15.16032,12.977019,12.65747,12.300073,13.35549,12.12116,11.96289,11.83064,12.001813,11.817739,11.912141,12.203735,11.815802,12.854016,13.144536,13.762775,12.444365,15.017103,15.997256,16.936981,14.027919,17.658655,18.017772,18.320334,17.313516,18.045297,16.701298,17.773272,18.316678,17.327493,18.164215,18.680741,17.270507,19.151247,17.931111,17.12256,19.271885,15.556854,16.235304,13.005834,16.439163,14.89023,15.634268,15.384393,14.021038,16.971817,15.808666,15.456645,14.963128,14.418647,15.418798,17.41996,14.428539,18.51258,18.330441,18.43065,18.099487,20.544707,20.898663,21.433252,19.913349,22.478778,23.318723,24.186624,22.158152,23.900621,23.56989,23.463016,24.438007,22.988636,22.887568,22.880901,23.578491,22.420501,21.87215,21.497764,22.734459,20.82598,20.291175,19.980442,20.897373,19.327795,18.992549,18.7345,19.638098,18.047017,17.79628,17.41566,18.128302,16.98687
2025,Punchbowl 33_11kV,2024-05-08,MW,16.539587,15.943496,15.474494,15.10613,14.470687,13.929216,15.064197,13.001103,12.574249,12.216208,13.355704,12.209972,12.247389,12.06267,12.037724,12.135137,12.236206,12.375767,11.929774,13.106473,13.405378,13.833954,12.608655,15.13645,16.058972,16.74323,14.19307,17.903156,18.375814,18.374094,17.299322,18.517524,18.603111,17.715856,18.230876,17.008158,16.359598,15.55922,16.495504,14.64315,15.589541,18.504408,14.348759,18.33259,16.899349,17.215672,18.686976,15.753615,14.072217,16.022631,17.344696,19.178343,18.475807,17.495225,18.068736,18.686547,18.262917,18.041212,17.327709,18.836214,19.310376,19.526493,18.547846,20.565566,21.672377,22.431899,19.5695,23.654186,24.426394,24.839701,23.007346,24.319949,23.646014,23.495701,24.62423,22.935306,22.743276,22.429318,23.362591,22.372762,22.054504,21.573028,22.527591,20.797379,20.544922,20.10796,21.169183,19.499613,19.357041,18.938788,19.770348,18.493656,17.965302,17.57995,18.402908,17.140624
2025,Punchbowl 33_11kV,2024-05-09,MW,16.791184,16.431422,15.762002,15.260314,14.391767,13.959106,15.458796,13.099807,12.76972,12.348028,13.640848,11.954934,11.875369,11.888916,12.196424,11.999232,12.059228,12.209971,11.835802,12.787138,13.27915,13.75783,12.479846,14.871951,15.712973,16.308419,14.097593,17.345127,17.421251,18.125077,17.128366,18.41581,18.46269,17.991966,17.934121,17.065791,16.549048,16.738499,17.058048,16.969451,16.568187,16.053596,16.566251,19.00373,18.934702,17.997344,17.902941,14.422948,15.310203,15.34762,15.96844,15.251927,15.033662,14.34833,15.703942,16.522384,16.749251,17.607474,14.130064,18.202921,19.102648,19.803034,17.845954,20.299776,21.272402,22.142454,19.901952,23.371838,23.815466,24.344248,22.798756,24.368548,24.277802,24.025775,24.506604,23.785361,23.416996,23.474626,23.869226,23.38345,22.791875,22.505872,23.562578,21.194558,20.646851,20.301497,21.793659,19.263714,19.131464,18.737941,19.523912,18.11755,17.809183,17.713491,18.130668,17.28255
2025,Punchbowl 33_11kV,2024-05-10,MW,16.596142,16.319171,15.82974,15.42783,14.680781,14.144257,15.388263,13.143244,12.894659,12.521349,13.611818,12.288891,11.981599,11.900959,12.305019,11.853865,11.862466,12.082022,11.883541,12.952935,13.306675,14.101678,12.41899,15.180534,15.607174,16.092734,14.378219,17.458452,17.923583,18.430434,16.590766,19.158989,19.191245,18.457743,18.923951,17.848536,17.564468,17.936702,18.375383,15.060326,16.463463,16.227134,17.95756,17.925735,17.573284,18.178407,16.798494,17.839073,19.27296,17.972613,17.917778,16.046715,14.880123,15.815332,14.767012,17.856492,16.951819,18.562038,16.562381,17.751767,18.450648,19.29769,18.344633,20.414607,21.09865,21.908491,19.991839,23.191849,23.740633,23.603006,22.700698,23.409469,22.9295,22.249544,23.678915,21.986121,21.434112,21.081448,22.110198,20.85759,20.055492,20.40278,20.949197,19.988614,19.667773,19.692073,20.754371,19.175548,19.183718,19.168666,19.313172,18.308075,17.970463,17.672418,18.793636,17.468991
2025,Punchbowl 33_11kV,2024-05-11,MW,17.198254,16.595283,16.092519,15.624161,14.75454,14.246401,15.688673,13.083464,12.753593,12.540917,13.791591,12.055143,11.916011,11.798385,12.274483,11.788278,11.786773,11.849565,11.648072,12.349318,12.458127,12.894229,12.085678,13.384735,13.928572,14.394563,13.019597,14.918615,15.094948,15.849094,14.438646,17.640162,18.242273,18.680525,16.621732,19.395534,19.199417,19.646915,19.028675,20.817808,20.834796,21.278423,20.583628,21.138862,21.368526,21.987841,21.034138,22.22675,22.059449,21.811938,22.523075,21.985475,22.583286,22.538343,21.66098,21.405942,21.197783,21.53604,21.885051,21.388954,21.627648,21.353472,21.276704,21.7399,22.056438,22.455768,21.547653,23.388826,24.003196,24.275651,23.066266,23.991798,23.232921,22.836604,24.305541,22.190838,21.728502,21.335839,22.235136,20.957799,20.820173,20.689644,21.065105,20.761251,20.808561,20.555244,20.536535,20.225802,19.958078,19.685191,20.222147,18.943304,18.832128,18.371943,19.249092,18.140129
2025,Punchbowl 33_11kV,2024-05-12,MW,17.97713,17.540598,16.96042,16.165847,15.435141,14.81002,16.562166,13.596334,13.234852,12.880896,14.154578,12.367165,12.033424,11.849779,12.509092,11.858811,11.98848,12.068905,11.818384,12.340931,12.523929,12.666716,12.1732,13.354629,13.611387,13.621709,13.044112,13.804923,14.08426,14.598206,13.487954,15.303752,16.096174,16.506256,14.983773,18.137979,19.082434,19.26823,16.697856,20.270961,20.000011,19.973346,19.374029,17.394586,17.461678,15.356436,18.772347,16.697212,17.324913,16.859566,15.070648,18.853202,19.802389,18.584618,16.935045,16.927304,16.906015,16.212941,18.278616,19.88819,20.07506,20.248812,19.203288,20.821248,20.985754,21.255414,20.524923,22.219654,22.837248,23.483443,21.761404,23.428609,23.109058,22.751233,23.46366,22.366742,22.150626,21.816238,22.642637,21.961605,21.567652,21.727426,21.830001,20.707708,20.657603,20.26752,21.308959,19.974851,19.812926,19.259628,19.847332,18.503762,17.98014,17.87047,18.722458,17.395876
2025,Punchbowl 33_11kV,2024-05-13,MW,17.006869,16.647107,15.978547,15.6433,14.947646,14.395207,15.647601,13.403873,12.850791,12.493179,13.716972,12.09815,11.96289,11.779246,12.203091,12.026327,12.090194,12.125461,11.724411,13.030564,13.341941,13.968354,12.461784,15.206125,15.966075,16.85333,14.419507,17.747467,18.244853,18.704825,17.372437,18.247864,17.33717,17.564037,18.925886,17.734779,17.402112,16.487332,18.343557,17.347492,15.738777,15.02076,17.609841,13.895455,14.226402,14.450473,13.86664,15.297086,15.541586,14.464451,15.07237,17.016115,15.42568,16.555285,14.910229,15.924788,15.459872,16.401962,17.749832,17.029878,18.532147,19.345214,17.553715,20.488367,21.362719,22.017516,19.80583,23.223676,23.819551,24.340593,22.556622,24.439512,24.133294,23.81482,24.357152,23.369688,23.025408,22.618984,23.640208,22.461143,22.325238,22.164604,22.615542,21.228104,20.845978,20.405576,21.698826,19.250166,19.119421,18.819226,19.443487,18.328074,18.002504,17.594143,18.345062,16.898058
2025,Punchbowl 33_11kV,2024-05-14,MW,16.393145,16.028652,15.572982,15.312354,14.546381,14.079528,15.348695,13.244314,12.760474,12.640267,13.607732,12.215132,12.14804,12.058368,12.322868,12.099226,12.347381,12.375122,12.089335,13.203457,13.566874,14.133289,12.74499,15.562445,16.440454,17.374157,14.741207,18.131098,18.616013,18.802023,17.850471,17.84703,17.250079,16.383898,18.325064,15.322675,15.000116,14.657342,15.75211,13.795676,13.27657,13.152922,14.235862,13.050132,12.66005,12.528015,13.272914,12.647577,12.786064,13.061315,12.719832,13.860188,14.028136,13.917388,13.578271,15.087422,15.634699,15.439012,14.383166,15.664374,16.417014,17.459099,15.50718,19.409726,20.025385,21.032203,18.418392,22.432759,23.30152,23.877181,21.889782,23.878257,23.385815,23.100887,23.84213,22.290186,22.211698,21.93623,22.604144,21.741404,21.756672,21.428091,22.048481,20.171182,19.84217,19.488,20.661904,18.880943,18.757724,18.535373,19.115981,17.937992,17.52662,17.33502,18.050673,16.977839
2025,Punchbowl 33_11kV,2024-05-15,MW,16.360889,15.915756,15.409767,14.876252,14.18748,13.723207,15.023985,12.914872,12.429742,12.30674,13.338502,11.972137,11.898593,11.820534,12.034499,12.158792,12.187822,12.38867,11.792364,13.173781,13.78944,14.112215,12.711445,15.283108,16.424325,17.31244,14.43069,18.463335,18.886534,19.295324,17.882941,19.411661,19.251457,17.982935,19.101358,15.493202,15.111076,15.009792,15.731896,14.46187,13.80901,13.54107,14.609387,13.064326,13.604721,14.298656,13.346243,13.052283,13.006909,13.057014,13.643213,13.947925,13.803633,14.284678,13.095936,14.186188,14.954742,15.267625,14.247476,15.675772,16.716135,17.647474,15.519867,19.207373,19.96496,20.606853,18.523116,22.368891,23.404524,23.78149,21.438842,23.399793,23.040246,22.504367,23.774178,22.028914,21.721406,21.387664,22.393836,21.471529,21.438842,21.276702,21.459917,20.274616,19.80884,19.403059,20.701256,19.02975,18.859438,18.571284,19.035986,17.842944,17.744672,17.395231,18.149807,16.918057
2025,Punchbowl 33_11kV,2024-05-16,MW,16.270786,15.966076,15.445033,14.952592,14.364672,13.83761,15.114516,12.833587,12.508877,12.255345,13.174426,12.114709,11.942246,11.842038,12.077292,12.152341,12.348457,12.412324,11.74957,13.176146,13.697834,14.293708,12.781548,15.034952,16.328633,17.411574,14.72895,18.393876,19.003515,19.017493,17.803377,19.513376,18.507417,17.269217,19.376395,15.116238,15.50847,14.815181,16.034673,17.483612,16.721726,17.199114,15.667385,16.975473,17.233521,16.7714,16.481526,15.971237,14.980547,14.097592,15.743079,14.3808,14.230272,14.738627,13.761915,16.760863,16.401746,15.601582,15.586744,17.534792,18.363556,18.238188,16.504966,20.090543,20.9621,22.199224,19.22135,22.93251,23.343022,23.478712,22.857892,23.371193,23.4056,23.57548,23.334636,23.666013,23.487529,23.080244,23.789015,22.0945,21.735383,21.680978,22.371256,20.855869,20.386868,19.91378,21.23219,19.303926,19.347794,18.939218,19.726264,17.98272,17.63371,17.432433,18.493225,16.991816
2025,Punchbowl 33_11kV,2024-05-17,MW,16.520878,16.084132,15.511695,14.992374,14.453698,13.916313,15.05151,12.853586,12.488233,12.11858,13.300654,12.043744,11.785912,11.849779,11.972567,12.238357,12.318352,12.360929,11.880315,13.161739,13.700199,14.479503,12.675318,15.53664,15.910165,16.364974,15.046994,18.083358,18.367642,18.450647,17.213307,18.088519,17.63543,16.804516,18.157548,15.572337,15.603948,15.221822,15.912745,14.796042,14.490901,14.010931,14.93926,13.563218,13.512899,13.660416,13.549456,14.102753,14.29758,14.619925,13.732025,14.868296,15.190211,15.568466,14.913669,15.846944,15.8635,16.030372,15.949302,16.147999,16.932464,17.714136,16.111012,19.393383,20.13226,21.013279,18.929112,22.134712,22.912727,23.046481,21.655388,22.513828,22.292552,21.949134,22.84628,21.586145,21.04919,20.510515,21.790864,20.134841,20.124089,19.958078,20.015279,19.879588,19.556168,19.02459,19.908402,18.825247,18.68418,18.430218,18.432369,17.833053,17.858642,17.471354,18.11497,17.001707
2025,Punchbowl 33_11kV,2024-05-18,MW,16.804301,16.42239,16.082196,15.585669,15.021404,14.482084,15.770174,13.411184,13.010564,12.688436,13.95244,12.332544,12.113848,12.125676,12.400712,12.254484,12.349963,12.36695,12.046326,12.87466,13.056799,13.481073,12.476837,14.023619,14.458,15.05151,13.678049,15.789742,16.334439,16.025211,15.411702,17.653064,18.404198,16.691405,16.195738,15.286979,16.119184,16.681298,15.087851,16.005427,15.968441,16.673772,16.343686,16.234661,15.214295,16.470129,18.369577,20.908339,20.521912,20.646851,19.880663,20.889416,21.613456,18.771056,19.953776,20.45482,20.494173,19.499183,19.359621,20.712438,21.657754,23.037236,20.535031,23.907072,24.140391,24.398655,23.310982,25.589116,26.512713,27.018486,25.041193,26.887312,26.031022,25.903289,27.250084,25.223977,24.894106,24.307047,25.604384,23.902986,23.874602,23.789445,24.062546,23.478928,23.075942,22.694246,23.539138,22.256855,21.883761,21.624208,22.422222,20.765122,20.615455,20.32128,21.047685,20.063878
2025,Punchbowl 33_11kV,2024-05-19,MW,19.75852,19.211889,18.596014,17.701018,16.903004,16.31702,18.091316,15.312138,14.850447,14.690243,15.730607,14.157159,13.81073,13.607086,14.483374,13.390756,13.433764,13.400433,13.458708,13.796106,14.180383,14.70766,13.497201,15.117313,15.853609,16.425186,14.910659,16.945797,16.875694,17.236317,16.610334,17.633066,17.707254,17.604895,17.394586,18.096047,18.49731,18.178406,17.654139,17.844449,17.295023,16.917198,17.873695,16.476796,16.793119,15.435356,17.186642,15.703726,15.731896,15.420949,15.499438,15.559434,15.671686,15.717918,15.643515,16.165417,16.333149,16.694631,15.90952,17.414585,18.073252,18.880727,16.947517,20.272896,21.079726,21.798175,19.536385,23.752888,24.877548,25.822863,22.947134,26.347562,26.048441,25.990596,26.397235,26.279609,25.771684,25.558364,26.387988,25.447189,25.297306,25.220322,25.671045,24.414352,24.042118,23.797401,24.683366,22.615327,22.500711,22.153851,22.939822,20.948336,20.558684,20.37762,21.334549,19.516386
2025,Punchbowl 33_11kV,2024-05-20,MW,19.040288,18.620099,18.0911,17.508772,16.830106,16.145849,17.784884,14.924636,14.586808,14.454128,15.443958,14.010286,13.752669,13.70966,14.1363,13.84234,14.015447,14.21866,13.621924,15.137741,15.709532,16.298527,14.509824,17.455227,18.803313,19.935929,16.703017,21.465939,22.106328,22.202235,20.632874,22.094285,21.584856,20.129035,22.082458,19.229307,19.83572,17.960786,19.530578,19.265864,18.088089,16.941066,18.328505,16.747961,17.428348,18.343343,17.459743,19.186944,20.634809,20.827915,19.171677,18.180127,18.338397,19.327795,19.753144,21.193913,20.77566,20.389878,19.170386,19.728415,19.787552,20.179569,20.233759,22.701344,23.807939,24.749598,21.487443,26.346701,27.745536,28.674079,25.514712,28.448287,28.394312,28.430009,28.695798,27.772416,27.591352,27.156326,28.373239,26.74044,26.514862,26.246278,27.072891,25.198818,24.443812,23.964918,25.679218,22.718331,22.285026,21.971068,23.167119,20.966185,20.494603,20.01958,21.26122,19.369299
2025,Punchbowl 33_11kV,2024-05-21,MW,18.743102,18.314742,17.644892,16.996761,16.360028,15.616205,17.219974,14.579712,14.138235,13.866424,14.868296,13.484728,13.24969,13.233347,13.518705,13.350758,13.558272,13.695683,13.222381,14.754755,15.306763,15.812751,14.002545,16.891177,17.776067,19.104368,16.199178,20.255908,20.813507,20.967691,19.726694,21.028117,19.897652,19.749058,20.438907,19.235759,18.442476,16.862792,19.558104,15.798344,15.687813,16.432282,16.103486,16.220468,14.455204,14.036736,16.608184,15.000975,14.70207,14.690458,14.22124,14.287043,14.428539,14.656912,14.241025,15.442453,15.777056,15.706092,15.172148,16.087358,17.236316,18.41538,15.986074,20.948552,21.926554,23.070782,19.713577,25.262254,26.501315,26.755492,24.410481,26.801941,26.31767,26.429706,27.109663,26.169723,25.976833,25.971457,26.430782,25.551698,25.179895,24.784006,25.899418,23.957822,23.174432,22.757684,24.29608,22.060524,21.841183,21.281864,22.195999,20.398481,20.067748,19.83529,20.548793,19.129314
2025,Punchbowl 33_11kV,2024-05-22,MW,18.520751,18.190233,17.393941,16.852256,16.089723,15.562015,17.081702,14.472622,14.189629,13.850942,14.91926,13.567089,13.339792,13.263452,13.586873,13.538918,13.76127,14.153503,13.274419,15.209349,15.685233,16.354007,14.446817,17.322333,18.435379,19.456173,16.648612,21.166172,22.019666,21.867203,20.437187,21.41175,20.59266,19.729274,21.792799,18.269369,17.831118,17.31158,18.761812,16.290141,15.871028,15.314503,16.71893,14.713467,14.086196,13.982977,14.911949,14.036952,13.785139,14.054369,14.055659,14.255432,14.561864,15.126559,14.255862,15.666524,16.147784,16.242617,15.404821,16.74409,17.640376,18.740522,16.429917,20.929844,22.029343,23.071856,19.920876,24.876258,26.133596,26.883871,23.844496,26.597223,26.360894,26.263481,27.073966,26.614641,26.424976,26.417234,26.430136,26.154026,25.788458,25.266555,26.500671,24.733686,24.54402,23.914814,25.096888,22.806498,22.49039,22.091275,23.266253,21.057362,20.640614,20.243865,21.379492,19.751639
2025,Punchbowl 33_11kV,2024-05-23,MW,18.903307,18.392156,17.934121,17.260616,16.532706,15.906294,17.511352,14.876252,14.339082,14.102108,15.278592,13.826427,13.627515,13.546875,13.931581,14.093507,14.184469,14.480148,13.674394,15.382887,15.926078,16.492923,14.762926,17.852622,18.68074,19.945821,17.14944,21.377342,22.181591,22.654034,20.894792,21.848494,20.956939,19.99915,22.099231,18.60311,17.860363,17.63242,19.018353,16.702802,16.262185,15.571907,17.081918,14.845287,14.610893,14.384886,15.119248,14.218015,14.235863,14.396928,13.988997,14.737766,14.830449,14.956247,14.566165,15.302246,15.986074,16.399165,14.904422,16.758714,17.596293,18.633432,16.44927,20.877158,21.742695,22.882622,19.652291,25.068718,26.322831,27.059774,23.933738,26.620016,26.748611,26.745601,26.789039,26.519594,26.732483,27.089664,26.719152,26.606255,26.325197,25.931244,26.852046,25.414718,24.743147,24.119747,25.932105,22.928855,22.615973,22.343947,23.188409,21.070264,20.661473,20.449659,21.564426,19.738307
2025,Punchbowl 33_11kV,2024-05-24,MW,19.077919,18.816215,17.995192,17.307924,16.83075,16.132731,17.576725,15.077745,14.620355,14.224251,15.555349,13.936743,13.772452,13.76256,14.02878,14.014803,14.195221,14.397358,13.918034,15.346974,15.762862,16.307128,14.710026,17.7937,18.935562,20.206665,16.979129,21.198428,21.857957,22.331905,20.727061,21.971498,21.009408,20.07936,21.994722,18.889974,18.696438,18.227221,19.395532,16.824086,16.191652,15.773184,17.484903,15.651901,15.230638,15.083121,15.995321,15.724586,15.422669,16.12628,15.37106,16.429916,16.945367,16.61528,16.36949,16.653128,16.831395,16.134666,16.688825,18.026374,18.611067,19.734652,16.883651,20.985754,21.861182,23.012506,20.826624,24.956467,25.817487,26.069945,24.128134,26.080912,25.879634,25.507614,26.264556,24.957543,24.301026,23.984272,25.438372,23.961907,23.708375,23.673108,23.876322,22.891439,22.314701,21.877739,23.361516,21.627864,21.63453,21.404437,21.630874,20.615455,20.461056,20.279132,20.843828,19.560254
2025,Punchbowl 33_11kV,2024-05-25,MW,19.352525,18.751488,18.22249,17.553715,16.66818,16.1323,17.797141,15.052155,14.742928,14.51434,15.710393,14.046628,13.741056,13.660416,14.253711,13.487954,13.594399,13.527307,13.456343,14.050284,14.301666,14.916895,13.526662,15.864146,16.404113,17.027298,15.235154,17.258896,17.894985,18.404414,17.113099,19.788196,18.909973,18.847396,18.852988,18.460754,18.775142,19.271884,18.127872,20.591586,20.084522,19.598745,20.304722,19.40134,19.865396,19.740887,18.836214,20.199997,19.599606,18.852127,20.469227,18.951476,19.163291,19.417038,18.918144,20.086456,20.354182,20.26537,19.587134,20.460841,20.8806,21.367021,20.319774,22.503721,23.469036,24.115015,21.761188,24.971305,25.658358,25.792759,24.780136,25.385688,25.005496,24.800134,25.85168,24.098674,23.819336,23.730954,24.417148,23.350334,23.117015,22.920469,23.46237,22.817035,22.340721,22.030419,22.747792,21.779036,21.537116,21.397556,21.760328,20.825765,20.556749,20.272252,21.173698,20.072479
2025,Punchbowl 33_11kV,2024-05-26,MW,19.54219,19.157053,18.497956,17.984656,17.075252,16.571412,18.333021,15.432776,15.00076,14.549821,15.905219,13.919325,13.504512,13.380004,14.211994,13.275065,13.305385,13.556552,13.30474,13.95416,14.048778,14.48402,13.692027,15.341599,15.58524,15.883069,14.83776,15.955753,16.402176,16.743445,15.858556,17.388995,17.300398,17.072885,16.844299,17.720801,17.943153,17.789184,17.06536,17.311365,16.936981,16.50088,17.571563,16.114453,15.864791,16.004568,16.407337,15.754906,15.907154,15.933388,15.713832,16.039619,16.078756,16.083057,15.994031,16.001771,16.537221,16.921283,16.086282,17.607906,17.876705,18.6573,17.25782,20.017214,20.695019,21.580554,19.248445,23.134218,24.373924,24.775404,22.49426,24.67154,24.762502,24.755835,24.980767,24.427469,24.178022,24.226192,24.541225,24.175658,23.9232,23.187979,24.279522,22.896815,22.631025,22.026118,23.09164,21.496904,21.305734,20.78297,21.647862,19.942595,19.469078,19.507569,20.064308,19.058566
2025,Punchbowl 33_11kV,2024-05-27,MW,18.4085,17.960141,17.404693,16.767744,15.989944,15.417938,17.002138,14.347254,13.943409,13.726433,14.842276,13.366672,13.250335,13.215928,13.424518,13.302804,13.54623,14.013296,13.026048,14.954527,15.31859,15.872103,14.126838,17.212447,18.41151,19.516386,16.42153,20.929844,21.751941,22.004614,20.391384,21.772156,21.04661,19.941304,21.939886,18.800518,18.589134,17.826816,19.074049,16.531846,15.88092,15.78071,17.039985,15.068714,14.811095,14.97345,15.226982,14.388757,14.411335,14.829158,14.636912,15.403746,15.334502,15.546317,15.003986,15.96543,15.745874,16.295302,15.63943,17.134603,17.807248,18.915134,16.701296,21.007043,22.207396,23.27722,19.916575,25.21559,26.134887,26.618512,24.305756,26.681089,26.773986,26.66109,26.886452,26.297456,26.120694,25.766953,26.812478,25.639004,25.474284,25.439232,25.646316,24.436286,23.81095,23.28109,25.039044,22.241373,21.842688,21.510666,22.531461,20.531589,20.190537,19.975066,20.764478,19.130819
2025,Punchbowl 33_11kV,2024-05-28,MW,18.754069,18.268938,17.766605,17.022996,16.369275,15.806515,17.233735,14.845932,14.550896,14.098237,15.315364,13.887714,13.625794,13.524942,13.947494,13.835674,13.935668,14.19221,13.581712,15.173008,15.742004,16.469268,14.647664,17.543179,19.009751,20.165377,17.086649,21.462283,22.379213,22.507808,20.774154,21.81925,20.85458,19.708848,21.933866,18.510428,18.501182,17.77069,18.831269,16.66646,16.027792,15.438366,17.128581,14.69949,14.380155,14.502728,15.069788,14.27328,14.138881,14.063616,14.342308,14.468322,14.951516,15.168922,14.311772,15.663729,15.931024,16.021985,15.665019,16.729898,17.331579,18.448066,16.194233,20.655452,21.582705,22.701773,19.749704,24.664013,25.772115,26.162842,23.391622,26.459813,26.326487,26.481102,26.159187,25.906514,25.891031,25.783941,26.247353,25.444609,25.351711,25.201398,25.888236,24.431556,23.958897,23.266469,24.761426,22.324378,21.939026,21.477766,22.651024,20.561265,20.404287,20.210535,20.903394,19.582618
2025,Punchbowl 33_11kV,2024-05-29,MW,18.747402,18.224426,17.585972,17.105787,16.481956,16.060048,17.279109,15.021189,14.528533,14.347038,15.553844,14.002975,13.739336,13.637407,14.08469,13.902121,13.990288,14.419507,13.670738,15.356221,16.04263,16.688609,14.806795,17.893909,19.263714,20.071619,17.04493,21.950423,22.543288,22.912942,21.01758,22.1717,21.321862,20.391814,22.492968,18.996849,18.67687,18.14271,19.315969,16.732263,16.050586,15.61814,17.269218,15.327191,14.901628,14.610248,15.508255,14.501652,14.478213,14.788086,14.779054,15.085271,15.282033,15.270851,14.907433,16.082627,16.350782,16.334224,15.72007,16.68947,17.445551,18.713211,16.402391,20.653086,21.791939,22.694032,19.745619,24.441016,25.440308,25.917266,23.467746,25.79706,25.592342,25.5074,25.745449,25.110222,24.72573,24.617995,25.406116,24.567675,24.626596,24.659497,24.706375,23.539784,23.154648,22.627155,24.174152,21.791294,21.458197,20.977367,21.989991,19.843892,19.404994,19.26952,20.400415,18.54763
2025,Punchbowl 33_11kV,2024-05-30,MW,18.178407,17.717791,17.33846,16.846018,16.117464,15.520082,16.812042,14.502298,14.128343,14.125547,14.948935,13.700844,13.523866,13.447527,13.86664,13.534832,13.78987,13.953731,13.467741,14.94184,15.548037,16.20907,14.2993,17.527911,18.527847,19.821527,16.891178,21.248963,21.942681,21.719041,20.499118,21.268746,20.304292,19.67229,21.585716,18.238833,17.994762,17.606615,18.837934,16.134667,15.336008,14.979686,16.870534,14.51606,14.317364,14.417572,14.789807,13.852447,14.035661,14.430904,14.139525,14.961194,15.498793,16.242832,14.693039,17.191158,16.219607,17.130086,16.595927,16.79871,17.959711,19.394028,17.613496,21.108972,22.103747,22.697902,20.260853,24.575632,25.366549,25.316015,23.575696,25.222041,24.961414,25.120114,25.369774,24.640789,24.501228,24.502734,25.096458,24.285974,23.968358,23.762136,24.468972,22.727364,21.81925,20.828129,23.160454,20.545998,20.294832,19.83572,20.455035,19.080284,18.70461,18.544404,19.143506,18.103573
2025,Punchbowl 33_11kV,2024-05-31,MW,17.514794,17.114174,16.712049,15.99231,15.335793,14.767442,16.103916,13.856963,13.444731,13.140449,14.209843,12.928204,12.606075,12.654244,12.970352,12.802407,12.813804,13.050563,12.719401,13.963622,14.314568,14.8083,13.32947,15.766948,16.842148,17.532641,15.268485,18.776218,19.381126,19.897436,18.262057,20.252252,20.438907,20.414823,19.950981,20.214406,20.532235,20.358482,20.145163,20.519332,20.635884,20.505354,20.583198,20.608358,20.77566,21.250898,20.226232,21.571308,21.31326,21.596898,21.53045,20.766198,20.144948,21.36659,21.695386,20.91135,20.370095,20.169462,21.423145,18.881372,19.535954,20.515247,19.034696,21.47411,22.186537,22.652744,21.018224,23.681064,24.564235,24.774544,23.375063,24.057385,23.438286,23.051213,24.590254,22.448241,22.294272,22.072996,22.640272,21.72248,21.545503,21.321647,22.128691,20.50557,20.330527,20.282358,20.637174,19.737446,19.720888,19.398113,19.764112,18.858148,18.576016,18.417102,18.818151,17.905736
2025,Punchbowl 33_11kV,2024-06-01,MW,17.437378,16.98687,16.481956,15.903929,15.264184,14.750025,16.054027,13.818256,13.349684,13.189263,14.23823,12.680694,12.591452,12.410819,12.949279,12.360714,12.475761,12.622203,12.320932,13.110774,13.373123,13.629881,12.84735,14.326825,14.584874,15.435142,13.887499,16.044135,16.437442,16.429701,15.813611,18.202706,18.903091,19.313818,17.153956,20.384932,21.224234,21.280143,19.287368,22.230835,22.460284,22.563072,21.557975,23.306896,23.576126,23.764715,22.809078,24.684658,24.842497,25.252147,24.484025,25.735988,26.021991,26.379817,25.26376,26.175099,26.171874,25.85168,26.391214,25.529334,25.741793,26.197034,25.527184,26.845809,26.853335,26.962576,26.182196,28.096697,28.13992,28.245504,27.4948,27.517809,27.001498,26.624533,28.17368,25.875978,25.572557,25.34655,26.04457,24.770887,24.547247,24.67369,25.26419,23.912878,23.656121,23.474412,24.345539,23.077448,22.788864,22.587158,23.038955,21.609156,21.145958,20.785122,21.996872,20.464498
2025,Punchbowl 33_11kV,2024-06-02,MW,20.095489,19.698955,18.831053,18.287862,17.649193,17.06622,18.481612,15.746948,15.104625,14.743788,16.36605,14.27371,14.087486,13.851802,14.490256,13.86234,13.884918,13.926851,13.745357,14.361016,14.315643,14.765077,13.810299,15.628247,15.923281,16.188857,15.320956,16.2052,16.541092,16.829246,15.965645,17.208146,17.519739,17.702094,17.013534,18.379039,18.798368,18.694718,17.961862,18.979001,18.805893,18.909973,18.383555,19.509934,19.711857,21.12768,17.960786,21.50271,21.685279,22.271263,21.26036,23.343882,23.804929,23.86385,22.531031,23.001969,21.52529,22.246748,24.040183,22.437704,22.431684,22.552965,22.36588,23.239803,24.197591,24.96937,22.855957,26.944082,27.727258,28.00853,26.008013,27.275459,27.33438,27.470071,27.718012,27.004078,27.083644,26.93247,27.2546,26.189078,25.990595,25.685883,26.379388,25.087643,24.720784,24.209203,25.178604,23.416352,23.108629,22.426307,23.54731,21.577759,21.110692,20.657173,21.806346,20.132045
2025,Punchbowl 33_11kV,2024-06-03,MW,19.488646,18.78396,18.039921,17.44942,16.8529,16.34304,17.771981,15.216015,14.657342,14.300375,15.683083,14.080604,13.804279,13.699554,13.887713,13.990932,14.176512,14.471547,13.550531,15.274722,15.969516,16.36691,14.687877,17.884448,18.987602,19.951196,17.12686,21.90462,22.951864,23.49312,21.000592,22.731019,21.643991,20.519763,23.411405,19.211244,18.582468,18.287002,19.472517,16.052092,16.784302,17.502321,17.310076,15.766303,15.642226,16.113378,16.28369,18.22335,18.263993,19.27339,16.93698,18.743532,20.151614,19.986678,18.552792,18.723748,19.495957,20.162365,18.67902,18.130023,19.667989,20.658032,19.099208,22.751878,24.015022,25.143337,21.502495,27.744676,28.511509,28.992554,26.384979,29.2177,29.319844,29.59015,29.365217,29.103514,28.862024,28.882668,29.464781,28.841165,28.553227,28.294534,29.068248,26.890968,26.460672,25.758997,27.46448,24.655842,24.265329,23.464735,24.861204,22.462219,21.917307,21.647002,22.819614,20.677172
2025,Punchbowl 33_11kV,2024-06-04,MW,20.31139,19.825183,19.070608,18.223995,17.534576,17.140624,18.509998,15.834686,15.491912,15.26612,16.317236,14.679706,14.438431,14.53993,14.927862,14.525307,14.574766,14.883779,14.447677,16.121119,16.71205,17.570704,15.353641,18.513009,19.550362,20.646205,17.825956,22.446735,23.19056,23.874171,21.649582,23.852023,22.517484,21.037148,23.870301,21.644852,19.783896,18.697728,19.872921,17.782303,16.795484,17.17417,18.076908,16.58496,16.753982,15.903498,17.294162,16.614851,18.703964,18.770412,17.20062,17.112454,19.140925,18.679235,18.382695,17.928746,19.370373,20.244296,19.322204,19.454454,20.388803,21.503571,19.333386,23.670098,25.030871,25.983499,22.435123,28.423773,29.212324,29.475318,27.092675,29.785406,29.441557,29.355541,29.713153,29.301567,28.994489,29.063947,29.469727,28.845681,28.233462,27.922945,29.048248,26.841078,26.441104,25.74975,27.272018,24.75046,24.524882,23.853097,25.071944,22.567373,22.037516,21.660334,23.041966,20.924683
2025,Punchbowl 33_11kV,2024-06-05,MW,20.124949,19.645194,19.064371,18.339042,17.532211,16.868383,18.475592,15.866512,15.359233,14.882274,16.293581,14.480579,14.237584,14.235863,14.502513,14.579282,14.607667,14.904853,14.290484,16.0422,16.608614,17.029233,15.233004,18.258832,19.488645,20.372674,17.490494,22.346312,23.035085,23.514194,21.620767,23.648595,23.561287,23.746437,23.579566,23.883418,24.171142,23.930513,23.490755,24.081684,22.715321,22.971648,23.702784,22.735534,21.489593,20.50858,23.264532,21.283369,21.405082,20.573521,20.758026,21.92677,22.500926,22.947779,20.651796,23.809874,23.779769,23.498926,23.631606,23.157659,23.743428,24.598641,23.329906,26.806027,27.455878,28.028529,25.576213,29.609288,30.376767,30.760398,28.769557,30.723625,30.275482,29.953782,31.090699,29.690573,29.774654,29.835511,30.036573,29.415966,28.434309,28.350659,29.774223,27.43545,26.741944,26.144349,27.834993,24.956037,24.919051,24.308338,25.363968,22.909287,22.169334,21.74549,23.458499,21.202084
2025,Punchbowl 33_11kV,2024-06-06,MW,20.412888,20.015278,19.412522,18.811484,17.966807,17.232875,18.851052,15.941345,15.657708,15.192792,16.626678,14.713252,14.495416,14.391982,14.815181,14.685942,14.733681,14.922271,14.507674,15.717059,16.208425,16.738928,15.122688,17.994762,18.776004,20.336333,17.312871,21.71001,22.566083,22.62823,21.209826,22.159443,20.623412,20.309023,22.426091,19.904748,20.537611,21.050051,20.559115,20.756091,20.369235,19.913349,20.672226,21.087898,22.245673,23.028418,20.112477,23.73547,23.909437,23.929651,23.526021,24.825078,25.168712,25.272361,24.408545,25.39515,25.82738,25.942211,25.377516,25.698355,25.756416,26.726462,25.627608,28.730849,29.277267,29.784762,27.684036,30.581484,31.358209,31.61088,30.331392,31.365089,30.867918,30.704487,31.748291,30.481061,30.280643,30.02023,30.718249,29.740033,29.421988,28.950406,30.04754,27.868324,27.323198,26.620447,28.278191,25.252578,24.668314,24.174152,25.789963,22.960896,22.314271,21.806777,23.492475,21.292187
2025,Punchbowl 33_11kV,2024-06-07,MW,20.549223,20.332892,19.607992,18.851698,18.055618,17.456088,19.048028,16.170148,15.776624,15.317515,16.741294,14.905928,14.67863,14.623581,15.076455,14.56896,14.719918,14.96915,14.378649,15.862427,16.326267,16.804517,15.248916,17.672847,18.520536,19.570145,17.207071,21.309174,22.14568,22.436199,20.50686,23.290767,23.812884,23.855463,22.651669,23.86858,24.035236,24.441017,23.674614,24.513055,24.096522,22.433403,24.413276,17.49974,19.13254,19.356611,19.321128,21.066394,22.608876,21.997947,19.288229,20.224297,20.756951,20.488151,19.724329,22.28223,22.422222,22.16783,20.8563,21.782906,21.660334,21.949348,21.989561,24.546601,25.323541,26.118759,22.905632,27.573505,28.179488,28.478177,26.751191,27.846175,27.560388,27.111599,28.330015,26.583246,26.44691,26.344765,27.030958,26.112952,25.784156,25.355581,26.207786,24.846797,24.507679,24.218451,25.121403,23.877612,23.728589,23.250341,24.014163,22.49899,22.264166,21.939241,22.659626,21.241651
2025,Punchbowl 33_11kV,2024-06-08,MW,20.325796,20.014848,19.45854,18.553652,17.982506,17.222553,18.873847,16.191867,15.837696,15.37493,16.613561,14.83948,14.494126,14.290053,14.940979,14.095227,14.160384,14.380371,14.02878,15.07581,15.279452,15.544597,14.54552,16.111658,16.774626,17.104282,15.72308,18.050027,18.500106,18.79084,17.562746,19.641754,19.961088,20.859095,19.100498,21.197138,20.614165,22.182667,21.589802,21.216706,22.36201,22.477702,20.714372,22.549095,22.14912,20.962314,22.911222,22.31083,22.426306,22.22546,21.703342,19.432735,19.378115,21.550234,21.474969,21.344226,21.486582,21.839893,20.88103,21.937736,21.934725,22.160948,21.814733,22.509957,23.201526,23.947929,22.290402,25.476434,26.14822,25.985004,24.81067,25.493208,25.229999,24.734761,25.94006,24.021259,23.819981,23.632681,24.32554,23.509464,23.254641,23.217654,23.595049,23.082609,23.073362,22.729512,23.018312,22.467379,22.177721,22.034503,22.522215,21.215846,21.26294,20.967476,21.452607,20.680397
2025,Punchbowl 33_11kV,2024-06-09,MW,20.400631,20.074414,19.474023,18.912553,18.099488,17.401897,19.202858,16.227349,15.777055,15.335578,16.772476,14.663363,14.331771,14.266829,14.874532,13.997814,14.070282,14.226616,14.082755,14.748088,14.968074,15.126988,14.303816,15.540296,15.91554,16.598294,15.334718,17.333945,17.738005,17.644893,16.942787,17.495655,18.362266,19.145872,17.30728,18.357965,18.064436,19.072974,18.439036,20.400201,18.577091,18.706544,20.404286,18.074972,17.810473,17.026007,18.559458,16.430992,16.822364,16.409487,16.815268,16.802796,16.817204,17.615216,16.947732,16.777206,17.020846,17.285775,18.97341,17.918424,18.829979,19.073834,17.477806,20.649647,21.710224,22.532751,19.788196,24.398438,25.028291,25.094524,23.297219,24.957544,24.689603,24.620575,25.043559,24.527892,24.283178,23.903201,24.654336,23.781919,23.734395,23.866861,23.889225,23.601286,23.62193,23.260446,23.603866,23.194214,23.089061,22.661132,23.041537,21.750866,21.53045,21.644852,22.206966,21.179505
2025,Punchbowl 33_11kV,2024-06-10,MW,20.745338,20.297411,19.64971,18.97642,18.244854,17.449421,19.178773,16.297452,15.735768,15.289344,16.916337,14.900121,14.613904,14.309837,14.9999,14.277796,14.305966,14.588099,14.184039,15.085702,15.190426,15.415142,14.692393,15.846513,16.295086,16.496794,15.661794,17.100626,17.31287,17.560597,17.170944,18.216254,18.327214,18.128948,17.719511,18.079273,19.251242,20.241716,18.395812,18.73622,18.385275,18.421402,18.846966,17.654784,17.7365,17.802732,18.162494,19.260274,19.956572,17.691126,17.242337,18.41108,19.452089,21.299068,18.026804,20.596747,20.905329,19.847977,21.566147,19.94109,20.301712,21.570663,19.925821,22.945844,23.838905,24.770673,22.227395,26.616576,27.868325,28.298189,25.514927,28.41259,29.026745,28.91944,28.355175,28.611072,28.25561,28.13906,28.755579,28.561829,28.559462,28.271954,28.457319,27.46835,26.864518,26.138112,27.896064,24.867871,24.605093,24.177592,25.684594,22.924554,22.351257,21.961391,23.508603,21.12639
2025,Punchbowl 33_11kV,2024-06-11,MW,20.636744,20.215481,19.48714,18.882018,18.05734,17.509417,18.971474,16.47916,15.764798,15.56008,16.956764,15.070863,14.939689,14.905713,15.2687,14.957537,15.21623,15.717704,14.897972,16.539587,17.269433,17.946164,15.978977,19.183503,20.352461,21.558621,18.291518,23.358721,24.770673,24.817337,22.426521,25.262685,24.681217,24.175872,24.845292,22.65812,22.627369,22.76865,23.828368,22.452111,21.615821,20.079575,23.203892,20.948337,21.510236,22.328464,20.597392,23.912448,23.344098,24.10749,22.698332,24.632618,24.271995,21.047685,24.05932,23.930942,24.605738,24.129854,23.14325,24.413277,25.253868,26.421105,24.151358,28.459899,29.440912,30.151619,27.396097,31.486586,32.476847,32.867359,30.614384,32.614686,32.408894,32.195141,32.918542,31.776031,31.492179,31.465514,32.306321,30.871788,30.459126,30.29118,31.312621,28.719883,28.207657,27.383839,29.437042,25.895978,25.676422,24.876473,26.425191,23.524086,22.638336,22.320292,23.718913,21.450885
2025,Punchbowl 33_11kV,2024-06-12,MW,20.830065,20.069684,19.365643,18.585692,17.991967,17.210297,18.791486,16.079831,15.574917,15.299666,16.681514,14.841846,14.654331,14.64659,14.913669,14.722928,14.881844,15.213436,14.614764,16.326912,16.772905,17.527912,15.56266,18.832559,19.644764,20.881889,18.212812,22.471895,23.654401,23.683862,21.701407,23.286682,22.1717,21.087468,23.514624,19.468647,18.928251,18.97685,20.035062,17.789399,17.41824,16.520233,18.167654,16.185201,15.637064,15.519866,16.138536,15.149353,15.306978,15.840922,15.412132,16.255304,15.854254,18.176472,15.643515,21.936447,22.654679,22.620703,20.297626,22.224385,22.474046,23.376999,22.010849,25.234945,26.327993,27.312015,24.526172,29.108459,30.359992,31.044465,28.084655,31.223809,31.056722,30.996726,31.308535,30.994146,30.890066,31.15263,31.260581,31.186822,30.808996,30.714163,31.255849,29.337908,28.880518,28.396032,30.104525,26.95548,26.465618,25.814477,27.559098,24.327476,23.872236,23.389041,24.919695,22.605004
2025,Punchbowl 33_11kV,2024-06-13,MW,22.055363,21.301218,20.603198,20.081081,19.301347,18.626766,20.033557,17.494794,17.134819,16.635925,18.063576,16.132516,15.796624,15.67061,16.341535,15.865221,16.230144,16.605604,15.535135,17.757574,18.30399,19.069532,17.212232,20.02517,21.235631,22.762199,19.64111,24.656702,25.653627,26.082417,23.824282,25.18613,24.331562,23.145186,25.689108,22.248899,22.82026,21.096284,22.644357,20.882104,19.988184,21.687645,20.494817,20.755661,19.396393,19.08308,22.069126,20.196772,19.75078,19.476818,18.197545,20.891566,19.687988,21.845483,19.447142,22.445445,22.449532,22.555761,21.831721,22.624789,23.696118,24.291564,22.491464,26.959135,28.276471,29.352961,25.344185,31.001027,31.729583,32.222884,30.125384,32.130202,32.22525,32.425452,32.173425,32.470611,32.315996,32.400937,32.472975,32.006554,31.642062,31.12446,32.427387,30.258924,29.468867,28.818801,31.055862,27.159767,26.79979,26.027366,28.105513,24.450047,24.183399,23.2998,25.170218,22.532967
2025,Punchbowl 33_11kV,2024-06-14,MW,21.654314,21.338635,20.712653,20.036568,19.270809,18.417531,20.252897,17.249218,16.681298,16.390994,17.651128,15.923282,15.686738,15.474064,16.114668,15.713618,15.925863,16.26025,15.38009,17.359749,17.965517,18.336676,16.727102,19.659818,20.159571,21.694956,19.011471,23.283457,24.367688,25.202688,22.626509,24.900343,24.661002,24.16684,25.169572,23.318937,23.73203,23.421296,23.158518,23.9518,23.9475,23.805358,23.51828,23.609672,22.810368,22.648443,23.343452,24.315219,24.236084,24.522302,23.480432,25.902214,25.935545,26.001132,25.146778,24.994315,25.127856,25.772545,25.663733,24.778844,25.068503,26.09661,25.625027,28.286576,29.608428,30.829425,26.827101,32.19665,32.796177,33.110566,31.739044,32.944774,32.564368,32.315997,33.150352,31.806352,31.437988,31.1522,32.023757,30.749216,30.352682,29.959804,31.207036,28.561829,28.072182,27.744031,29.249311,26.758718,26.591847,26.09532,27.275674,24.916685,24.544236,24.040182,25.254944,23.285822
2025,Punchbowl 33_11kV,2024-06-15,MW,22.481788,21.951498,21.242082,20.229674,19.218125,18.616658,20.583844,17.491999,17.156106,16.627323,17.963582,15.881565,15.585454,15.701576,16.305624,15.571692,15.832965,16.228209,15.574702,17.339321,17.504902,17.889824,16.737423,17.65629,17.862083,17.969173,17.760583,19.479829,19.896147,20.635453,18.768907,22.195354,22.722846,22.891653,21.434112,23.664508,24.141896,24.041473,23.03745,22.970143,22.600274,23.978896,22.930576,25.135381,23.773532,25.003776,25.18097,24.769168,24.330916,24.188344,24.603156,24.785081,24.398653,23.528387,23.896106,24.423384,24.474563,25.107425,23.727299,26.594642,26.320251,26.766675,25.660723,28.861378,29.869272,30.931354,27.721883,31.379713,31.98935,32.362446,31.649803,31.694316,31.308105,30.892433,32.27471,30.272901,30.32279,30.238495,30.571162,29.800244,29.588,29.206733,29.989263,28.095621,27.856282,27.68038,28.620104,27.21955,26.845809,26.489702,27.356529,25.757922,25.633629,25.236665,25.964791,24.380376
2025,Punchbowl 33_11kV,2024-06-16,MW,23.788586,22.998528,22.454908,21.224448,20.384717,19.687988,21.796455,18.308936,17.895414,17.343406,18.799227,16.521739,16.330138,16.459377,16.843653,16.28885,16.198748,16.542598,16.210146,17.418024,17.979064,18.4614,17.039556,19.618314,20.362137,21.468519,18.922875,22.431897,22.377062,21.642916,22.09149,21.93451,22.2532,22.343732,21.631949,22.065685,22.161377,22.414264,22.161162,21.841398,21.220792,20.90834,22.056223,19.48456,19.137055,19.132539,20.071619,18.584188,18.578381,18.396672,18.864384,18.508923,18.51903,18.647624,18.613648,18.484838,18.609992,19.37962,18.688052,20.164516,20.818237,21.493679,19.741748,23.770307,24.923781,26.109512,22.542428,28.690852,29.843466,30.416549,27.368786,30.682553,30.909635,31.09758,30.679327,31.416055,31.019522,30.924903,31.387025,31.285309,31.004468,30.808136,31.008984,29.937439,29.391883,29.03384,30.435042,28.026378,27.600814,26.949458,28.510433,25.557719,24.99668,24.371558,26.016616,23.65268
2025,Punchbowl 33_11kV,2024-06-17,MW,22.873805,21.992571,21.221868,20.313538,19.364137,18.729554,20.713943,17.689836,17.176106,16.867953,18.254961,16.351212,16.074671,15.948012,16.445183,16.219177,16.360243,16.752692,16.0751,18.180126,18.815786,19.249306,17.267497,20.232468,21.146819,22.708654,19.555523,24.391987,25.080546,25.308058,23.618273,25.337518,24.872387,23.697838,25.460522,23.379149,22.576835,22.416414,22.854236,21.878815,22.428457,22.634464,22.327388,22.616402,23.395278,23.683861,22.901976,24.275651,23.201526,24.008141,24.293714,24.933888,25.464607,25.19086,24.710676,23.70773,21.71302,23.181743,24.750459,21.476906,23.35528,24.904214,22.688226,25.958555,26.840218,28.255826,25.617071,30.531595,31.819469,32.233852,29.635522,32.81833,32.743496,32.660706,32.523081,32.530608,32.074506,31.934516,32.67877,32.043756,31.682918,31.285955,32.215143,30.414828,29.479833,28.771062,30.697391,27.945094,27.446201,26.723881,28.321199,25.348486,24.780134,24.561869,25.973177,23.752244
2025,Punchbowl 33_11kV,2024-06-18,MW,22.811444,22.286531,21.533675,20.451379,19.754219,18.94524,20.920382,17.65887,17.323407,16.977838,18.295174,16.368415,16.117463,15.982204,16.671837,16.114238,16.388844,16.682589,15.79985,17.73779,18.429359,19.117916,17.090088,21.008548,22.293842,23.652466,20.112477,26.198109,27.303414,27.773921,25.221182,27.150091,26.387988,25.467833,27.304489,23.633756,23.091426,22.558556,24.290058,21.297777,20.755231,20.298486,21.491313,18.825678,18.488924,18.073682,19.471227,17.663602,17.44426,17.491569,17.773272,17.371147,17.503826,17.658655,17.454152,18.028094,18.915994,18.520966,17.63113,18.11884,20.600188,21.645927,17.857783,23.732245,24.864646,26.080481,22.343516,29.145447,30.532884,31.377561,27.461039,31.940322,31.692166,31.765924,31.641631,31.818824,31.883551,31.722917,31.859252,31.4167,31.09586,31.23413,31.805062,29.894,29.407795,28.617739,30.687499,27.720376,27.027088,26.25703,28.121642,25.017754,24.248341,23.760845,25.45278,23.122606
2025,Punchbowl 33_11kV,2024-06-19,MW,22.531892,22.025688,21.352612,20.567286,19.737232,19.08265,20.696095,17.767251,17.358244,17.062565,18.331085,16.457226,16.243262,16.335944,16.776131,16.36949,16.520233,17.109012,16.275733,17.880146,18.506773,19.24479,17.264272,21.023816,22.234061,23.696763,20.115272,25.733622,26.789254,26.825164,24.930878,26.851399,26.088868,25.142478,27.055044,23.342592,22.969928,22.241158,24.135016,21.587221,21.237135,20.335688,21.522064,19.472088,18.961583,18.5915,19.840451,18.070242,17.981,18.050674,18.30614,18.204427,18.43495,18.802237,18.081208,19.104584,19.607992,19.737446,18.960722,20.315044,21.087898,22.459423,19.691428,25.145918,26.535722,28.045948,23.755039,31.328748,32.699843,33.692468,29.278556,34.345329,34.159319,34.206842,34.099754,34.275441,33.861489,34.61886,34.370703,34.336728,34.301246,33.587528,34.468546,32.807793,31.862478,30.964041,33.207982,29.982598,29.173832,28.399903,30.39526,26.470135,25.715559,25.246771,27.270944,24.535204
2025,Punchbowl 33_11kV,2024-06-20,MW,23.575696,23.015946,22.132563,21.172839,20.502559,19.883674,21.460777,18.817721,18.314312,17.941432,19.295756,17.594788,17.33803,17.22707,17.664031,17.521459,17.539522,17.855417,17.177611,18.870835,19.632937,20.459766,18.19647,21.965262,23.299154,24.61778,20.970916,26.869463,27.993908,28.59645,25.848453,27.985307,27.52168,25.971671,28.497532,24.733687,24.35156,23.616339,25.425039,23.342378,22.372547,22.103101,23.403663,22.913588,22.392975,22.272768,22.013,21.640336,20.303216,20.015708,22.051277,19.78454,19.43037,19.787551,19.798089,20.035922,20.223222,20.260854,19.803465,21.164022,21.676247,23.36259,20.516322,26.424544,27.926171,29.43188,25.145918,32.32847,33.311632,34.062337,31.030703,35.017114,35.278388,35.318169,34.481019,35.284193,34.99389,35.575788,35.333223,35.391069,34.983997,34.721004,35.675782,33.509254,32.600924,31.472825,34.155234,29.700465,28.915354,28.110029,30.379347,26.25445,25.566536,25.059257,26.976554,24.173938
2025,Punchbowl 33_11kV,2024-06-21,MW,23.415277,22.756607,22.089555,21.184451,20.419983,19.571651,21.628508,18.552577,17.884232,17.53092,18.964594,17.051167,16.883221,16.708824,17.163848,16.80129,16.934186,17.261262,16.832256,18.471507,19.239199,19.91593,17.756498,21.245093,22.623714,24.148992,20.410308,26.081127,26.862797,27.006658,25.160326,27.268362,26.910321,26.643026,27.049881,26.969458,26.566902,24.77949,26.618727,22.943478,22.423942,23.421298,24.597351,21.294766,20.619756,21.349171,22.937887,19.137915,19.469507,20.904469,19.711857,21.469379,20.27053,20.355902,19.996571,21.732373,20.981238,21.360138,20.999947,20.241285,20.996291,22.162883,21.235631,25.320315,27.060204,28.25088,23.673324,30.406012,31.721842,32.27729,29.231247,32.192994,32.151492,31.999243,32.217724,31.450891,31.298212,31.115858,31.517554,31.107902,31.077366,31.04124,31.11887,29.99464,29.517466,29.179854,30.395475,28.445492,28.140996,27.812844,28.669993,26.566042,25.985864,25.553419,27.057839,24.333282
2025,Punchbowl 33_11kV,2024-06-22,MW,23.638702,23.11422,22.427596,21.695815,20.656743,19.88991,22.012571,18.698588,18.191524,17.841439,19.212104,17.166213,16.913542,16.772906,17.591562,16.929454,16.899778,16.975473,16.656999,17.508128,17.95154,18.281195,17.110948,19.124798,19.809485,20.682118,18.612142,21.341645,22.001817,22.354914,21.010914,24.759276,25.504604,25.979413,23.069492,27.063215,27.402763,27.552645,26.396161,29.56327,29.577893,29.787557,28.486349,25.824799,26.005864,27.589633,28.876648,30.061947,29.874862,30.263009,29.790997,29.459406,28.781815,28.769557,29.983887,28.394956,29.18996,29.142866,28.319264,29.232323,29.833791,29.961954,28.883098,30.450308,30.847703,31.630664,29.97378,33.135299,33.878047,34.150073,32.221164,33.237658,32.89381,32.52093,33.881917,31.859467,31.517984,31.528949,32.288902,31.241226,30.859316,30.85738,31.235206,29.709927,29.59875,29.251031,30.316986,28.351305,28.044873,27.710485,28.721818,27.075901,26.681518,26.191443,27.202346,25.237739
2025,Punchbowl 33_11kV,2024-06-23,MW,24.318229,23.915029,23.081534,21.929566,20.997582,20.18559,22.472111,19.046093,18.51688,18.097982,19.448003,17.270938,16.979559,16.773336,17.668116,16.647536,16.478086,16.440238,16.629044,17.000202,16.982354,17.172664,16.666676,17.68532,18.104003,18.985666,17.391791,19.811635,20.433746,20.620831,19.375534,20.982529,21.307884,22.349108,20.648141,21.394544,22.230405,22.693602,22.003754,26.735279,27.398461,27.322338,24.933028,26.715065,26.95763,26.972038,25.85899,26.465618,25.678142,26.710978,26.972684,28.244644,27.942298,27.87628,27.970254,27.966383,26.504756,26.330573,27.906386,25.031516,24.020828,24.301671,25.778995,25.535785,26.321756,27.637157,25.111512,29.774009,31.363585,32.032574,28.725044,32.752958,32.609956,32.644577,32.470825,32.831447,32.451042,32.355564,32.986492,32.309975,32.235572,31.973438,32.328899,31.34638,30.941462,30.135921,31.603354,28.695368,28.3341,27.667477,28.97621,26.233591,25.37214,24.822928,26.783662,24.059321
2025,Punchbowl 33_11kV,2024-06-24,MW,23.33399,22.815745,21.955155,20.883395,19.979797,19.314034,21.190472,18.274099,17.813054,17.529416,18.802883,17.017406,16.756777,16.496795,17.11826,16.603669,16.900424,17.212447,16.50088,18.348074,19.215974,19.998076,17.60898,21.463358,22.499205,24.085556,20.673732,26.538948,27.708548,28.132823,25.328272,27.578451,26.844949,25.869098,28.031325,24.234579,24.177163,23.233782,24.613909,22.125896,21.539912,20.607714,22.736179,19.708417,19.51531,19.844967,20.089682,18.992118,18.415596,18.22593,19.6996,19.197266,19.314034,18.935132,18.041211,20.282359,20.185375,19.73121,20.66814,21.623348,23.045192,23.673969,20.067103,25.767814,27.396957,28.820091,24.401234,31.553894,32.882842,33.610967,30.084312,34.335007,34.343824,34.477794,34.08083,34.22168,33.905143,34.022554,34.643375,33.64516,33.538499,32.985201,33.832458,32.060314,31.257355,30.58686,32.523726,29.050184,28.46549,27.708334,29.706056,26.138973,25.462672,24.960339,26.454222,24.05115
2025,Punchbowl 33_11kV,2024-06-25,MW,23.083899,22.436199,21.913006,20.961885,20.169677,19.446068,21.225954,18.287217,17.861008,17.537157,18.877287,17.108797,16.899563,16.662374,17.158687,17.065145,17.181482,17.734779,16.725597,18.826106,19.530364,20.364073,18.157119,21.935154,22.945628,24.614983,20.956078,26.884946,28.308511,28.419256,25.931244,27.618232,26.949244,25.867807,28.075623,24.499292,24.008786,23.229266,24.817552,21.9029,21.349817,20.933284,22.418995,19.525848,19.039642,18.885243,19.908403,18.353449,18.309366,18.446347,18.719232,18.336462,18.309796,18.388716,18.325709,18.889543,18.760735,19.050824,18.940508,19.468861,20.450304,22.028914,19.305002,24.319734,25.94221,27.511358,22.992722,30.25828,31.380358,31.918602,28.94331,32.259872,32.165469,32.319007,32.375347,31.704209,31.592817,31.926774,32.162673,31.312405,30.96791,30.37569,31.624642,29.566066,28.755148,28.202712,30.055066,26.884516,26.191228,25.56245,27.562323,24.145122,23.57677,23.104973,24.646164,22.269973
2025,Punchbowl 33_11kV,2024-06-26,MW,21.643561,21.081878,20.369879,19.700461,19.02932,18.333235,19.815722,17.277819,16.838493,16.418734,17.829612,15.997902,15.761143,15.766733,16.158536,15.934894,16.113378,16.545608,15.716198,17.6593,18.314312,19.00416,16.895908,20.843182,21.622057,23.030355,19.86604,25.457295,26.678293,27.275029,24.16297,26.298962,25.498799,24.24275,26.674423,22.259651,21.679903,21.244017,23.034226,20.120003,19.557888,19.161784,20.927478,17.924875,17.290077,17.262337,18.486559,16.60582,16.499804,16.478085,16.926229,16.688825,16.699792,16.85204,16.430561,17.68446,17.933906,17.965517,17.250079,18.888254,19.254682,20.269886,18.352804,22.947564,24.085556,25.241396,21.730007,27.540388,28.880732,29.317478,26.278964,29.371884,29.29705,29.1605,29.527358,29.358767,29.118997,29.19383,29.280277,28.817296,28.257547,27.704894,29.011262,27.314166,26.943867,26.355732,27.615008,25.660508,25.230644,24.502089,25.979843,23.190345,22.464584,22.169334,23.891805,21.69345
2025,Punchbowl 33_11kV,2024-06-27,MW,20.824905,20.413317,19.780884,19.040072,18.349794,17.517159,19.261993,16.534856,16.31831,15.751034,16.951389,15.37235,15.0771,15.090863,15.600077,15.39794,15.471698,15.867157,15.062907,17.04149,17.766175,18.460109,16.378307,19.75078,20.957369,22.505871,19.194686,24.023624,25.044634,25.370205,23.385386,24.873892,24.061256,23.095297,25.34569,21.136067,20.939305,20.569006,21.888493,19.2478,18.854922,17.722522,19.617024,16.834836,16.446045,16.245627,17.219974,16.138537,16.337449,16.144773,16.291861,16.240252,16.472925,16.785809,16.131871,17.149871,17.52834,17.649408,16.98687,17.823161,18.720738,20.080435,17.695857,22.62952,24.119317,25.142478,21.279714,27.483188,28.836219,29.735086,25.9435,30.242366,30.369884,30.459771,30.238925,30.404291,30.354617,30.780396,30.467298,30.633954,30.554174,30.227744,30.628793,29.267589,28.563334,28.063365,29.896582,26.685174,26.332293,25.58976,27.3933,24.42919,23.753964,23.352699,24.696914,22.726288
2025,Punchbowl 33_11kV,2024-06-28,MW,21.74678,21.20144,20.569867,19.952272,19.214685,18.519675,19.962379,17.523394,16.999342,16.53421,17.923799,16.060048,15.970376,15.983279,16.198748,16.299602,16.564101,16.847309,15.972527,18.135829,18.444411,19.03792,17.33244,20.4045,21.559911,23.339366,19.81056,25.153659,26.344121,26.427557,24.445533,26.346916,25.871248,24.681001,26.521313,22.957026,22.795961,21.66657,23.477422,20.616531,20.206234,19.165655,21.169613,18.248511,17.847675,17.948529,18.680311,18.074543,18.133034,18.074972,18.056694,17.390714,17.668977,18.078413,17.754778,18.294528,18.323774,18.108949,18.189804,18.423552,19.086305,20.497614,18.266573,22.983691,24.378225,25.811682,21.766349,28.216045,29.653587,29.933783,26.846454,30.333543,30.008833,29.94346,30.155274,29.78304,29.608857,29.198132,29.686917,29.300921,28.956426,28.845251,29.331026,27.966813,27.49695,27.041496,28.306574,26.632705,26.788609,26.39272,26.783878,25.244622,24.88357,24.444028,25.493637,23.193569
2025,Punchbowl 33_11kV,2024-06-29,MW,22.671022,22.410179,21.90419,20.810926,20.011408,19.386932,21.427446,18.272594,17.702093,17.289216,18.711921,16.838062,16.418304,16.312289,16.870749,16.206275,16.396801,16.470128,16.198748,16.986655,17.352868,17.907672,16.726026,19.045878,19.603262,20.55718,18.272594,21.479702,21.939026,21.751942,21.099295,24.40532,25.543312,26.470134,23.086479,26.356808,26.516583,26.596793,26.528411,23.230342,22.757468,22.619628,24.893245,20.99285,21.064243,21.036933,20.868772,22.744351,20.675022,18.821376,22.58565,21.245738,22.205461,22.833162,21.149829,23.223245,23.239373,23.014441,22.800476,23.509033,22.802412,22.571674,23.607522,23.854388,25.051945,26.220902,22.798971,27.84295,28.78676,29.081581,26.753772,28.710636,28.720959,28.187659,29.157704,27.644468,27.321692,27.019992,28.053473,26.474435,26.561096,26.58303,26.873979,26.315951,25.974466,25.521163,26.322617,25.162475,24.62036,24.191354,25.192796,23.177441,22.983691,22.366311,23.670744,21.934295
2025,Punchbowl 33_11kV,2024-06-30,MW,21.439918,21.034783,20.344719,19.569931,18.76568,17.971323,19.86432,16.783658,16.355728,15.875329,17.352867,15.168708,14.99818,14.865929,15.412562,14.692822,14.683146,14.67734,14.559714,15.008716,15.190641,15.301601,14.703791,15.815547,16.435938,16.867738,15.534704,17.341041,17.703598,17.87219,17.153956,19.244359,19.88948,20.184945,18.651064,21.490883,22.403513,23.163894,20.534599,22.84757,22.741771,23.895244,23.016377,24.854754,23.849013,24.745083,25.195592,24.632618,24.231783,23.205612,24.335002,25.629543,25.681797,23.591178,23.89546,23.991583,24.985713,25.50697,22.580061,26.31294,26.967952,27.382764,26.037689,28.300124,28.612578,28.978362,27.465555,30.581054,31.621633,32.340942,29.53467,32.474911,32.679845,32.401368,32.492545,31.996877,32.035154,31.807428,32.148266,31.0993,30.914796,30.577613,31.674962,30.201938,29.940019,29.367368,30.177208,27.808114,27.285997,26.807317,28.465061,25.276878,24.859914,24.032655,25.997046,23.143896
2025,Punchbowl 33_11kV,2024-07-01,MW,22.907136,22.287821,21.703773,20.77394,19.782606,19.334892,21.123379,18.000139,17.673708,17.160622,18.582681,17.207286,16.74409,16.346266,16.980419,16.189286,16.370781,16.677858,16.188642,18.100776,18.792346,19.664978,17.191803,21.064458,21.911716,23.171635,20.172042,25.144413,26.429707,27.597589,24.342098,28.275824,27.229441,26.901935,28.129813,24.771103,25.019905,23.419362,25.68911,22.317712,21.738179,20.979088,22.609736,20.222362,20.204298,20.301497,20.735018,20.724265,19.911844,18.858363,19.860234,19.385857,20.001086,19.465421,20.485786,19.928402,20.659538,21.201225,19.466066,22.684569,24.08362,26.04586,21.181656,28.38227,29.612943,31.088118,27.561678,33.548821,34.476933,35.265485,32.347177,35.739433,35.711693,35.689114,35.545897,35.573208,34.978622,34.875833,35.824374,34.392423,33.870521,33.319158,34.808956,32.03709,31.307245,30.228604,32.763925,28.398612,27.694357,26.989025,29.152973,24.80164,24.106845,23.773533,25.913611,23.092716
2025,Punchbowl 33_11kV,2024-07-02,MW,22.665431,21.98956,21.087897,20.440627,19.596381,19.063082,20.554814,17.884448,17.263842,16.813333,18.461614,16.28412,16.062844,15.971236,16.546684,16.170364,16.306483,16.601948,15.963709,17.87649,18.446132,19.203502,17.136324,20.675021,21.383793,22.611242,19.767552,24.456715,25.612339,26.036828,23.777188,26.826886,25.720075,24.624445,26.298102,22.372977,21.802262,21.294122,22.982616,20.327087,19.355536,18.94997,20.665989,19.275756,17.752197,17.651558,18.689342,17.191158,17.745316,19.511009,17.346202,17.903586,17.921865,18.964808,18.282916,18.533438,18.952551,19.069102,19.285432,19.849913,21.915372,23.596124,18.9747,26.165423,27.774352,29.400269,24.577782,31.188972,32.272129,32.939398,30.42386,33.258088,33.458505,33.192714,33.224325,32.960256,32.524586,32.586087,33.170135,32.359865,32.190843,31.576043,32.489534,30.298061,29.715948,29.172756,30.841037,27.895634,27.271373,26.579804,28.46678,24.550686,23.754825,23.351623,25.507184,22.508667
2025,Punchbowl 33_11kV,2024-07-03,MW,22.151486,21.681193,21.050266,19.859375,19.284572,18.759015,20.392458,17.568123,17.158043,16.58625,18.11669,15.989945,15.771895,15.616204,16.112302,15.634268,15.742434,15.998546,15.521803,17.403617,17.984656,18.581177,16.492492,20.05248,21.20832,21.920318,19.069102,23.742996,24.362742,25.056676,22.95208,25.64137,25.422029,24.386182,25.83426,21.491527,21.280574,20.419124,22.721342,20.37375,19.75422,18.482473,19.960013,19.366072,18.378824,17.396952,19.481119,19.307152,21.911072,18.520106,17.748756,22.55103,23.415921,23.000033,21.440133,20.435036,19.582832,21.563781,22.913587,20.713728,22.550169,24.088567,22.547375,27.531572,28.296468,29.188024,26.134241,31.527015,32.695543,33.473127,30.427086,33.43098,33.349263,33.406895,33.487965,33.117021,32.847575,32.68393,33.762141,32.114934,31.794954,31.214778,32.4962,30.18366,29.596816,28.902022,30.847703,27.629845,27.056978,26.383688,28.259482,24.426609,23.674615,23.367107,25.305263,22.489529
2025,Punchbowl 33_11kV,2024-07-04,MW,21.889782,21.344441,20.579972,19.678741,18.996634,18.238618,20.045814,17.205566,16.784517,16.237025,17.541888,15.904358,15.609109,15.402025,15.973601,15.574702,15.815117,16.071014,15.390843,17.09267,17.755639,18.336461,16.389489,19.67487,20.135486,20.945326,19.008891,22.979175,24.016743,24.707882,22.284594,25.257523,24.514129,24.399084,24.954103,22.174925,23.147121,21.039299,24.017388,19.905823,21.192407,20.13054,20.084522,20.50471,21.994507,19.594445,18.102498,18.735145,17.875416,17.348138,20.607929,17.724672,17.845955,17.378673,18.202706,17.783164,18.056479,18.65472,17.63672,19.465206,20.347514,21.925909,18.677084,24.601222,25.974037,27.232881,23.314207,29.357261,30.624062,30.77588,28.193894,31.087043,30.836307,31.02038,30.998447,31.172844,31.314984,31.0907,31.36853,30.345801,30.064958,29.870992,30.780181,28.722248,27.992617,27.583396,29.526068,26.287781,25.852539,25.173013,26.709689,23.316357,22.704354,22.379428,24.067707,21.497335
2025,Punchbowl 33_11kV,2024-07-05,MW,21.029407,20.422563,19.743038,19.046094,18.451508,18.095616,19.200491,16.489483,16.147354,15.933174,17.20664,15.520728,15.099464,15.120323,15.542661,15.046134,15.173868,15.445464,15.014093,16.428196,16.914401,17.442324,15.624377,18.914704,19.204146,20.247521,18.014116,21.726997,22.602639,23.20088,21.063599,24.120821,24.13953,21.946983,23.239804,20.622551,19.910555,19.409725,21.801401,21.20445,20.609864,19.661109,18.845246,18.833848,19.501764,19.720674,18.057339,22.190193,22.945628,22.323733,20.312249,19.070178,18.410005,18.631711,21.237136,19.180493,20.886621,21.376912,19.00158,21.550664,22.326529,23.931587,21.883331,26.169079,27.007734,27.630276,25.087642,28.97234,29.778525,29.972274,28.433664,29.53897,29.535744,29.476608,29.807554,28.723538,28.559462,28.05455,29.143512,27.753708,27.524476,27.22385,27.751774,26.66195,26.370141,25.991454,26.915697,25.325906,25.242041,24.832819,25.459446,23.618704,23.129058,22.594683,24.130284,22.177291
2025,Punchbowl 33_11kV,2024-07-06,MW,21.513031,20.894147,20.152259,19.56692,18.870406,18.046157,19.73293,16.996762,16.584744,16.346051,17.486193,15.837052,15.58309,15.400089,16.130797,15.068068,15.05323,15.270206,15.140537,15.818127,16.221327,16.570768,15.4231,17.461463,17.752627,18.173245,16.974398,18.668698,19.057704,19.679817,18.35646,21.580984,21.615392,21.774736,20.37117,23.280876,23.156583,23.582147,22.875095,23.749233,22.459638,21.232621,24.225332,21.314119,21.627862,21.333904,21.3167,21.546148,22.233201,22.601564,21.051557,21.904405,20.848774,20.509225,22.244813,22.755964,22.315132,21.127465,20.876299,22.269758,23.68042,24.476928,23.401084,25.460951,26.33853,27.459963,24.871526,28.765471,29.597676,29.766267,28.302059,29.615524,29.346724,28.742248,29.533164,28.378828,28.17153,27.996487,28.530432,27.4376,27.296102,27.087084,27.724462,26.52196,25.951242,25.679648,26.620447,25.385688,25.260964,24.938404,25.608039,23.858044,23.37786,23.208193,24.406826,22.382224
2025,Punchbowl 33_11kV,2024-07-07,MW,22.208256,21.571094,20.833935,19.903028,19.269735,18.46957,20.131186,17.289432,16.685598,16.415079,17.832837,15.643732,15.402456,15.268486,16.024996,14.954097,14.911734,15.172362,15.025921,15.566316,16.067574,16.620442,15.23967,17.12127,17.633065,17.782302,16.812042,18.349363,18.889974,19.152108,17.986806,19.641324,19.711428,19.696804,19.319624,21.192407,21.167893,21.134777,20.895007,22.960036,23.889224,22.636186,20.5918,21.87559,20.860816,19.931628,22.822625,21.133917,20.695019,21.389384,22.101382,21.950638,22.344376,23.497636,22.303949,23.292273,24.484884,24.142541,23.287542,23.693968,23.866645,24.691539,24.177163,25.829745,26.254665,26.57959,25.149144,28.499037,29.429516,29.749924,27.376313,29.702831,29.539615,29.445212,29.884109,29.24286,28.926752,28.51452,29.454245,28.370873,28.191099,27.959931,28.411945,27.183852,26.601954,26.244772,27.584257,25.351496,25.141187,24.640144,25.607394,23.356785,22.678118,22.454477,23.834174,21.58249
2025,Punchbowl 33_11kV,2024-07-08,MW,21.253049,20.642336,19.806474,18.997494,18.20077,17.582961,19.243715,16.425401,16.046716,15.489116,16.938916,15.251281,15.000762,14.744648,15.217091,14.80529,14.798623,15.103549,14.696909,15.915756,16.357018,16.941496,15.408261,17.912187,18.626335,19.64627,17.579304,20.20645,20.468153,20.702546,19.850128,21.589156,21.93752,21.982678,21.117574,23.036376,23.124326,22.811874,22.404803,23.186904,22.772092,22.944123,23.203462,22.38115,22.409964,23.226471,22.741556,23.220665,22.321797,22.253415,23.214429,21.290895,21.941391,20.966831,20.444929,20.983388,21.378201,21.291541,21.097145,21.039944,20.959304,22.248039,21.525935,24.732396,25.472779,26.352723,23.800843,27.981221,29.31877,29.822177,27.106222,29.846262,29.977007,30.043024,30.081086,29.730571,29.27748,29.098352,29.797878,29.140932,28.80762,28.388077,29.088892,27.306209,27.169874,26.335949,27.750698,25.107856,24.626166,24.262103,25.780286,22.992937,22.477916,22.002034,23.416996,21.255844
2025,Punchbowl 33_11kV,2024-07-09,MW,20.512881,20.036998,19.271885,18.539459,17.761875,17.01934,18.831484,16.046715,15.48417,15.085487,16.518299,14.672824,14.335856,14.357146,14.819482,14.598206,14.585088,14.872382,14.368113,15.779206,16.230144,16.617216,15.26483,17.724027,18.112821,19.068887,17.09396,20.124519,20.585995,20.570726,19.838085,21.480346,21.825271,22.023967,20.817594,22.631885,22.487808,21.95967,22.463724,22.484797,22.177505,22.250619,22.561352,21.085317,19.26909,18.004654,21.36143,20.529654,19.654011,19.817012,20.474389,19.170601,18.073252,18.563114,18.400328,17.868534,18.62311,18.702244,17.567908,20.82813,21.326377,21.723772,19.901737,21.133918,22.140734,23.106478,21.17843,25.032376,26.672271,27.750267,24.32554,28.171746,28.057343,28.03842,28.169596,27.324704,27.627479,27.47179,27.482543,27.218474,27.046871,26.69055,27.250299,25.936835,25.249782,24.738848,26.137467,24.095877,23.982337,23.429254,24.262533,22.456197,21.93021,21.591952,22.582641,21.080156
2025,Punchbowl 33_11kV,2024-07-10,MW,20.275477,19.739167,19.191246,18.486559,17.722952,17.01074,18.712781,15.949947,15.552768,15.565671,16.441098,14.937324,14.803139,14.694113,15.222682,14.870016,15.026995,15.266119,14.711316,16.252078,16.762153,17.462968,15.647816,18.51602,19.294464,20.223652,18.085294,21.277994,21.870644,21.530666,20.8034,21.791294,21.543998,21.237995,21.60851,20.219781,19.598962,19.252317,20.684699,18.702244,17.933906,17.363191,19.498967,18.19776,18.881802,19.990334,17.914983,16.173159,16.07338,16.373791,17.067294,18.679665,17.290076,16.551415,18.00917,18.531072,17.353084,19.563479,18.269583,20.770284,21.247889,21.328313,19.882599,22.621778,23.533118,24.422308,21.853872,26.366055,27.578665,28.164434,25.497939,28.144006,27.92789,27.794135,28.233246,27.831553,27.562752,27.455233,27.961652,27.682744,27.381903,27.25761,27.981866,26.730548,26.167788,25.583525,26.71958,24.754545,24.566815,23.86471,25.134521,23.062826,22.606725,22.274489,23.272489,21.575394
2025,Punchbowl 33_11kV,2024-07-11,MW,20.628357,20.436972,19.714007,18.974484,18.315173,17.704459,19.072113,16.619151,15.948872,15.53621,17.035255,15.210639,14.935603,14.760991,15.45342,15.089142,15.281818,15.572552,14.904423,16.513997,17.293947,18.009386,15.815332,19.08695,19.715082,20.583845,18.569564,21.699472,21.978164,22.019451,21.246598,22.114929,22.263951,21.625068,21.951068,21.07822,20.50858,20.115702,21.174559,19.270809,18.843095,18.399468,19.515525,17.253949,16.846234,16.713554,17.433938,18.38248,18.032825,17.529846,18.383985,19.229092,19.341129,20.949412,19.981517,21.764413,21.107897,20.996076,21.264662,21.057363,21.673022,22.479637,20.761468,24.409406,25.280102,26.029947,23.282596,27.913051,29.100074,30.098934,26.911611,30.145813,29.937654,30.000661,30.322576,29.804545,29.631652,29.789922,30.114202,29.735302,29.768202,29.338982,29.9426,28.500542,28.045302,27.383624,29.006746,26.180904,25.754911,25.176239,26.716785,24.35543,23.596125,23.30195,24.766587,
2025,Punchbowl 33_11kV,2024-07-13,MW,,,,,,,,,,,,,,,,,,,,,,,,,,,,,,,,,,,,,,,,,,,,,,,,,,,,,,,,,,,,,,,,,,,,,,,,,,,,,,,,,,,,,,,,,,,,,,,,23.427532
2025,Punchbowl 33_11kV,2024-07-14,MW,22.627369,22.177506,21.69087,20.725771,19.890125,19.43209,21.082522,17.973474,17.554576,17.157827,18.572575,16.450776,16.140473,15.93941,16.66216,15.564595,15.635559,15.85447,15.80458,16.391854,16.695921,17.093745,15.978547,17.631345,18.079273,18.736651,17.396736,19.609498,20.129035,20.336334,19.48198,20.498688,20.715448,20.77566,20.223653,20.936295,20.91436,21.028762,20.775229,20.563415,20.144947,19.748844,20.826408,18.891478,18.337967,18.161634,19.478539,17.907887,17.995407,17.896274,18.273239,21.858602,20.355472,18.773852,19.058996,18.797506,19.13125,19.967539,18.663966,19.81271,20.536535,22.452972,19.666914,23.500861,24.436285,25.285049,22.709944,28.010466,29.396183,30.564496,26.506261,31.255849,31.071775,31.182305,30.977588,31.366379,30.852219,30.517403,31.064249,30.681047,30.69008,30.703627,30.740614,29.892281,29.491876,28.806974,30.227959,27.664036,27.092245,26.818929,28.03025,25.787596,25.493637,24.823574,26.148219,23.937394
2025,Punchbowl 33_11kV,2024-07-15,MW,23.094866,22.47039,21.893438,21.039514,20.169677,19.38564,21.363365,18.231092,17.802302,17.327924,18.689557,16.740435,16.436798,16.39422,16.835267,16.658934,16.700437,17.134172,16.441958,18.479463,19.05233,19.856793,17.588122,20.862321,21.679472,22.829507,20.449659,23.498066,23.899546,24.148778,23.295283,24.384247,24.184259,23.763425,24.32941,23.054654,22.546945,22.207396,23.471402,21.682698,21.22832,20.77738,21.882901,19.710782,19.433165,19.238554,20.144087,19.219846,19.355321,19.518751,19.259628,19.4065,19.308658,19.650571,19.131034,20.170967,20.774154,20.983174,19.948832,21.471745,22.199654,23.256791,20.946617,26.052742,27.125361,28.555808,24.672185,31.299933,33.298299,34.338233,29.894862,35.067864,35.224843,35.211511,34.785731,35.029802,34.738638,35.148074,35.465043,34.750894,34.080616,34.112441,35.059693,33.004985,32.555552,31.852801,33.580002,29.701326,29.182864,28.272385,30.742335,27.078483,26.18198,25.656638,27.584471,24.534344
2025,Punchbowl 33_11kV,2024-07-16,MW,23.567309,22.881762,22.191699,21.349172,20.329237,19.772928,21.604854,18.630636,18.243564,17.671772,19.143291,17.08966,16.977624,16.8772,17.207501,16.980634,17.111378,17.60511,16.774411,18.858363,19.287368,19.872062,18.03863,20.31354,20.988979,21.779467,20.206878,23.187548,23.631391,23.730954,22.581781,24.304896,25.088717,25.231074,23.539784,25.15839,25.464607,25.15882,24.256728,25.524173,25.821574,25.526968,24.256943,23.778263,23.499571,23.688377,24.637348,25.092158,25.431491,25.285478,23.436349,25.083557,23.056804,23.034439,25.100114,21.102521,22.939608,22.751447,20.418478,24.230278,24.867225,25.266555,23.834389,25.497078,26.797426,28.239484,24.933888,30.466224,32.039026,33.401304,29.61875,33.900196,33.60043,33.613979,34.037607,33.533769,33.432269,32.980042,33.526887,32.731884,32.111063,31.941397,32.990147,30.745344,30.1585,29.743042,31.326382,28.265932,27.572859,27.105147,28.81579,25.711043,24.940125,24.64509,26.263695,23.593329
2025,Punchbowl 33_11kV,2024-07-17,MW,22.694677,22.091275,21.458627,20.487292,19.59939,19.107809,20.627067,17.822301,17.423401,17.04278,18.390866,16.488838,16.203264,16.20735,16.681728,16.26197,16.34433,16.92838,16.152515,18.214749,18.574295,19.318978,17.358459,19.820882,20.543847,21.773015,19.454239,22.615112,23.116586,22.830152,22.263521,22.887352,22.76349,22.025473,22.698548,21.167892,20.64513,20.157634,21.466798,19.309303,18.735146,18.302269,19.665624,17.567694,17.36104,16.87548,17.852192,16.370565,16.725811,20.065813,16.321106,22.169763,20.10882,19.48284,21.122304,19.29726,18.572575,21.477336,19.365643,21.974724,22.60651,23.146475,21.511095,24.391773,25.080976,26.269502,23.567094,28.402914,29.152542,30.36838,27.327069,29.985824,29.987329,29.568646,30.413109,29.45403,29.341778,29.141577,29.592516,29.182863,28.627631,28.395818,29.048249,27.666832,27.200625,26.546044,27.640167,25.892107,25.621586,25.165701,26.07618,24.024698,23.24518,22.932081,24.488971,22.252125
2025,Punchbowl 33_11kV,2024-07-18,MW,21.321002,20.730717,20.062587,19.183934,18.459464,17.711554,19.475528,16.679148,16.312075,15.851244,17.034179,15.403531,15.138387,15.145053,15.491051,15.42654,15.633193,15.795764,15.1543,16.724736,17.164708,18.054114,16.15703,18.963088,19.72691,20.752651,18.602681,21.662915,22.032998,21.950853,21.454327,21.987196,21.661195,21.340785,21.93021,20.643195,20.4002,20.086672,21.031127,18.94954,18.51946,17.809398,19.335107,16.77398,16.694846,16.292076,17.38706,16.548188,16.41981,16.475505,16.12628,16.721726,16.519588,16.828602,16.671191,17.309214,17.566833,17.993472,17.054822,18.745253,19.303281,19.827978,18.132388,22.007193,23.112501,24.359087,20.80555,27.14751,28.533229,29.726485,25.63535,30.578688,30.71825,31.023821,30.268816,31.669587,31.547444,31.566367,31.49648,31.750871,31.400786,30.870928,31.706789,30.037863,29.360272,28.992768,30.406656,27.532002,27.390936,26.653994,28.030679,25.53514,24.86142,24.37672,25.900923,
2025,Punchbowl 33_11kV,2024-07-20,MW,23.320443,22.503936,21.859677,20.853935,20.201288,19.498538,21.090694,18.14271,17.738434,17.28169,18.801378,16.542382,16.253799,16.357448,16.751186,16.020695,15.96973,16.100475,16.083487,16.714199,17.109013,17.324053,16.406692,17.966808,18.535588,19.200277,17.571349,19.637022,19.800668,20.336764,19.702825,20.682978,20.822108,20.784046,19.984958,19.991194,20.084306,19.720674,20.278057,19.248875,22.828647,21.113273,19.195116,18.335386,17.693491,17.745101,18.502257,17.413724,18.00702,17.845955,17.587046,18.265283,18.269369,18.406134,17.990031,18.92395,18.799872,19.028245,18.59451,20.008612,21.094134,21.784843,19.569715,23.843206,25.200539,26.603029,22.715536,28.723968,30.115492,30.966406,27.513079,31.410034,31.174778,30.626858,31.456912,30.041519,29.777019,29.151253,30.543852,28.62462,28.530862,28.720312,28.91643,28.311522,28.133254,27.965737,28.490435,27.232236,26.927954,26.213376,27.336745,25.116028,24.794757,24.270704,25.679001,23.628166
2025,Punchbowl 33_11kV,2024-07-21,MW,22.92305,22.508453,21.896234,20.979518,20.195912,19.693578,21.345516,18.649775,18.016912,17.429422,19.182428,16.520662,16.199395,16.019404,16.908811,16.063703,15.935539,15.845008,15.872963,16.561736,16.77226,17.151375,16.029727,17.965732,18.395598,19.200922,17.571564,19.469937,19.819592,19.893135,19.526493,20.060866,20.125594,20.384288,19.951412,20.386437,20.383858,20.248382,20.406006,19.634228,19.148022,18.801808,20.038932,18.507632,17.79155,17.691341,18.697944,17.358028,17.054178,16.974398,17.510062,17.495439,17.358889,17.409854,17.176536,17.723597,17.880361,18.027018,17.509632,18.718802,19.231458,19.989259,18.194965,21.379062,22.166753,23.355065,20.488581,25.69384,27.042356,28.17196,24.35371,29.360486,29.61703,29.234473,29.062011,29.265224,29.228452,29.076205,29.285654,29.337908,29.193186,29.160714,28.915568,28.168306,27.515874,27.2789,28.775793,26.589697,26.323047,25.797704,26.823231,24.5952,23.887934,23.409039,25.093663,22.57963
2025,Punchbowl 33_11kV,2024-07-22,MW,21.85258,21.338205,20.674591,19.903243,19.073617,18.423982,20.038933,17.401467,17.069231,16.839783,17.953259,16.18262,15.871028,15.824794,16.536146,15.889091,16.059618,16.366265,15.78071,17.68876,18.140344,18.814064,16.710114,20.014203,20.848558,22.1474,19.380696,23.583222,23.73418,23.792241,23.00713,24.297585,23.554622,23.267543,23.999324,22.65468,22.317282,21.862902,22.969714,20.727491,20.26408,19.855289,21.235416,18.748693,19.086521,18.81342,19.525417,17.375232,17.648549,18.035405,17.890468,19.880449,19.902596,18.913198,19.301776,19.21834,20.709213,21.072415,20.176774,21.661194,22.182882,22.84929,21.094994,22.879181,23.618918,24.899266,22.934016,27.383193,28.802244,29.832715,25.9878,30.866197,30.862756,31.007478,30.350531,31.04253,30.96748,31.049196,31.088119,31.586796,31.696682,31.357779,31.331328,29.647996,28.838584,28.243354,30.377842,26.874624,26.000056,25.553418,27.544474,24.256727,23.560428,22.942618,25.008076,21.951928
2025,Punchbowl 33_11kV,2024-07-23,MW,21.033278,20.771574,20.248597,19.501978,18.708051,18.202491,19.73594,17.362759,16.81914,16.608615,17.693276,16.135742,15.972527,15.89038,16.173588,15.93984,16.152515,16.536791,15.727595,17.906597,18.380544,19.089316,16.933325,20.373105,21.616035,23.031429,19.758951,25.409772,26.341755,26.490348,24.357366,25.114522,24.433276,23.166689,26.015109,21.846989,21.378847,20.61309,22.180946,19.079208,18.386996,18.100778,19.603262,16.935045,16.6413,16.2867,17.595218,16.249498,16.351856,16.169288,16.214446,16.158106,16.258745,16.852685,16.145634,17.25868,17.43867,17.550275,16.946228,17.374157,18.204212,19.467572,17.535868,21.786778,22.711665,23.760846,20.596747,26.01425,27.646618,28.962878,25.010872,29.663263,29.691003,29.508434,29.282857,29.573806,29.682832,30.054851,29.50908,29.989908,29.845402,29.298126,29.785406,28.659671,28.265718,27.38814,28.873852,26.18198,25.342894,24.880344,26.875055,23.510969,23.032289,22.565654,24.104264,21.96311
2025,Punchbowl 33_11kV,2024-07-24,MW,21.116713,20.447939,19.70003,19.251886,18.554082,17.912618,19.329301,16.979129,16.50346,16.20305,17.348782,15.879844,15.629107,15.485891,15.994676,15.685878,15.769099,16.099616,15.470408,17.450281,18.018632,18.917929,16.761078,20.251178,21.760328,23.012291,19.48671,24.651756,25.53643,25.360312,23.955456,25.477725,25.465897,25.008507,25.39773,21.649367,22.689086,21.63754,22.931436,20.971776,20.037642,19.391662,21.254984,17.187933,17.476302,17.5006,18.523976,16.657214,17.581025,16.254014,16.354867,15.993816,16.281968,16.47529,15.949517,16.794409,17.445765,17.140839,15.874683,18.392586,18.7874,19.369514,17.674782,22.219868,23.78536,24.887654,20.373536,26.645607,28.195615,29.092332,25.942426,29.547787,29.145662,29.202003,29.301566,29.32479,29.261354,29.143296,29.377906,29.156628,28.734721,28.582041,29.519401,27.822306,27.245138,26.433578,28.03326,25.467403,25.190431,24.442736,25.829745,23.250555,22.710589,22.325668,23.564729,21.734739
2025,Punchbowl 33_11kV,2024-07-25,MW,20.80512,20.354827,19.632077,19.006526,18.272379,17.57866,19.233177,16.731617,16.398306,16.061123,17.169009,15.470193,15.29429,15.067639,15.570831,15.13129,15.301602,15.633408,15.10355,16.80301,17.287496,18.083574,15.999836,19.48886,20.633088,21.705923,18.671924,23.580426,24.373494,24.200603,22.944124,23.107124,22.559202,21.654313,23.84342,19.995495,19.70562,18.866534,20.88791,18.891909,18.200771,18.795141,18.86847,16.694416,16.067144,17.960571,17.719511,15.014308,16.196383,16.251003,17.00816,16.194663,15.61771,15.324181,15.490406,15.797914,17.847029,17.000847,15.145053,17.608766,18.474087,18.453658,16.639796,20.9378,21.637755,22.551675,19.373599,24.748738,25.61492,26.385624,23.801057,26.85183,26.786458,26.806241,26.962145,26.368851,26.151875,25.845228,26.520883,25.934901,25.762007,25.521163,26.027797,24.161895,23.846431,23.08476,24.80981,22.145034,21.676463,21.341215,22.438995,20.388588,20.056566,19.790776,20.748135,19.174256
2025,Punchbowl 33_11kV,2024-07-26,MW,18.525912,18.206577,17.573929,16.897844,16.240037,15.734263,16.968807,14.8612,14.507674,14.02921,15.287839,14.381446,14.177157,14.011361,13.983406,13.897175,13.984481,14.199307,13.905131,15.258809,15.665664,16.349277,14.429184,17.188362,18.138194,19.295539,16.638075,20.791787,21.923758,22.335561,19.802175,22.992507,22.507376,22.00741,22.622208,18.262918,17.830902,17.638871,21.074135,16.775056,16.423034,16.077035,16.919993,15.247626,14.905068,15.039898,15.444602,15.760712,15.921132,15.884145,15.245691,15.520727,15.693404,15.93296,15.784366,15.841352,15.934249,16.191006,15.832535,16.243478,16.647752,17.808967,16.162836,19.70562,20.905114,21.994076,18.805679,23.795467,24.716053,25.552129,22.906276,25.741149,25.633198,25.724806,26.029947,25.300746,25.292146,25.220966,25.560085,25.308058,25.363324,25.284404,25.302252,24.750029,24.213718,24.097597,24.886579,23.688591,23.472691,23.16497,23.755899,22.465229,22.056008,21.767639,22.652099,21.02102
2025,Punchbowl 33_11kV,2024-07-27,MW,20.443639,20.066458,19.40822,18.777508,18.132603,17.62769,19.02459,16.508836,16.160686,15.758347,17.050092,15.29687,15.113442,14.985278,15.489762,14.931518,14.839911,15.114302,14.922701,15.815547,16.169503,16.600443,15.389768,17.271798,17.788109,18.560963,16.986655,19.664334,20.283864,21.15112,19.050609,23.35872,24.21759,24.760351,22.25277,25.914686,25.892752,25.958339,25.4831,26.805811,26.691841,27.099557,26.477016,27.643823,28.161639,26.506476,27.353088,25.166562,24.980982,24.00212,25.617931,22.33298,21.991711,22.767146,22.860473,19.981088,20.309023,20.40579,20.742544,21.077576,20.74921,21.547223,20.69502,23.330981,23.889869,24.842496,22.644573,26.722162,27.380828,28.152176,25.871678,27.792845,27.490069,27.350938,28.277545,26.852906,26.552709,26.268427,26.930104,26.428201,26.236385,26.221118,26.273158,25.604168,25.319671,25.048289,25.673841,24.874968,24.801638,24.513701,24.866796,23.948575,23.502583,23.361086,24.060611,22.606081
2025,Punchbowl 33_11kV,2024-07-28,MW,22.045471,21.42336,20.846624,20.156774,19.334031,18.832558,20.415898,17.493504,17.009879,16.679148,18.06508,15.934894,15.590616,15.306117,16.083057,14.837114,14.882059,15.120108,15.043984,15.852104,16.282614,16.458302,15.245261,17.165999,17.693276,18.129808,16.633558,18.849332,19.225437,18.862234,18.555588,20.05248,21.63582,22.078802,19.011902,22.970358,22.291908,21.29111,21.071555,20.39805,20.6404,20.337624,20.913716,19.62197,19.221566,19.038998,20.003666,18.729124,18.682676,18.631926,18.825677,18.706114,18.939004,19.08566,18.420757,19.343064,19.783681,20.027966,19.18458,21.259285,21.759899,22.598123,20.525998,24.534774,25.862431,27.028162,23.463444,29.589504,30.846198,32.622429,28.211743,33.985998,33.588818,33.934387,33.357005,34.096958,33.732035,33.56194,34.041047,33.365606,33.180458,33.032295,33.585592,31.847854,31.304878,30.919097,32.47276,29.363066,28.603976,28.036056,29.976576,26.388849,25.505464,24.72573,27.01354,23.843206
2025,Punchbowl 33_11kV,2024-07-29,MW,23.24647,22.469746,21.737534,20.677602,19.83959,19.238769,21.136066,18.076908,17.794131,17.366415,18.558168,16.913542,16.755487,16.488192,17.055037,16.660654,16.93397,17.2518,16.376587,18.619239,18.856212,19.525632,17.453936,21.005753,22.516838,23.78837,20.205804,25.967154,27.217829,28.146156,24.925287,27.697152,26.697861,24.896686,27.959501,22.944768,24.305327,23.795897,23.240878,25.954038,23.64967,21.083168,24.663798,19.621325,19.369943,20.088822,19.974206,22.002679,20.180645,19.868622,20.169677,21.491098,22.60307,23.06261,21.663344,20.479334,20.899738,22.46609,21.664636,22.606725,24.180603,23.446242,22.730588,26.607759,27.562538,28.802887,24.840346,31.279289,32.764141,34.035456,30.018725,34.862284,34.91368,35.117967,34.798634,34.982278,34.790462,34.794118,35.427195,34.672836,34.364253,34.184049,34.590904,32.999823,32.22052,31.626578,33.583012,29.78175,29.042658,28.197765,30.838456,26.416374,25.543312,24.822712,26.943437,23.899976
2025,Punchbowl 33_11kV,2024-07-30,MW,23.159592,22.595973,21.760973,20.827054,20.124949,19.468861,21.092844,18.488708,17.988956,17.49415,18.914919,17.224275,16.833762,16.79828,17.28341,17.325773,17.451787,17.842729,16.863868,19.051898,19.397468,20.132046,18.070026,22.033644,23.01229,25.091514,21.057147,26.832262,27.97606,28.662896,26.159831,27.90058,27.202345,25.592986,28.002294,23.925781,23.675689,23.925781,25.125274,25.191076,24.265544,21.567222,25.420954,21.281003,19.777444,22.65554,20.838882,19.673579,20.189461,20.451379,19.089961,18.886533,18.827828,18.047662,18.16787,18.296464,18.577306,20.948336,17.733059,20.968981,20.467078,21.735599,20.320206,24.35113,26.524109,28.155403,22.779188,30.267741,31.746785,33.319158,29.636598,34.012447,33.704079,33.51635,34.169857,33.502373,33.453559,33.205188,33.682576,33.205187,33.347328,32.961546,33.378294,31.489383,30.514176,30.069689,31.902689,28.797727,28.199055,27.261911,29.581333,25.726095,25.123983,24.409836,26.451856,23.613543
2025,Punchbowl 33_11kV,2024-07-31,MW,22.79123,22.093855,21.507656,20.365149,19.642613,19.11383,20.831356,17.98659,17.505116,17.083638,18.486989,16.44884,16.254874,16.158536,16.677857,16.587756,16.686459,16.835912,16.26025,17.925304,18.641602,19.405855,17.320612,20.82985,22.126326,23.756545,19.941735,25.639865,26.890968,27.493294,24.675626,26.76689,26.12521,24.824432,27.342767,22.177506,23.4342,24.374784,22.656615,21.817744,20.213546,21.759253,23.905782,18.250874,17.995838,19.434241,20.719534,17.405553,17.834558,19.059211,20.136131,22.2575,20.88103,21.181655,19.821742,21.680118,19.845397,21.861182,21.69345,20.475464,20.896297,22.14955,20.770714,25.61578,26.602814,27.092245,24.536064,29.237055,30.887915,32.232561,27.997779,32.76156,32.47104,32.561143,32.519854,32.4719,32.489749,32.339221,32.87037,32.473621,32.017951,32.108267,32.517705,30.918022,29.920666,29.143081,31.526154,27.855207,27.41072,26.770761,28.43947,25.231074,24.527893,24.046848,26.037044,23.202816
2025,Punchbowl 33_11kV,2024-08-01,MW,22.428242,21.731728,21.029406,20.356116,19.648421,19.075554,20.557824,17.810903,17.428347,17.032674,18.387641,16.576143,16.306699,16.301752,16.79484,16.499805,16.72323,16.831611,16.327128,18.199911,18.857072,19.474238,17.22922,20.649,22.075577,23.354635,20.109466,25.048934,26.252729,26.826455,24.257157,26.604533,25.921137,25.260964,26.872258,22.753384,22.989712,21.135422,23.054224,21.813014,21.640766,22.333194,23.433339,20.90748,21.611091,22.065469,22.278359,21.537116,22.361581,23.478067,22.277714,22.483507,24.280382,23.784499,21.460992,23.003474,22.724783,20.898448,23.391191,23.921264,24.430264,24.721645,23.254856,26.729472,27.911762,29.145017,26.050376,30.736743,31.830866,33.019176,30.054637,33.836975,33.748378,33.662577,33.690102,33.388185,33.642364,33.598065,33.530543,33.305825,33.017672,32.753818,33.750743,31.65776,30.981028,30.140652,32.426957,28.603116,28.05971,27.068806,29.058356,25.471919,24.858409,24.339518,26.162628,23.693322
2025,Punchbowl 33_11kV,2024-08-02,MW,22.687581,22.000313,21.224448,20.382997,19.688417,19.150818,20.841892,18.154322,17.780798,17.374158,18.613647,16.904509,16.595282,16.324117,16.967731,16.50346,16.645172,16.889672,16.397446,18.007234,18.30184,19.071467,17.275239,20.614164,21.55432,23.412051,19.667129,24.707667,26.059623,27.118695,24.041687,25.74975,24.664443,23.746438,26.548409,21.924189,21.159506,20.549652,22.409103,20.623626,19.850558,21.991496,20.006246,21.630874,21.337344,19.031255,18.899651,19.682826,19.068027,19.933778,22.102456,17.642312,17.323194,17.795205,17.894338,17.819935,19.005665,18.825031,17.499095,19.35059,19.364137,20.387728,19.544557,22.622638,23.901267,25.100759,21.417768,27.086009,28.478392,29.757021,25.826949,30.381497,29.96991,30.006682,30.636749,29.443707,29.238129,29.43317,29.780459,29.772073,29.545852,29.493382,29.902387,28.246149,27.801877,27.457383,28.818156,27.104932,27.100846,26.554645,27.213743,25.562666,25.041409,24.342958,25.802434,
2025,Punchbowl 33_11kV,2024-08-04,MW,22.722202,22.318788,21.598618,20.862537,20.114842,19.760456,21.12596,18.44312,17.804237,17.358244,19.012118,16.547113,16.375941,16.176814,16.909456,15.837912,15.839201,15.870597,16.060262,16.84903,16.90709,17.211587,16.334224,17.864019,18.299689,18.639667,17.461463,19.73035,20.137852,20.252036,18.927606,20.819314,20.407511,20.287948,20.600403,20.380631,20.206449,19.914641,20.351816,21.576039,21.869999,21.710438,20.302787,22.136003,21.302078,20.112691,22.995088,20.323001,21.23735,20.945757,20.508581,19.704331,20.50815,19.925177,21.004032,22.111058,22.606726,23.27206,21.695386,23.295068,23.420652,23.812455,23.046267,24.861205,25.61449,26.219397,24.036957,28.193035,29.126954,30.017004,26.998058,30.375476,30.319351,30.587075,30.089688,29.955288,29.933138,29.83164,30.299782,29.913569,29.653371,29.311888,29.977221,28.469791,27.949824,27.811769,28.751708,26.490778,26.149509,25.505679,27.210517,24.152218,23.513979,23.03057,24.816477,22.419641
2025,Punchbowl 33_11kV,2024-08-05,MW,21.590016,20.996506,20.336978,19.495526,18.811268,18.210663,19.873137,17.11955,16.640226,16.37035,17.439315,15.869092,15.602012,15.415572,16.01833,15.593841,15.714693,15.999407,15.391918,17.114604,17.584896,18.11755,16.42153,19.503054,20.852214,22.380933,18.829548,23.819551,24.8311,25.597932,23.127552,25.462027,25.037538,25.10119,25.448264,24.801639,24.577137,24.717343,24.902278,23.91933,23.924276,23.962552,24.278876,22.666937,23.052719,23.087984,23.238942,22.699192,22.299433,21.04532,22.753168,20.769208,20.143657,20.261714,20.918876,22.516624,23.293133,23.930726,22.069125,23.877613,23.706655,24.498217,23.911589,26.612491,27.391795,28.649351,25.504604,30.619761,31.490028,32.260946,29.635523,32.52179,32.630171,32.68651,32.907142,32.294707,32.042897,32.025692,32.580496,31.380357,30.959094,30.247957,31.522285,29.275116,28.702679,28.097773,30.087322,26.833121,26.211012,25.740289,27.472436,24.337797,23.594619,23.123036,24.931094,22.420931
2025,Punchbowl 33_11kV,2024-08-06,MW,21.53088,20.939091,20.24666,19.56864,18.684397,18.076909,19.715297,16.85376,16.326052,15.90909,17.541458,15.676631,15.4803,15.5332,15.721575,15.810601,15.873823,16.323472,15.468472,17.209007,17.801871,18.675795,16.52948,20.137206,21.18746,22.34244,19.341343,24.115231,25.086352,25.150648,23.501077,23.892879,22.948424,21.877739,24.611543,19.882169,19.491011,19.178558,20.519977,17.90294,17.653494,18.104648,18.535803,19.455099,18.623754,18.429143,18.245284,20.412887,18.812989,19.304142,20.498903,16.974613,16.879995,17.379319,17.418026,18.893415,20.116347,20.921243,16.939131,18.915564,18.495806,19.575092,20.790282,22.058589,23.252706,24.639283,20.75351,26.597438,27.742096,29.069753,25.511271,30.07356,30.249247,30.406441,29.903894,30.737817,30.733302,30.950709,30.85351,30.746205,30.375905,29.990769,30.809212,29.379411,28.428073,28.11476,29.881959,27.097191,26.506045,25.928449,27.474372,24.460585,23.765146,23.328184,24.80723,
2025,Punchbowl 33_11kV,2024-08-08,MW,21.982034,21.146819,20.416543,20.033342,19.310592,18.778368,20.045599,17.622528,17.072886,16.923002,18.039276,16.351642,16.255734,16.065639,16.589261,16.21122,16.394005,16.685169,16.094454,17.607046,18.379254,19.126949,17.196319,20.69588,21.836883,23.278726,19.763252,25.378806,25.993821,26.249072,24.130068,25.034956,24.32511,23.028849,25.556,20.945326,20.362353,19.610573,21.732588,18.559457,18.121851,17.822731,18.935347,16.468193,15.829954,15.532124,16.924939,15.278592,15.252787,15.237735,15.328482,14.974956,14.991944,14.910444,15.307407,16.076175,16.335084,16.468194,15.564165,16.684953,17.459314,18.615798,16.590767,21.47712,22.345022,23.316358,20.284078,26.051236,27.269653,28.384205,24.486175,28.923095,29.184154,29.26587,28.902882,29.43274,29.21555,29.620685,29.341348,29.581763,29.161789,28.571934,29.641328,27.964661,27.136972,26.79463,28.43388,25.61449,23.947716,22.736394,25.925652,21.615392,22.171699,22.661776,22.272554,
2025,Punchbowl 33_11kV,2024-08-09,MW,,,,,,,,,,,,,,,,,,,,,,,,,,,,,,,,,,,,,,,,,,,,,,,,,,,,,,,,,,,,,,,,,,,,,,,,,,,,,,,,,,,,,,,,,,,,,,,,3.627295
2025,Punchbowl 33_11kV,2024-08-10,MW,20.071189,19.445208,19.104584,18.52161,17.857137,17.388565,18.699449,16.472494,15.867372,15.459656,16.872684,15.065703,14.837115,14.762926,15.173437,14.678415,14.510684,14.785935,14.628742,15.62029,15.941776,16.36863,15.1057,17.029018,17.641236,18.016697,16.524104,18.86331,19.577242,20.133766,18.592144,20.150968,20.481485,20.068178,20.031836,19.535094,19.10867,18.893846,20.216125,18.047232,17.60339,17.304914,18.44226,16.278528,16.624313,19.21318,16.622162,18.023578,18.020352,17.968313,20.138496,16.750111,16.719791,17.888318,17.292658,17.157182,16.505826,16.659794,17.755853,17.423832,17.924444,18.773852,17.290506,20.274831,21.388309,21.333258,19.858514,23.186687,23.948791,24.960123,22.374052,25.747385,25.612986,25.303112,25.899848,24.762071,24.606598,24.450263,24.86099,23.891804,23.762135,23.984487,24.08534,23.571825,23.494841,23.359366,23.757835,23.164755,23.266253,22.823486,23.172066,21.933006,21.873654,21.825485,22.36287,21.031987
2025,Punchbowl 33_11kV,2024-08-11,MW,20.644054,20.366008,19.780024,18.877286,18.11669,17.429638,19.303281,16.229284,15.775549,15.480085,16.793334,14.992589,14.659062,14.59584,15.177523,14.299515,14.261024,14.413701,14.485094,14.97345,15.256658,15.367619,14.533264,15.982633,16.530125,16.833116,15.442668,17.689836,17.980784,18.057769,17.258895,18.155827,18.007235,17.766605,18.06164,17.749402,18.293669,17.842515,17.445766,17.698223,17.309,17.90294,17.731984,19.804754,19.479614,17.907456,18.350009,15.698781,15.422884,15.626528,16.745811,15.730176,16.495502,15.463957,15.77813,15.581369,15.953602,16.058973,15.058606,18.853418,20.060222,19.668203,16.550768,20.409877,20.611584,21.251759,19.614874,23.229911,24.324896,25.327411,22.255996,26.493788,26.495508,26.555075,26.27918,26.698291,26.223914,26.053601,26.648187,26.028442,25.810177,25.832756,25.868667,24.836045,24.53886,24.526172,25.382247,23.401298,23.161959,22.855958,23.714611,21.973432,21.399706,20.943606,22.336635,20.101724
2025,Punchbowl 33_11kV,2024-08-12,MW,19.578532,19.023944,18.596874,17.871544,17.026437,16.20821,18.077123,15.459872,14.99259,14.604012,15.809956,14.319514,14.060175,14.060176,14.248121,14.211563,14.322525,14.88808,13.986417,15.896402,16.292506,16.851395,15.090862,17.959281,19.005451,20.032482,17.199761,21.962251,22.783918,22.325238,21.144238,21.971282,22.36373,21.202946,21.878384,21.403792,20.692224,20.673732,19.755294,23.012291,22.166969,20.448369,21.991496,18.626335,20.456111,20.783401,19.572941,22.272984,22.082028,20.561051,20.795659,20.981239,21.088758,20.455035,20.851354,19.961734,20.566211,21.287885,19.903672,21.510237,21.891932,22.652528,21.248748,24.433491,24.712182,25.596857,23.873527,26.788393,27.853702,28.856433,26.293371,29.341563,29.383281,29.036636,29.280922,28.62462,28.371733,28.023153,28.75988,27.918644,27.800802,27.747472,27.987241,26.352723,25.8048,25.366119,27.01139,23.710526,23.055085,22.500926,24.126628,21.403792,20.907479,20.420629,21.747425,19.555308
2025,Punchbowl 33_11kV,2024-08-13,MW,19.158344,18.760734,18.128302,17.491999,16.734413,16.164557,17.778433,15.206984,14.688092,14.451764,15.739424,14.041037,13.726218,13.59956,14.238014,13.941688,14.092862,14.583799,13.649234,15.449765,15.950592,16.402822,14.75669,17.412649,18.268723,19.432735,16.724522,20.851784,21.90419,22.217718,20.231393,22.445015,22.478346,22.211912,22.111703,21.217782,20.785551,20.302788,21.899029,20.431381,21.31369,21.170474,20.26322,18.539674,19.054695,18.708265,19.679386,19.144581,18.264854,18.822022,18.790626,20.473314,21.085532,20.524493,20.381492,19.780669,19.045018,19.369514,19.899372,19.593155,20.748995,21.785058,19.73035,23.583652,24.042762,24.571761,22.796392,25.247417,25.464607,25.974037,25.034312,26.486048,26.305628,26.311004,26.634855,26.347992,26.04543,25.924362,26.498949,24.982057,24.722933,24.641435,25.399236,23.663647,23.236578,23.000679,24.150928,21.988916,22.059664,21.63668,22.440069,20.329881,19.487571,19.07964,20.99156,18.657946
2025,Punchbowl 33_11kV,2024-08-14,MW,18.08852,17.597368,17.183846,16.522384,15.80114,15.193867,16.711189,14.399938,13.882122,13.675899,14.734755,13.270549,13.003684,12.889498,13.444085,12.960891,13.08841,13.337856,12.899175,14.235863,14.697769,15.176018,13.705359,16.404972,17.486193,18.472797,15.660934,19.388867,19.952487,20.116348,19.009966,20.402566,20.152904,19.479829,20.338268,18.983086,19.578102,19.911844,19.0562,19.575521,19.625841,19.533589,19.744114,20.093553,20.647066,20.692009,19.700674,19.93894,19.803895,19.691428,20.467292,20.308377,20.730286,21.001236,19.817227,21.075211,21.102521,21.328958,20.836086,21.363149,21.437768,22.245458,21.533676,23.886858,24.489186,24.907439,22.946919,25.008722,25.820067,26.778071,25.038184,27.456307,26.872043,26.582384,27.363625,26.109082,25.891246,25.688034,26.262405,25.330423,24.988079,24.674336,25.652122,23.308186,23.086695,22.597049,23.733965,22.268468,21.844194,21.407448,22.357709,20.13097,19.67573,19.526923,20.631368,18.801808
2025,Punchbowl 33_11kV,2024-08-15,MW,18.136044,17.9281,17.209221,16.601733,16.055531,15.360522,16.781506,14.43026,14.042756,13.562358,14.856684,13.013576,12.935947,13.152276,13.340006,13.208186,13.435054,13.727509,13.089485,14.549391,14.910659,15.29515,13.972009,16.238961,17.138043,17.959067,15.738132,19.65014,20.392458,21.13069,19.030394,21.349817,20.976078,20.380846,21.616466,19.907974,19.548642,19.833354,20.136561,20.096564,20.113982,19.954207,19.763682,20.170537,20.204943,19.895286,20.190321,18.200771,19.83959,19.876793,18.563759,20.336764,19.301776,17.860148,20.525353,18.643754,18.81213,18.901372,18.044222,17.914768,18.334741,19.129529,18.53946,20.865976,21.914512,22.720051,19.857439,23.450758,24.317368,25.042915,23.120886,25.634703,26.20585,26.20585,25.758352,25.86286,25.456006,25.274512,26.195098,25.137316,24.94206,24.780565,25.220321,24.172431,23.720632,23.160884,24.638853,22.540278,22.330184,21.821184,22.935521,20.419768,19.802604,19.410586,21.107466,18.930831
2025,Punchbowl 33_11kV,2024-08-16,MW,18.324419,17.936701,17.52619,16.876555,16.277453,15.674696,17.140193,14.774108,14.302956,13.988998,15.193222,13.506233,13.319148,13.3828,13.615688,13.400864,13.642353,13.865779,13.399573,14.990438,15.337513,15.827805,14.323386,17.245563,18.076908,18.630421,16.341965,19.949262,20.66986,21.400996,19.413812,19.403704,19.649066,19.285647,20.217631,16.983429,16.328632,16.055746,17.507912,16.91268,16.423249,14.853458,16.986439,15.815117,17.127291,18.962872,14.941194,16.869674,18.22421,17.525331,17.453937,15.906509,16.633344,17.246424,15.798774,16.331212,16.32046,15.785011,16.768174,16.433787,16.321966,16.914402,15.739853,20.58879,20.927048,21.228104,19.167376,22.508883,22.822411,23.652465,21.925049,24.275651,24.134585,24.08018,24.173291,23.63096,23.116801,22.9538,24.173937,22.270833,22.235997,22.153422,22.528021,22.233631,22.032569,21.590662,22.063534,21.207461,20.840817,20.379127,21.281864,19.658742,19.489937,19.273605,20.176773,18.987172
2025,Punchbowl 33_11kV,2024-08-17,MW,18.270444,17.978205,17.586402,17.013965,16.325622,15.757486,17.177396,14.579712,14.130279,13.755894,15.124838,13.262808,12.992717,13.016156,13.605151,12.73381,12.835093,12.936592,12.868639,13.573756,13.821696,14.176082,13.086045,15.005277,15.565671,15.945646,14.497137,16.185201,16.520018,16.491419,16.108217,17.017406,17.004288,16.88193,16.515287,16.47486,16.644526,16.398735,16.569908,15.731681,16.237886,18.320764,16.294011,16.662804,16.457656,14.433484,16.06994,15.633838,14.83819,16.491634,14.733466,13.410755,17.841655,16.871824,14.948936,15.737487,17.754993,17.779937,14.378436,16.019405,18.749338,19.350805,16.947088,19.978292,19.59036,20.168386,18.262056,21.267456,22.051492,22.857893,20.53417,23.796972,23.37786,22.874666,23.500862,22.569954,22.209977,22.087189,22.797896,22.036225,21.867418,21.771295,22.17213,21.977088,21.82312,21.499269,21.811293,21.240577,21.278208,20.968551,21.190258,20.391168,20.343429,19.610573,20.519118,19.157269
2025,Punchbowl 33_11kV,2024-08-18,MW,18.863524,18.662461,18.129162,17.673063,16.951604,16.303903,17.758863,15.040972,14.523587,14.216725,15.583949,13.649664,13.372907,13.286462,13.950935,13.199155,13.294633,13.439786,13.292698,13.935882,14.277151,14.454559,13.457418,14.802064,15.154514,15.335148,14.394778,16.276809,16.110152,16.12714,15.709532,15.621366,15.61513,15.521157,15.889091,15.577712,16.939132,19.412951,15.369554,20.989625,19.331021,19.072972,20.502129,20.1028,20.610295,19.874212,19.787767,18.604187,20.339128,20.208815,19.895501,18.601821,19.560254,19.943025,18.941798,17.285345,16.36949,16.877414,17.988311,16.728392,17.71736,19.94668,17.053103,21.139938,21.779466,22.487378,20.80082,24.009862,24.646165,25.612124,23.299584,26.544108,26.684314,26.513358,26.256169,26.353798,26.046505,25.951243,26.385408,25.45579,25.167852,25.07818,25.758568,24.151358,23.92277,23.35958,24.550688,22.801982,22.461788,21.803766,22.98197,20.828559,20.597391,20.169032,21.176494,19.43768
2025,Punchbowl 33_11kV,2024-08-19,MW,18.832344,18.477097,17.860578,17.219544,16.482172,15.912745,17.511783,14.766797,14.227692,13.834384,15.167847,13.49505,13.344523,13.273775,13.566873,13.533113,13.686221,14.188984,13.395056,14.951302,15.369984,15.824793,14.330267,16.947947,17.893263,18.763531,16.146278,20.40364,21.15241,21.134992,19.718092,21.037364,20.740823,20.026245,20.918876,17.54748,18.160988,19.115121,19.025234,18.29754,18.38635,17.488559,19.575306,16.1766,15.722005,15.545242,16.702372,15.878553,16.916552,16.878489,15.495783,15.901348,14.827438,15.022049,16.483892,17.744026,17.763164,18.8403,15.592335,19.941736,20.091403,19.978937,19.564985,19.068028,20.815657,21.782692,18.657516,23.551396,24.996034,25.644381,23.11207,27.057408,27.125146,26.849678,26.894837,26.516153,26.421536,26.261545,26.762803,26.345412,26.091879,25.873184,26.277458,25.063342,24.48768,24.174152,25.017323,22.90004,22.588662,22.036655,23.46667,21.093059,20.594382,20.242145,21.479916,19.552083
2025,Punchbowl 33_11kV,2024-08-20,MW,18.9175,18.633001,18.107874,17.546834,16.799785,16.167998,17.649193,15.043123,14.70422,14.176943,15.516642,13.773957,13.702564,13.619343,13.932012,13.908572,13.886424,14.370479,13.677189,15.550188,16.169718,16.590766,14.688737,17.761444,18.755144,19.582188,17.062134,20.895008,21.311324,21.408308,20.47482,19.855073,19.221135,18.154322,21.147249,16.403037,15.728672,15.337943,17.061489,14.890015,14.090066,14.772603,14.600141,13.632246,13.077658,13.636761,14.32532,13.380004,12.083098,11.930849,14.009642,12.507372,12.968633,13.426667,12.216422,13.720842,14.199306,14.265754,13.473332,14.602507,15.488471,16.533135,14.440582,19.761962,19.67745,20.924037,17.589413,22.371901,23.249265,23.981261,21.77022,24.928512,24.82809,24.521011,24.896472,24.190281,23.639562,23.632251,24.494992,23.701064,23.640423,22.759189,23.633326,22.066114,21.652593,20.946831,22.65984,20.554384,20.147957,19.829268,20.633088,18.967818,18.358825,17.890683,19.142216,17.583606
2025,Punchbowl 33_11kV,2024-08-21,MW,17.113958,16.61528,16.336589,15.796838,15.134514,14.500148,15.864362,13.720198,13.352478,13.133353,14.096517,12.775957,12.526724,12.535112,12.835092,12.732733,12.707144,13.058519,12.472535,13.979536,14.465096,14.878618,13.451827,16.265626,16.730972,17.417595,15.513201,18.339472,18.967389,19.742822,18.088735,18.734286,17.644033,17.028588,19.530792,14.717982,14.006631,13.974374,15.437937,13.767936,13.334201,12.987986,13.825568,11.897734,11.701617,12.110408,12.404367,13.836534,11.923108,11.931064,13.84062,12.304804,12.309534,13.134428,12.22481,14.747014,13.654394,14.358436,12.543498,14.361232,15.299666,16.044995,14.40639,18.125292,18.961797,19.657667,16.85075,21.089403,21.926554,22.432113,20.166667,22.71446,22.582211,22.43964,23.141315,21.9072,21.737318,21.633454,22.263737,21.562491,21.244878,20.393964,21.523138,19.945606,19.447144,19.151462,20.297411,18.807614,18.443981,18.131527,18.801593,17.533071,17.007084,16.90666,17.784238,16.610551
2025,Punchbowl 33_11kV,2024-08-22,MW,15.85404,15.592766,15.277517,14.756906,14.269194,13.73396,14.805074,12.842404,12.460278,12.249109,13.06196,11.910421,11.832361,11.674522,12.035574,11.926334,11.979018,12.156857,11.739894,13.001964,13.459139,14.055875,12.474687,14.995385,15.69749,16.45271,14.409616,17.65629,18.624185,19.374459,17.20105,19.077704,18.967819,18.585693,19.101144,18.004224,17.538232,16.72022,18.172171,16.326697,14.586594,14.163825,15.21193,11.267666,11.423355,12.056217,11.772365,11.795589,12.114278,11.893648,11.37196,14.611968,15.000761,15.246766,13.950936,13.108408,13.553542,14.589389,14.099098,16.17961,15.193221,15.989729,16.77097,17.450066,18.182277,19.103079,16.674633,20.88877,22.054934,22.516409,20.048824,23.36044,23.413126,23.155938,23.146906,22.679194,22.368246,22.535762,22.909717,22.448456,22.489099,21.920103,22.635111,21.054566,20.34214,19.977001,21.436692,19.600036,19.326505,19.120497,19.517461,18.16744,17.837138,17.681664,18.400328,17.275453
2025,Punchbowl 33_11kV,2024-08-23,MW,16.516793,16.278743,15.827804,15.469118,14.822708,14.363812,15.548037,13.228401,12.911217,12.666931,13.619774,12.68478,12.480492,12.44587,12.651448,12.567583,12.590593,13.205607,12.411464,13.995879,14.425099,14.941624,13.435914,16.23165,16.821074,17.957991,15.469118,18.587413,18.693427,18.994053,18.504837,18.148516,17.682094,16.475504,18.643968,15.014738,14.78185,15.867588,15.559649,13.79245,13.467956,12.974438,14.015232,14.077379,14.016737,13.912228,12.98175,14.337147,13.76471,13.672889,12.732949,14.893025,15.315149,14.496062,14.18963,17.426412,15.569756,15.042694,16.888597,16.142408,15.718779,16.411638,15.876404,18.082284,18.839439,19.324355,16.918702,20.880814,21.950638,22.295992,20.036567,23.102823,22.829507,22.542644,23.291843,22.002678,21.50185,21.392179,22.145679,21.458842,21.101016,20.691795,21.357773,20.356547,19.869267,20.012483,20.504064,19.686482,19.574448,19.493162,19.716803,19.130604,18.749122,18.467421,19.268874,17.988096
2025,Punchbowl 33_11kV,2024-08-24,MW,17.369642,16.950742,16.520879,16.192512,15.473418,14.989148,16.297021,14.08426,13.578271,13.355274,14.415851,12.994222,12.621128,12.536187,13.060024,12.182446,12.205026,12.370606,12.172554,12.860252,13.14346,13.57311,12.448451,14.228552,14.820127,15.065918,13.762344,15.715983,15.622871,15.980913,15.168922,18.082284,18.823957,19.305861,17.086864,18.961798,17.366415,19.823248,19.308227,21.093274,20.533955,19.24608,20.994785,13.708801,15.097528,13.511609,14.119312,14.411766,14.10899,14.100173,16.755057,14.005341,14.011362,14.012866,14.049208,14.574122,14.788946,15.337943,14.139525,15.968226,16.103916,16.632054,15.546532,18.356029,18.984806,19.583694,17.566618,19.909909,20.192901,20.624916,20.09893,21.258425,21.139938,20.818668,21.346591,20.496967,19.898512,19.551222,20.582339,19.097488,18.875136,18.522256,19.408651,17.937132,17.802087,17.905521,18.124647,17.943799,17.715425,17.750047,18.022073,16.82774,16.380027,16.48002,17.43996,
2025,Punchbowl 33_11kV,2024-08-25,MW,,,,,,,,,,,,,,,,,,,,,,,,,,,,,,,,,,,,,,,,,,,,,,,,,,,,,,,,,,,,,,,,,,,,,,,,,,,,,,,,,,,,,,,,,,,,,,,,15.890811
2025,Punchbowl 33_11kV,2024-08-26,MW,15.605668,15.103334,14.67863,14.401444,13.881908,13.555262,14.496707,12.57511,12.117504,11.889992,12.973579,11.621407,11.45475,11.231324,11.825695,11.372176,11.473459,11.654738,11.245732,12.402217,12.98089,13.19937,11.938806,14.810665,15.180963,15.818988,13.94986,16.004137,16.301324,16.375081,15.869522,15.96414,15.346115,14.277796,16.394435,13.723424,13.573324,12.635105,13.732239,12.103957,11.706562,11.60614,12.225024,11.023381,11.075421,11.088323,11.334113,11.818598,11.835157,11.918807,11.500339,11.918806,12.168254,12.28029,12.04525,12.851866,13.44,13.724499,12.55339,14.13802,14.70336,15.597497,13.796967,17.701017,18.44355,19.312098,16.916122,20.29569,20.776305,21.299927,20.31741,22.356849,22.6564,22.63253,21.941606,21.79495,20.997366,20.660828,22.490389,20.369665,20.41934,20.073985,20.505785,19.637453,19.572942,19.45854,19.845827,18.217974,17.988097,17.373726,18.718372,16.737854,15.927153,15.85318,17.082348,15.482879
2025,Punchbowl 33_11kV,2024-08-27,MW,15.235154,14.979041,14.564875,14.252852,13.779978,13.254636,14.263173,12.550164,12.17363,12.024821,12.697897,11.725486,11.465718,11.352176,11.798814,11.456257,11.696026,11.923108,11.386154,12.68564,13.27184,13.724283,12.220938,15.006136,15.700286,15.977257,14.282957,16.641731,17.142558,16.988375,16.558941,16.550769,15.792753,14.817976,16.677858,13.263882,12.827996,12.629945,14.003405,12.138363,11.610654,11.227024,12.205886,10.758666,10.570291,10.814362,11.04811,11.163587,11.469374,11.5541,10.893926,11.079937,11.378196,11.644846,10.964244,12.614246,12.84563,13.142814,12.11815,13.7288,14.193285,15.403531,13.126256,17.761659,18.672999,19.538535,16.629474,20.261285,21.024246,21.216922,20.391169,22.327604,22.311691,21.998162,21.826345,21.136498,20.945326,20.629432,21.686354,20.194408,20.024094,19.607992,20.296335,19.285862,18.75837,18.795787,19.342203,18.359255,17.752842,17.281475,18.561608,16.698501,15.858555,15.596207,16.918487,15.301387
2025,Punchbowl 33_11kV,2024-08-28,MW,15.239885,14.785076,14.467461,14.105334,13.503652,13.069701,14.200812,12.368026,12.082668,11.794729,12.792514,11.57883,11.332393,11.141653,11.640975,11.307018,11.456472,11.750001,11.138427,12.524574,12.76456,13.03336,11.904399,14.318869,14.963128,15.562229,13.752883,16.684954,17.476516,17.358245,16.295731,15.508685,16.004352,13.84019,16.347771,15.144192,13.327749,12.640052,12.947988,12.515974,11.852144,11.900314,12.344586,12.692951,11.55754,11.892787,11.814728,11.442708,11.861176,12.18051,11.55926,12.534682,12.734454,12.82004,12.214702,15.139032,14.897972,14.715618,14.252421,15.304828,15.992095,16.913111,14.195436,19.336182,19.131679,19.750994,18.170235,20.632228,21.337559,21.630875,19.99786,22.267393,22.161808,21.728288,22.130842,21.254339,21.090264,20.784476,21.470669,19.939799,19.411661,19.226726,20.584274,18.686546,18.248725,18.184643,19.123508,17.415015,17.479741,17.213736,17.727468,16.376156,15.771464,15.438151,16.792689,14.936034
2025,Punchbowl 33_11kV,2024-08-29,MW,14.927002,14.631752,14.292419,13.687511,13.051853,12.921538,13.881262,12.131482,11.640761,11.479265,12.411034,11.193692,11.024241,10.879304,11.376906,11.078861,11.121654,11.4197,10.843607,12.300074,12.678759,13.074003,11.622697,13.927066,14.535414,15.054951,13.441076,16.347126,16.491633,15.861566,16.100906,15.37407,14.572616,13.624074,15.96801,14.120386,13.900616,12.380498,13.824492,11.687209,10.961234,11.060583,12.191693,10.805545,11.092409,11.148964,10.866186,10.99091,11.192187,11.264655,11.026821,11.647642,11.822469,12.109117,11.487867,12.444796,12.688651,13.044972,12.207177,13.663642,14.375639,15.516642,13.165825,17.220403,18.14228,19.083295,16.396155,20.495248,20.93952,21.542063,19.875073,22.263091,22.233846,22.001172,22.021602,22.160733,21.807207,21.409168,21.919242,20.453315,20.123013,20.00087,21.172194,19.058565,18.595585,18.350224,19.69659,17.864234,17.871975,17.751338,18.194966,16.814408,16.280034,16.061768,17.255025,15.584593
2025,Punchbowl 33_11kV,2024-08-30,MW,15.482665,15.011298,14.536918,14.135655,13.504297,13.080023,14.182749,12.276204,11.96934,11.761398,12.661985,11.506576,11.285515,11.207671,11.61345,11.358628,11.520983,11.848274,11.182511,12.717251,12.954655,13.412475,12.135783,14.363167,14.799268,15.268485,13.641492,16.268637,16.083486,16.308419,15.98844,15.832535,14.951086,14.378221,16.374866,13.692887,13.581066,13.471396,14.10813,12.753162,12.335339,12.114924,13.103462,11.938162,12.022672,12.331254,11.961601,13.263452,13.92556,14.090066,12.745206,13.92169,14.213284,14.089421,14.078884,14.689598,14.844212,15.255368,14.554983,15.290204,15.9407,17.032674,15.310417,19.140925,20.094198,20.417188,18.1154,20.907909,21.23047,21.20359,20.884255,21.616036,21.401856,21.04446,21.52357,20.447079,20.010978,19.428864,20.941026,19.146087,18.799442,18.743962,19.238554,17.864663,17.547909,17.601885,18.411079,17.680375,17.651343,17.448562,17.665751,16.504535,16.335728,16.073595,16.984505,15.584164
2025,Punchbowl 33_11kV,2024-08-31,MW,15.214941,14.971945,14.70207,14.258658,13.609881,13.160232,14.392197,12.546938,12.2547,11.912141,12.77144,11.42228,11.152404,11.231754,11.622482,11.053272,11.064023,11.197563,11.116063,11.557325,11.864832,12.17879,11.267236,13.106688,13.326029,13.418926,12.52952,13.040456,12.907776,13.093786,13.244528,13.634181,13.551176,13.568379,13.214853,13.401723,13.102817,12.970138,13.559562,12.860037,12.44372,12.275773,12.8981,11.67022,11.576033,11.819674,12.187177,11.972782,12.207176,12.237926,11.934936,12.059014,12.057293,12.285665,12.331254,12.758539,13.155716,13.749873,12.348888,14.16189,15.039468,15.443957,13.756324,17.137398,17.891543,18.029599,16.530556,18.54634,18.913198,19.543911,18.622464,20.550082,20.455035,20.063018,20.240426,19.092757,18.734716,18.373663,19.525418,18.149376,17.980139,17.777142,18.299904,17.420821,17.31287,17.482967,17.650268,17.230726,16.966441,16.750326,17.411359,16.608614,16.091229,16.055316,16.495504,15.77942
2025,Punchbowl 33_11kV,2024-09-01,MW,15.785872,15.204833,15.000545,14.53649,13.835029,13.390756,14.67476,12.634891,12.17449,11.717744,13.0368,11.305728,11.099504,11.183586,11.463782,11.177564,10.997145,11.23541,11.135631,11.517757,11.868058,11.959665,11.322502,12.363296,12.611666,12.811653,12.17277,13.117224,13.288182,13.056584,13.193564,12.651664,12.60758,12.719402,12.521349,12.833802,13.293772,13.296784,12.797891,13.346027,12.991857,12.79359,13.325814,11.763764,11.797525,11.851285,12.17406,12.102881,12.41942,12.602419,11.954503,12.451461,12.647363,12.750367,12.421141,12.561992,12.856812,13.202811,12.608011,14.0591,14.590894,15.356006,13.622569,16.545824,17.229865,17.939928,15.893822,18.564833,19.288443,19.492516,18.633647,20.491808,20.570942,20.530944,20.090757,20.464927,20.091188,19.604982,20.685989,19.301346,18.886319,18.717081,19.348439,18.30012,17.940573,17.719726,18.425488,17.588122,17.492643,17.237822,17.60554,15.781571,15.504385,15.69663,16.852255,15.138386
2025,Punchbowl 33_11kV,2024-09-02,MW,14.853673,14.54251,14.396283,13.860188,13.285386,12.756603,13.993299,12.01665,11.619041,11.39497,12.236637,11.142513,10.984458,11.063378,11.284654,11.158211,11.261215,11.517327,10.999726,12.383723,12.684135,13.116796,11.698607,14.545091,14.810235,15.014092,13.859544,15.271495,15.631042,15.56051,15.239454,14.987644,14.595195,14.018243,15.326331,12.795095,12.568012,11.974716,13.324093,11.74054,11.700757,11.45389,11.570658,11.197563,11.224227,11.01736,11.460127,11.268526,11.417765,11.594742,11.066603,11.80075,11.90311,11.842038,11.785482,12.028478,12.357274,12.378133,11.902249,13.174641,13.92212,14.990009,12.771441,17.524684,18.187224,18.945024,16.264766,20.196127,20.556319,21.105316,19.544771,22.031064,22.174925,22.228686,21.345516,22.127402,21.788068,21.488732,21.959886,20.80211,20.638249,20.48213,21.309389,19.767337,19.373814,19.361127,20.173978,18.909112,18.572144,18.000783,19.079855,16.998052,16.834191,16.45185,17.352438,16.161331
2025,Punchbowl 33_11kV,2024-09-03,MW,15.726736,15.529329,15.122043,14.770882,14.269194,13.87309,14.800989,13.114644,12.723702,12.480277,13.51677,12.30803,12.103527,11.799029,12.49619,11.887197,11.901819,12.311256,11.813653,13.341297,13.849436,14.468537,12.756173,15.711468,16.210361,16.152301,15.157955,16.201974,16.668826,16.681513,16.315516,16.160901,15.553414,14.607667,16.369274,13.3013,12.507587,12.052562,13.76385,11.617106,11.178425,11.07069,11.784838,10.822318,10.507069,10.646201,10.88253,11.038863,11.304438,11.112622,10.766622,10.808126,10.828554,11.141437,10.97091,11.871283,12.14675,12.720476,11.490017,12.844554,13.742131,14.61498,12.65962,17.25868,18.421616,19.380479,16.264981,20.178923,20.801035,21.491098,20.120218,23.316573,23.355708,23.391622,22.559202,22.686936,22.351688,22.107187,23.158087,21.704204,21.42336,21.458412,21.954938,20.774585,20.53546,20.548362,21.035212,19.935069,19.557028,18.942014,20.086242,18.004439,17.562962,17.354373,18.320978,17.026652
2025,Punchbowl 33_11kV,2024-09-04,MW,16.575499,16.291431,15.967365,15.437937,14.937754,14.374134,15.648677,13.466235,13.040456,12.805632,13.928786,12.650588,12.20481,12.282655,12.802407,12.591022,12.785634,13.105398,12.309535,14.115441,14.638848,15.086991,13.418926,16.602808,17.125571,17.518879,15.576424,18.106153,18.41194,17.976484,17.904016,17.311366,16.576144,16.372932,17.548554,14.393272,13.967063,13.380649,15.072154,12.182877,11.842467,11.750216,12.431032,11.290031,10.983382,11.039294,11.5541,11.051551,11.411743,11.597536,10.843392,11.837092,11.41798,11.840532,11.762689,12.040735,12.546294,13.22539,12.079872,13.821911,15.553628,15.389123,13.43785,17.075897,18.133678,19.088241,16.076391,20.710717,21.04747,21.392179,20.048178,22.707149,22.65812,22.711664,22.172344,22.322228,21.869139,21.385084,22.543074,20.883395,20.919091,20.588791,21.12037,20.004742,19.711426,19.819807,20.2415,19.306936,19.195546,18.693427,19.41037,17.456088,17.022352,16.932466,17.939067,16.450991
2025,Punchbowl 33_11kV,2024-09-05,MW,16.207565,15.912745,15.6104,15.252143,14.555198,13.86879,15.151288,13.173566,12.880036,12.700262,13.460859,12.333189,12.203735,12.150835,12.566938,12.245884,12.375767,12.615536,12.108042,13.454192,14.064261,14.751744,13.008629,15.910595,16.140042,16.243476,15.125269,16.873329,17.593068,17.556511,16.628184,18.268508,17.854556,17.545544,18.316032,17.55049,17.614572,16.957839,16.674202,15.817053,13.653319,11.728712,17.159548,12.398777,14.127268,13.856318,10.946181,16.417659,17.185352,16.897414,14.721424,15.191071,14.814321,12.529091,15.567607,12.689296,14.989363,14.829589,12.270613,14.141246,15.026135,15.728026,13.786,18.576446,19.739597,20.77351,17.816064,20.763403,21.118648,21.622918,20.77652,22.775962,23.342377,23.365816,22.218793,22.409964,21.981604,21.582275,22.946488,21.086393,20.955433,20.728136,21.471529,19.742178,19.506279,19.401985,20.109466,18.396888,18.03777,17.55307,18.940508,16.995042,16.15531,16.031233,16.948378,16.064349
2025,Punchbowl 33_11kV,2024-09-06,MW,15.552983,15.273,14.765506,14.291774,13.639772,13.137439,14.371554,12.230185,11.983104,11.789138,12.593388,11.45045,11.26315,11.347876,11.747421,11.342715,11.491523,11.863112,11.28788,12.693381,13.064326,13.413551,12.190618,14.630676,14.935388,15.289128,14.033295,15.929518,16.271862,16.179824,16.07166,15.414498,14.832169,14.322739,15.77813,13.51892,12.975299,12.638116,13.726864,12.430602,12.099656,11.918377,12.272548,12.082237,12.001382,12.565862,12.022027,13.670308,14.045123,13.962118,12.909926,14.05566,14.06297,13.912228,14.014157,14.748734,14.823353,15.24354,14.282311,15.640935,15.917691,17.072026,15.498363,19.396178,20.118283,20.88275,18.348072,21.227244,21.330248,21.269391,21.424436,22.026548,21.939242,21.746351,21.560556,20.837376,20.517182,20.066243,21.699256,19.29855,19.133614,18.83944,19.640678,18.30227,18.271304,18.194965,18.597734,17.921649,17.76381,17.28427,17.844665,16.901929,16.302182,16.200684,16.917842,15.88608
2025,Punchbowl 33_11kV,2024-09-07,MW,15.491481,15.206984,14.754324,14.386606,13.859544,13.378929,14.391338,12.324803,11.90182,11.686994,12.81918,11.445289,11.232184,11.166382,11.441848,11.158426,11.084882,11.163586,11.110256,11.871929,12.002243,12.280504,11.477974,12.610806,12.95229,13.129268,12.544359,13.409249,13.080453,12.96046,13.345167,15.278592,13.666867,14.365532,12.921968,14.672394,15.523308,16.23466,14.372844,14.873456,12.871004,13.126042,15.123334,14.472407,12.080948,12.999384,13.534189,13.021962,13.483438,16.648397,12.712951,18.665687,18.729338,18.540105,17.738435,18.448497,17.450496,17.790044,18.532792,17.974549,17.747897,17.972399,17.915628,19.266939,19.689709,19.655732,18.179051,18.968249,19.257693,19.67401,19.443917,20.420198,20.423209,20.037643,19.919801,19.306291,18.998569,18.695578,19.633582,18.149591,18.063576,17.963366,18.569565,17.593068,17.09697,17.303194,17.728758,17.570918,17.408994,16.997407,17.369856,16.492278,16.399811,16.236596,16.469484,15.793183
2025,Punchbowl 33_11kV,2024-09-08,MW,15.366974,15.068282,14.6696,14.270914,13.659126,13.070776,14.420368,12.224379,11.868488,11.582915,12.613386,11.279064,11.042734,11.015639,11.374756,10.918441,10.960589,11.021015,10.982522,11.507006,11.466793,11.836662,11.214551,12.310179,12.469094,12.2833,12.189327,13.206681,13.457633,13.755679,12.648654,14.363167,15.012158,15.983494,13.806643,17.28513,18.202707,18.696868,16.47959,18.532793,18.701599,18.799442,18.515374,18.779658,18.537094,18.393018,18.682676,19.390802,18.735575,19.481119,17.690481,17.411144,17.251585,17.69091,18.649129,16.078541,15.948658,17.305559,15.586529,14.722928,15.049575,14.905927,17.353728,17.189007,17.568768,17.653924,15.894896,18.569134,19.320268,19.769918,18.176041,21.15757,21.814303,21.666786,20.545352,21.232835,20.437188,20.353967,21.457766,19.83572,19.604766,19.628636,20.18172,19.029964,18.985236,18.699449,19.388007,18.513869,18.234747,17.788754,18.465484,17.295883,16.567757,16.41809,17.369642,16.154236
2025,Punchbowl 33_11kV,2024-09-09,MW,15.895972,15.305472,14.951087,14.561219,13.859543,13.482363,14.494772,12.609946,12.289106,11.900529,13.004974,11.705917,11.438838,11.386582,11.798815,11.552164,11.696026,12.135997,11.451095,13.184963,13.563002,13.902982,12.469525,14.800558,15.217521,15.821138,14.151568,16.745379,16.933539,16.435938,16.734199,16.255519,16.140903,14.849372,16.137032,14.81174,13.51806,13.729443,14.62358,12.079442,12.675103,12.535972,12.780688,11.082302,11.141438,11.087677,11.355187,11.295837,11.52679,11.972352,11.434752,12.006114,11.941386,12.250399,12.087398,12.674888,12.988631,13.52107,12.456622,13.873736,14.561218,15.575132,13.689017,17.733705,18.691922,19.288013,16.721726,20.15355,20.512881,21.244232,19.854214,22.272553,22.750802,22.563932,21.560341,22.189548,21.435832,21.001882,22.395986,20.470304,20.26365,19.812496,20.733942,19.176407,19.073833,18.908467,19.409726,18.32958,17.970462,17.382544,18.582252,16.79484,16.17703,15.99317,16.840428,15.69577
2025,Punchbowl 33_11kV,2024-09-10,MW,15.500084,14.989148,14.634978,14.157804,13.755464,13.27786,14.27113,12.877886,12.601559,12.259431,12.926484,11.895368,11.516898,11.345941,11.921388,11.491307,11.71925,12.080087,11.45174,13.053359,13.532897,13.947925,12.353188,14.798408,15.248056,15.741574,14.321234,16.566898,16.103485,16.0708,16.577219,16.781506,14.929151,14.16189,15.984569,14.640569,13.216143,12.63231,15.501589,12.03278,12.340716,12.774881,12.345232,13.538274,13.409465,14.395423,13.03852,13.014866,13.484728,13.661922,14.528533,13.987922,13.521286,13.097871,13.52107,11.88311,12.644783,12.722626,12.499845,13.383015,14.505093,16.353792,13.014866,18.388716,19.060931,19.760886,17.724672,20.390738,20.864902,20.810066,20.189031,22.061814,22.270618,22.339216,21.557976,21.621412,21.310034,21.065964,22.273844,20.525568,20.29311,19.925822,20.866406,19.448648,19.042868,18.692568,19.710352,18.187223,17.916703,17.701878,18.023577,16.453786,16.142838,16.173374,17.235241,15.718994
2025,Punchbowl 33_11kV,2024-09-11,MW,15.308914,15.123978,14.555413,14.204683,13.534187,13.151631,14.330266,12.356629,12.183952,11.904614,12.790149,11.754301,11.480556,11.515178,11.538402,11.652587,11.770214,12.048262,11.492597,13.001103,13.288397,14.250056,12.590592,14.806149,15.254507,15.469547,14.688093,15.674696,15.794043,15.718779,15.580078,15.431916,14.451118,15.172577,16.221327,12.596398,12.166749,12.20094,13.193134,11.44615,10.996716,11.319491,11.715595,11.146599,11.390668,13.304311,10.807695,13.046477,12.064819,12.000308,13.081314,12.599409,12.583711,13.336996,12.28287,12.991426,13.092065,14.531543,12.344156,14.292419,16.648397,16.758713,15.32074,19.887544,19.877438,19.687772,18.011321,20.291174,20.748994,21.270897,20.229888,22.655754,22.44179,22.303949,22.089339,21.09306,20.884256,20.272682,21.647862,20.291175,19.898942,19.801743,20.063448,18.887178,18.57064,18.237542,19.18974,17.458024,17.359965,17.063854,17.627044,16.597863,16.245197,16.040264,16.80344,15.50718
2025,Punchbowl 33_11kV,2024-09-12,MW,15.096239,14.647234,14.29887,14.050714,13.372693,12.851651,14.119312,12.163308,11.723981,11.606569,12.458128,11.285084,11.26358,11.133266,11.466148,11.556895,11.58571,11.736884,11.140147,12.614677,12.868638,13.407314,12.09729,14.375639,14.778624,15.295366,13.958462,15.880704,16.587972,16.926014,15.717488,16.690545,16.404326,16.653989,17.157182,13.60343,12.162447,12.705853,16.225413,13.737185,12.757248,13.00863,13.122386,13.78729,14.279517,15.34246,13.044541,13.987492,13.134214,12.685855,15.817268,12.643922,11.831716,11.552594,13.117655,13.014866,14.684006,14.129634,11.685488,13.73998,16.400456,16.52776,13.216143,19.171247,18.496881,19.722179,18.364202,21.583995,22.09364,22.421146,21.342075,23.242168,23.260877,23.19228,22.932726,23.240878,23.048203,22.590598,23.456564,21.860752,21.481422,21.168108,22.023752,20.321065,19.785185,19.358117,20.824259,19.237479,19.131678,18.6816,19.098132,17.447486,16.801721,16.72022,18.220985,16.606464
2025,Punchbowl 33_11kV,2024-09-13,MW,15.963064,15.575347,15.147848,14.868941,14.291558,13.750733,14.875822,12.907776,12.478126,12.379423,13.130773,12.165243,11.913647,11.880746,12.318566,12.127826,12.285881,12.510383,11.964181,13.622354,13.846642,14.346824,13.026694,14.990869,15.763077,16.324546,14.878833,16.184125,17.334376,17.063638,16.103702,16.333578,16.37207,14.614549,15.991019,14.318438,13.191198,12.959816,15.28784,12.414904,12.945194,13.14561,12.22868,12.514468,11.562271,12.398776,13.104108,13.919539,12.638977,15.064413,13.62601,13.372692,12.273409,12.468449,14.667879,13.19335,12.702413,13.003254,12.953795,13.016156,13.727724,14.60014,13.020242,17.007084,18.063791,18.820517,15.774475,19.984314,20.50944,20.713083,19.51316,22.118584,22.214924,22.237071,21.349817,21.635604,21.50142,20.77566,22.116434,20.389662,20.18645,19.871416,20.589219,19.663904,19.554233,19.170601,19.806475,19.557674,19.217049,19.00244,19.124153,18.116044,17.764025,17.860362,18.866965,17.316742
2025,Punchbowl 33_11kV,2024-09-14,MW,16.967946,16.595068,16.051446,15.755766,15.218165,14.603797,15.763723,13.618053,13.372478,13.015941,14.124688,12.717896,12.541993,12.363511,12.861542,12.317276,12.457913,12.808643,12.265882,13.453118,13.544939,13.932657,12.861972,14.098238,14.67476,14.700995,14.08684,14.399939,14.192424,13.980181,14.422088,14.265324,14.331772,14.238874,14.150708,14.198661,13.89008,13.648374,14.260592,13.264743,12.812298,12.555326,13.62644,12.155996,12.065895,11.993641,12.318566,12.134492,12.680909,12.50092,12.239432,12.848856,12.868854,12.79101,12.679188,13.135073,13.46645,13.883198,13.058734,14.547241,14.935604,16.044565,13.951795,17.993902,17.656504,18.03562,17.038479,18.38377,18.674935,19.504988,18.664612,21.107037,21.442284,21.158216,20.307733,20.34644,20.411382,19.945176,20.748134,19.568424,19.466067,19.276186,19.703255,19.2435,19.310377,19.562404,19.423488,19.558533,19.350374,19.190599,19.291239,18.893414,18.27797,18.057984,18.797506,17.716716
2025,Punchbowl 33_11kV,2024-09-15,MW,17.30642,16.972248,16.556145,16.112518,15.532985,15.005706,16.269067,14.004695,13.769441,13.425376,14.45671,13.219584,13.09056,12.887993,13.060884,12.732089,12.688866,12.87423,12.68779,13.149266,13.290118,13.686436,12.880896,13.638697,13.84535,13.960612,13.580851,13.964698,13.972009,13.78514,14.226616,13.203026,13.240443,13.527736,13.264957,14.178448,14.494126,14.784861,13.719337,16.064562,14.452193,14.21823,14.744218,15.044844,14.634978,13.502577,15.293645,14.755615,14.216294,13.532468,13.78256,14.276076,13.231196,15.354932,13.78686,13.018091,14.665298,14.993879,16.274656,14.708307,15.045489,15.972311,14.878402,17.879501,18.657301,18.939003,17.01375,20.355686,20.978443,21.542922,19.653152,23.677624,24.475852,24.634768,22.323732,24.749384,24.514345,24.145336,24.65584,23.774823,23.693752,23.335711,23.878902,22.979605,22.201805,22.092994,23.155077,21.646572,21.422931,21.3367,21.663775,19.543481,18.982227,18.890834,20.631368,18.49086
2025,Punchbowl 33_11kV,2024-09-16,MW,17.953045,17.522534,16.987301,16.330139,15.720929,15.358372,16.504966,14.671104,14.355855,14.018243,14.829803,13.671384,13.524296,13.556552,13.710735,13.596335,13.92427,14.077809,13.496986,15.20892,15.67233,16.333794,14.537779,17.106002,17.590917,18.270874,16.610334,18.625904,18.865674,18.867395,18.762455,17.68489,16.715275,16.140042,18.263348,15.10269,14.586378,13.983192,15.495998,12.945194,12.639836,12.367811,13.328395,12.248894,11.972997,12.278784,12.52049,13.709876,12.0388,11.821609,12.648223,12.046755,11.789784,11.848058,12.049767,12.369961,12.564572,12.895303,11.9859,13.560638,14.041897,15.231283,13.294418,17.813269,18.902016,19.86002,16.629473,20.796304,22.073426,23.133358,20.544277,24.957327,25.306123,25.434932,23.838475,24.448973,24.166196,23.993088,25.304833,23.474842,22.980251,22.744996,23.618274,22.841979,22.351688,22.002463,22.602854,21.410888,20.756306,20.072048,21.603134,19.106734,18.376674,18.059918,19.415962,17.651559
2025,Punchbowl 33_11kV,2024-09-17,MW,17.540813,17.054178,16.651838,16.157031,15.575133,15.114947,16.321752,14.231347,13.820621,13.503652,14.629172,13.131202,13.025833,12.985191,13.394842,13.340651,13.54795,14.019748,13.139159,15.013879,15.522878,15.806515,14.45499,16.486902,17.141914,17.757358,16.017686,18.116045,18.023148,17.816924,18.360115,17.06837,16.031447,15.124838,17.483828,13.809868,13.623429,13.075078,14.35134,11.937731,11.840532,11.483566,12.413614,11.034347,10.946182,11.045744,11.273472,11.387444,11.513027,11.568722,11.030907,11.324006,11.275192,11.399055,11.489372,12.032778,12.588442,12.843694,11.647641,13.158729,13.843416,14.978612,13.054648,17.640806,18.392802,19.346934,16.403252,20.399986,20.851569,21.502925,20.188816,23.030784,23.572684,23.897826,22.162453,23.301089,22.670807,22.229331,23.477422,22.068265,21.735383,21.561846,22.242232,21.055426,20.847483,20.798024,21.191977,19.978506,19.820022,19.252102,20.193761,18.534728,17.909392,17.616078,18.682675,16.981924
2025,Punchbowl 33_11kV,2024-09-18,MW,16.753552,16.397876,16.084132,15.74781,15.093228,14.557133,15.945861,13.615473,13.356995,13.113354,13.954376,12.700693,12.578334,12.703918,12.889928,12.908636,13.281301,13.614182,12.712735,14.492406,15.134516,15.858125,14.016308,16.240465,16.61012,16.979774,16.077682,17.428562,17.450281,17.333085,17.148796,16.488623,15.659857,14.680996,16.824945,13.366456,12.724347,12.239433,13.78514,11.554314,11.302503,11.144233,11.896873,10.329232,10.437612,10.64491,10.485566,10.937364,10.991984,11.397766,10.684263,11.303578,11.544638,11.641835,11.252398,12.179435,12.407809,12.617042,11.863112,13.260872,14.044908,15.363748,12.688006,17.191588,18.283777,18.86847,16.456581,19.776798,20.659323,21.282938,19.215544,22.674033,23.026484,22.991217,21.913436,21.984615,21.583565,21.145959,22.777898,20.848774,20.708998,20.3516,20.942962,19.99356,19.719599,19.640894,20.186665,18.369792,18.122711,17.953905,18.900726,17.38491,16.665385,16.310784,17.514792,16.018545
2025,Punchbowl 33_11kV,2024-09-19,MW,15.767379,15.34375,14.919476,14.614763,14.041897,13.748368,14.65089,12.834448,12.587367,12.315341,13.272054,12.086754,11.862897,11.813222,12.123095,12.045896,12.167178,12.494684,11.870424,13.379789,13.767506,14.137375,12.778967,14.669814,15.155805,15.639645,14.271559,16.051661,15.925431,15.662439,16.208855,14.850234,14.135009,13.538703,15.183544,12.564788,12.064174,11.717099,13.245819,11.312609,10.868122,10.687272,11.144233,10.556313,10.605773,10.21182,10.646631,11.298632,11.202294,11.429806,10.562336,11.462277,11.23584,12.031058,11.456902,11.946763,12.251904,12.529091,11.868918,13.935667,14.1406,15.465892,13.250981,17.754778,18.178191,19.293174,16.682373,20.005387,20.637174,21.347022,19.575737,22.264382,22.980896,22.84327,21.985474,22.431897,21.691084,21.429812,22.57232,21.090694,20.61051,20.02646,21.185526,19.514451,19.400264,18.918145,19.616164,18.25023,18.12013,17.585541,18.602036,16.822364,16.296162,16.073595,16.970312,15.510405
2025,Punchbowl 33_11kV,2024-09-20,MW,15.223542,15.073875,14.859478,14.414561,13.746862,13.332696,14.524877,12.492534,12.111483,11.884401,12.880036,11.674736,11.53109,11.330888,11.71796,11.494102,11.574098,11.970846,11.484426,12.847995,13.33248,13.934378,12.398347,14.341663,14.51649,14.72723,14.200381,15.067423,15.093442,15.051725,15.112152,14.770023,14.201672,13.552681,14.768732,12.415765,11.749786,11.434107,12.544574,11.438193,11.019295,10.761246,11.26315,10.610289,11.038433,11.146168,10.612225,11.756452,11.988264,11.949773,11.250248,11.975578,11.98633,12.540058,11.881606,13.020672,13.062174,13.186038,12.68951,13.89438,14.316288,15.312999,13.206036,17.30857,17.729617,18.436026,16.197458,19.134474,19.86475,20.721685,19.02545,21.658184,21.794304,21.01844,21.105531,20.127314,19.835504,19.719383,20.608143,19.034482,18.674719,18.533652,19.319409,18.090025,18.005944,17.653064,18.322913,17.555866,17.321042,16.997622,17.537802,17.041275,16.781936,16.47701,16.727532,16.138536
2025,Punchbowl 33_11kV,2024-09-21,MW,15.567821,15.289559,14.870876,14.769378,14.098023,13.607946,14.658846,12.783054,12.443934,12.110838,13.264743,11.742474,11.620117,11.55539,11.967192,11.691724,11.711939,11.856876,11.603774,12.337706,12.636181,12.700908,11.913861,13.017446,13.258937,13.155717,13.069486,12.767786,12.9596,12.993578,12.918313,12.842618,13.185609,13.27958,12.901755,13.180232,12.82219,12.553606,13.146041,12.79015,12.314696,12.170404,12.255129,11.726347,11.867843,11.85107,12.098581,12.12202,12.314911,12.28416,12.106967,12.01321,12.122666,12.15191,11.903109,12.695101,13.293342,13.708155,12.291687,14.545736,15.068498,15.471698,14.03179,16.307559,16.870964,17.46598,15.943496,18.402693,19.024158,19.691212,18.209372,20.444069,20.410522,20.051836,19.768198,19.318334,18.990398,18.672784,19.693794,18.765681,18.38506,17.87047,18.705685,17.706609,17.511353,17.075037,17.851331,17.124926,17.159332,17.195459,16.808603,16.997622,16.715705,16.595927,16.887522,16.164557
2025,Punchbowl 33_11kV,2024-09-22,MW,15.599647,15.367403,14.954742,14.651321,14.093937,13.676759,14.693038,12.87423,12.304158,12.130407,13.097656,11.666995,11.516682,11.359058,11.85838,11.298632,11.31261,11.535392,11.276483,12.020951,12.074712,12.567584,11.650868,12.400927,12.034929,11.675812,12.252979,11.242936,11.130256,11.559906,11.50163,11.064884,11.388089,11.891712,11.599257,13.806428,14.381446,14.257798,12.648868,12.938527,12.425872,11.996006,11.850639,14.21866,15.062262,17.102992,11.7986,13.907713,12.441569,10.933494,16.992676,11.476685,11.866983,11.739894,11.259494,12.223518,12.494255,12.978954,12.076862,14.145976,14.357576,14.94614,13.353555,16.353147,16.613346,17.288142,15.609324,18.173461,18.836644,19.314032,17.893909,20.634594,21.017365,20.981883,19.949476,20.66599,20.097853,19.987323,21.036719,19.652291,19.477249,18.925026,19.963884,18.57365,18.171525,17.948529,18.664182,17.437379,17.344268,17.092455,17.678654,16.579154,16.263046,16.110797,16.63184,15.711898
2025,Punchbowl 33_11kV,2024-09-23,MW,15.087207,14.793462,14.387251,14.180168,13.372693,12.926485,14.098453,12.294698,11.814943,11.554744,12.401786,11.375831,11.251537,11.145953,11.429376,11.312609,11.501415,11.697531,11.193692,12.652308,13.113354,13.662566,12.071486,13.812234,14.188555,14.738197,13.720412,14.579067,14.789591,14.489181,14.662933,14.344028,13.480858,12.79273,14.444237,12.186316,11.567217,11.376906,12.554681,11.036282,10.809201,10.673941,12.048906,10.670284,10.874143,11.058217,10.66964,11.116493,11.095204,10.855434,11.139933,11.832146,11.637965,12.092775,11.204659,12.843909,13.313557,13.697403,12.326953,14.683362,15.371704,16.499374,13.877392,18.596444,19.199631,19.817226,17.565542,20.666419,21.141873,21.555394,20.37203,22.555331,22.711235,21.952574,21.932575,21.485292,20.893286,20.773509,21.918167,20.487936,20.253542,19.61982,20.936295,18.94739,18.576661,18.129808,19.18673,17.299323,17.135893,16.873544,17.627043,16.402607,16.016394,15.809741,16.363469,15.481805
2025,Punchbowl 33_11kV,2024-09-24,MW,14.837115,14.517781,14.205973,13.89309,13.229906,12.778323,14.072218,11.917732,11.643341,11.434322,12.287816,11.333683,11.184876,11.063163,11.303578,11.290244,11.3425,11.594312,11.069614,12.299858,12.732088,13.300439,11.976223,13.523866,13.715466,14.168126,13.513328,15.18548,14.649815,15.34504,14.807224,15.243326,14.812386,13.622354,15.457505,13.743422,11.508296,11.726131,14.040393,12.875735,12.136212,13.518274,12.078797,12.95272,12.314051,12.719186,11.700542,11.723551,12.023102,11.527435,11.923323,12.634891,12.397056,12.911861,13.049057,13.158728,14.087701,17.52533,11.658179,16.852469,16.271003,18.414306,16.913756,20.142582,20.336548,20.442133,19.578103,20.326227,20.598252,20.897157,20.372674,22.051707,22.170194,22.129337,21.080371,20.981883,20.706632,20.433532,21.847634,19.836796,19.328225,19.032115,20.360848,19.006741,18.777078,18.513008,18.563974,17.596293,17.184277,16.88365,18.111098,16.604958,15.715553,15.34676,16.559155,15.009792
2025,Punchbowl 33_11kV,2024-09-25,MW,14.730455,14.511545,14.00491,13.488599,12.966267,12.620697,13.620848,12.09084,11.685059,11.47346,12.345017,11.18165,10.959729,10.946182,11.22939,11.29175,11.409592,11.66592,10.915216,12.39254,12.784558,13.46602,11.922678,13.714821,14.417142,14.575627,13.509028,16.106281,16.700651,17.201265,15.493202,17.332655,17.452862,17.095465,17.726822,15.760067,14.912809,15.142257,15.522663,16.623453,13.705145,12.763699,15.134945,15.073659,14.799698,14.934313,15.418368,16.482386,16.838923,16.725597,15.578358,14.506814,15.361812,17.428132,16.019406,18.302055,18.713426,18.771917,17.908532,18.499676,19.443702,20.028181,18.372588,21.238642,21.101445,21.416909,20.622982,21.045106,21.024247,21.290895,21.090908,22.037084,22.232342,22.033428,21.587221,21.032632,20.411167,20.057857,21.770865,19.858084,19.556168,19.204793,19.972485,18.720738,18.83987,18.593649,18.76095,17.991537,17.898855,17.179116,18.070241,16.366909,15.698134,15.51406,16.656999,15.16032
2025,Punchbowl 33_11kV,2024-09-26,MW,14.815612,14.448107,13.931581,13.752023,13.132923,12.449311,13.849651,11.82462,11.80333,11.707638,12.116859,11.399486,11.12703,11.202079,11.461202,11.593236,11.551088,11.800966,11.255194,12.568873,12.834448,13.034219,12.075142,13.858254,14.300806,15.392349,13.225821,16.133591,16.931605,17.490924,15.870168,18.297539,18.471937,18.430864,17.760368,18.750413,18.742457,18.86589,18.559242,18.820301,18.84116,18.75665,18.408069,19.2392,19.882168,20.26279,18.969539,20.302142,20.718889,21.108972,20.162796,20.970917,20.658033,20.237845,21.257564,19.67229,19.43381,19.799593,20.80684,19.698956,20.736092,21.282079,18.980506,23.164539,24.019754,23.812455,22.286962,24.342958,24.985068,25.42332,23.652034,26.163916,26.20456,26.235311,25.836841,25.839206,25.39773,25.437298,25.985864,24.949586,24.568536,23.961262,25.186561,23.106048,22.41706,21.794089,23.495702,20.627713,20.604918,20.493527,20.924468,19.40865,18.803528,18.655365,19.963238,18.242058
2025,Punchbowl 33_11kV,2024-09-27,MW,17.458668,17.01031,16.479591,15.957903,15.360952,14.740992,16.043489,13.900186,13.435914,13.235712,14.293065,13.186038,12.765635,12.700908,13.096581,12.95702,13.141094,13.460214,12.715531,14.443807,14.776259,14.959042,13.708155,15.442883,15.899198,16.95655,15.023985,17.322333,17.425982,18.315387,17.458238,19.746264,19.43123,19.634442,19.230383,15.220316,14.973235,14.217155,17.68876,12.997663,15.514921,19.857654,13.265388,14.641858,15.467397,15.245691,16.735058,14.913239,15.604808,16.185848,16.581304,14.074368,13.515264,13.65246,14.1649,14.847222,13.096581,13.432044,16.83075,16.269712,15.351491,17.543608,13.635686,19.814431,21.487012,21.502926,18.337322,21.979453,22.268468,22.60264,21.66184,23.456349,23.797402,23.234428,22.982399,23.203677,22.964982,22.868859,23.238514,22.086758,21.797315,21.49626,22.452542,20.917586,20.37418,20.184516,21.252618,20.119573,20.34429,20.123014,19.719384,19.259198,18.848687,18.159912,19.583478,17.735209
2025,Punchbowl 33_11kV,2024-09-29,MW,17.104712,16.857202,16.433788,15.7734,15.310203,14.767657,15.955108,13.673104,13.218509,13.047768,14.209628,12.531672,12.298137,12.294482,12.681984,12.190403,12.329533,12.460493,12.100087,12.90369,13.074432,13.344093,12.382218,13.194209,12.860897,12.512532,13.217864,13.197651,12.733164,13.510963,12.886488,13.689662,11.422495,13.558488,13.765141,15.120322,16.038544,15.356867,14.493266,15.243971,15.763292,15.832321,15.148708,18.84417,17.540168,18.239908,17.045146,17.488129,18.05562,16.374867,17.741016,16.620442,19.138344,18.512578,16.683448,20.423855,18.998784,19.551437,18.209588,17.542534,16.994826,18.651711,18.936208,19.327796,19.693149,19.533804,19.30113,19.683257,20.013343,20.526429,19.700459,21.681624,22.408889,22.43792,21.121013,21.964401,21.107036,20.830065,22.20847,20.261499,20.089036,19.765402,20.653732,19.763252,19.316828,19.238339,19.685192,18.857933,18.929757,18.553437,18.942013,17.310074,17.078692,16.618076,17.82359,16.152085
2025,Punchbowl 33_11kV,2024-09-30,MW,15.791678,15.368479,14.900552,14.453269,13.76428,13.375704,14.527027,12.384369,12.051487,11.843328,12.885842,11.686994,11.649148,11.436903,11.657319,11.576464,11.77344,12.169329,11.483136,12.947343,13.398067,13.523221,12.489308,14.071788,14.158018,14.45757,13.648589,14.59326,15.197092,15.157525,14.801633,15.999837,15.186986,15.397509,15.871888,14.795182,15.5947,16.426691,15.546748,16.616572,14.145116,13.404089,16.859782,12.945838,11.283364,11.572163,12.686715,13.620634,15.51105,13.299149,13.215714,13.316998,13.389896,13.855027,13.430968,14.313923,14.603582,15.08054,14.416066,15.459656,15.79942,15.694265,14.477568,16.74495,17.626399,18.529998,16.024782,19.716159,20.132905,20.968981,19.396178,22.077512,22.616188,22.504796,21.413253,22.5792,22.294057,21.953649,22.60264,21.306593,20.99199,20.545997,21.676893,19.97141,19.927972,19.623046,20.145162,19.156409,19.185654,18.982011,19.214684,18.001643,17.403833,17.17632,18.526341,16.482386
2025,Punchbowl 33_11kV,2024-10-01,MW,15.93855,15.698995,15.34633,15.156234,14.453914,13.733315,15.012588,12.90197,12.608871,12.358134,13.393337,11.840748,11.72011,11.766989,12.084173,12.229325,12.364586,12.691445,11.996866,13.355704,13.907282,14.045768,12.899389,14.278227,14.225111,14.147697,14.509394,13.681705,13.509244,13.293558,13.790946,12.967988,12.879176,12.755743,13.140449,12.422216,12.09987,11.442924,12.119225,10.949192,10.757806,11.010908,11.025531,10.649426,10.530079,11.100795,10.582763,12.682414,11.469589,11.470449,12.107397,10.972201,10.876724,11.197993,11.482276,11.811287,12.137288,12.476836,11.510016,13.186467,13.654395,14.321234,13.075937,16.321106,17.3662,18.30485,15.463742,18.942444,19.569931,19.874427,18.797077,21.44895,22.265242,22.41749,20.601907,21.863332,20.998872,20.653302,22.208041,20.301711,20.048609,19.842172,20.459766,19.474669,19.096198,19.003731,19.569285,18.717943,18.52634,18.110453,18.658592,17.202985,16.535932,16.264336,17.542533,15.811246
2025,Punchbowl 33_11kV,2024-10-02,MW,15.745229,15.150643,14.65218,14.078239,13.468816,13.071637,14.241884,12.568442,12.152985,12.054497,12.662631,11.638181,11.450236,11.298631,11.870639,11.568292,11.820534,12.011275,11.39454,12.611021,13.127762,13.395917,12.17277,13.476342,13.826642,14.220381,13.44086,15.516426,16.022415,16.207351,14.708091,17.147505,17.332009,17.697578,16.593347,17.54963,17.903586,18.370867,17.592422,18.746542,18.899222,19.022439,18.683536,17.400392,16.81871,16.629042,18.591068,15.682007,14.643794,14.75798,16.208855,14.999255,15.703942,14.010932,14.535414,13.269259,15.983708,15.310633,13.46645,15.097744,15.145053,14.607668,16.17789,16.990095,17.52834,18.962658,15.511697,19.890986,20.726846,21.279068,19.067597,21.832797,22.100736,22.30782,21.653884,21.682697,21.864837,21.337559,21.925695,20.820819,20.524708,20.174838,21.242941,19.944961,19.561329,18.973625,19.931198,18.780733,18.564404,18.327,18.714286,17.615002,17.155891,16.941066,18.178837,16.277238
2025,Punchbowl 33_11kV,2024-10-03,MW,15.829094,15.69663,15.424175,14.742497,14.025339,13.529672,15.057532,12.630806,12.345017,12.090839,13.029918,11.82032,11.730862,11.645706,11.891927,11.834081,12.14632,12.28029,11.795805,13.266678,13.666007,13.443441,12.652739,13.575046,13.475482,13.785354,13.41226,13.099806,12.831222,12.990782,13.87137,12.800255,13.467095,14.894746,12.565002,16.115958,16.271217,16.188856,15.773615,16.585176,14.88851,15.306979,16.430561,15.651686,16.191868,16.683448,15.401165,16.994396,16.068435,16.124344,16.843869,15.212145,15.259024,14.40768,15.47858,16.209501,15.993385,13.569884,15.348481,13.027554,13.586228,14.242959,12.76886,16.094884,16.653773,17.3862,15.144192,18.73579,19.469722,20.172902,18.291304,21.930209,22.210407,22.355773,21.086393,21.939241,21.903545,21.849785,22.279865,21.659474,20.945328,20.63911,21.580555,20.210104,20.003235,19.329085,20.296121,18.694504,18.651495,18.276894,19.126303,17.836278,17.306849,17.28427,18.064865,16.605818
2025,Punchbowl 33_11kV,2024-10-04,MW,16.224553,15.956184,15.356652,14.815612,14.218229,13.807504,15.056671,12.889928,12.622849,12.409099,13.320654,12.104816,11.955794,11.999447,12.220939,12.050412,12.17105,12.615322,12.17406,13.510963,13.668803,13.615687,12.862618,14.100388,13.912014,13.79288,13.941044,14.249196,13.031855,13.779333,13.398283,12.537047,13.299364,12.890358,13.306461,12.786279,12.627364,13.569024,12.57726,12.250829,14.537779,13.220014,10.922527,12.974439,15.59685,12.453611,13.878037,11.846554,14.695404,17.890038,12.049122,12.052132,12.66177,12.453396,14.378866,13.356995,14.018243,15.9936,13.22539,16.070154,15.876189,15.554273,14.774324,19.147592,19.213394,19.278121,18.096477,19.066522,19.597886,20.161291,19.745833,20.656957,20.993065,20.957369,20.514601,20.583199,20.115272,19.885825,20.944682,19.157485,19.009322,18.396458,19.386716,17.965517,17.874125,18.01046,18.101208,18.052178,17.868535,17.616722,17.822085,16.630548,16.292721,16.340459,17.28427,15.718994
2025,Punchbowl 33_11kV,2024-10-05,MW,15.50761,15.257304,14.799268,14.2507,13.73396,13.240444,14.32661,12.41426,12.15363,11.786558,12.787784,11.334544,11.238851,11.237776,11.539262,11.248958,11.296482,11.400346,11.362069,11.966331,12.018586,12.045036,11.619042,12.475546,11.920312,12.047402,12.215778,13.002179,13.460428,13.684501,11.762044,14.013727,13.19765,15.077314,14.105119,12.399637,12.034284,11.888917,15.343535,12.497695,12.846059,11.586356,12.299428,11.883326,11.74699,11.979234,11.329167,14.222316,16.838923,14.924205,12.283301,14.057165,14.08211,12.38953,13.446021,14.858404,15.603948,16.60754,12.859608,14.67519,15.353641,14.40768,15.166556,16.694846,17.831977,18.52075,15.08097,18.388931,18.81428,19.176407,18.774068,19.630572,20.034202,20.269886,19.422198,19.727339,19.206298,18.685901,20.119572,18.182063,17.881866,17.690266,18.507848,17.522319,17.247928,17.25782,17.816494,16.782797,16.973108,17.087723,16.95698,16.285409,15.845438,15.595131,16.688394,15.141611
2025,Punchbowl 33_11kV,2024-10-06,MW,15.036027,14.756475,14.332416,14.080818,13.451182,13.041101,14.19393,12.195779,11.800104,11.608934,12.494469,11.200573,11.076711,11.195412,11.381852,11.403571,11.36809,11.535606,11.232184,11.61087,11.789568,12.25083,11.708928,12.393185,12.010629,11.704629,12.263086,11.568507,11.485503,11.20423,11.559906,11.272827,12.255345,12.373616,10.93973,12.55382,13.700198,13.922979,12.425441,11.996652,12.784774,13.212918,13.012501,11.002952,11.428301,12.735744,12.769721,11.72269,10.82791,11.262505,12.006544,10.567281,11.243796,11.18638,10.99435,11.576679,11.705272,12.088474,11.428086,12.92756,13.553326,14.782495,12.595538,16.099185,16.743874,16.198748,15.149139,17.252445,17.82101,17.985515,16.501095,19.16415,19.559825,19.761101,18.586338,18.980077,18.648054,18.43753,19.418542,17.643602,17.283625,17.508988,17.975624,17.349642,17.535222,17.553071,17.542534,16.886016,16.597433,16.01618,17.319322,15.210855,14.959043,14.56552,15.61427,14.218875
2025,Punchbowl 33_11kV,2024-10-07,MW,14.316933,13.767721,13.390971,12.4992,12.134492,11.854725,12.951644,11.36508,11.103376,10.907904,11.491523,10.647706,10.661468,10.775439,10.804686,10.897368,11.011984,11.215626,10.792213,11.911066,11.730218,11.564422,11.509801,11.459051,11.464428,11.2324,11.522488,11.347876,11.255194,11.267236,11.274978,11.991275,12.434044,12.018371,11.339274,11.506576,11.216701,11.179285,11.85623,11.048326,11.903969,11.809996,11.027682,11.046175,11.304007,12.687145,11.999877,11.969126,11.917086,12.800471,12.531026,11.610225,12.235991,12.274053,11.709143,12.676824,13.330545,14.293064,12.119009,15.505244,15.969085,16.344116,14.538424,16.7228,17.109228,17.735639,16.55937,19.419833,20.011192,20.343214,18.903521,20.904254,20.985539,21.061448,20.66857,20.740393,20.512451,20.099789,20.987904,20.089468,19.490797,19.27081,20.148172,18.672354,18.587628,18.099487,19.017277,17.506191,16.956335,16.468624,17.615862,15.735122,15.028501,14.569606,16.033813,14.172426
2025,Punchbowl 33_11kV,2024-10-08,MW,14.149417,13.666222,13.329256,12.514683,12.089979,11.759032,12.90369,11.413893,11.244872,11.068969,11.520338,11.037573,11.073915,11.193692,11.04639,11.795375,11.877089,12.252334,11.447225,12.758753,13.268828,13.836749,12.427592,14.529179,14.375208,14.135869,14.370694,14.343383,14.520146,15.243111,14.13286,16.727748,16.516792,16.320246,15.727596,17.050736,16.277884,15.880704,15.825439,16.76968,16.590551,16.352932,17.238896,16.836343,17.798646,17.884018,15.955538,18.026158,17.84273,17.770046,17.855632,18.104648,17.547264,17.332008,18.037126,18.083143,18.1154,17.940142,17.915198,18.523331,18.971474,19.246511,18.253455,19.870342,20.254188,20.80211,19.565199,21.113918,20.913716,21.197784,21.151335,21.981174,21.98526,22.398137,21.668506,21.537117,20.982098,20.61266,22.341795,20.13355,19.846042,19.682827,20.533956,19.403704,19.16157,18.657731,19.466066,18.00917,17.706394,17.058693,18.213889,15.638999,15.145482,14.83819,16.403252,14.726585
2025,Punchbowl 33_11kV,2024-10-09,MW,14.637343,13.989213,13.563003,12.684565,12.379638,12.041166,12.98132,11.648717,11.458192,11.493888,11.742044,11.607214,11.72054,11.90311,11.547218,12.621128,12.674672,12.845629,12.028693,14.08469,14.554767,14.687232,13.574186,14.694544,14.697554,13.718907,14.70164,14.398218,14.427034,14.97044,14.314568,15.942205,16.629689,16.435938,15.082691,15.726305,14.868942,15.274291,16.146924,16.943862,17.676073,17.725963,16.18133,17.822515,17.57651,17.192663,17.52404,16.901068,16.193372,16.296163,17.150945,16.066714,14.248766,14.591755,15.394068,17.314591,16.592486,16.065639,16.597003,17.016115,18.302485,18.802883,16.310355,19.69874,20.10022,20.725126,19.227372,20.960164,21.095424,21.77323,20.87845,22.121165,22.179226,21.815808,22.210621,21.3124,20.986828,20.492452,21.710869,19.987968,19.787336,19.663903,20.217415,19.339193,19.374459,19.254466,19.694868,17.668332,17.301474,17.096111,18.391296,15.872318,15.468042,15.132581,16.198318,14.927431
2025,Punchbowl 33_11kV,2024-10-10,MW,14.877758,14.489826,14.000395,12.985621,12.815309,12.419205,13.318288,12.153846,11.896659,11.612375,12.121805,11.668716,11.770429,12.12546,11.552379,12.556831,12.942827,13.442366,12.288032,14.241024,14.475848,14.641214,13.935883,14.968719,14.884854,14.37865,14.898402,14.038887,14.049638,13.902766,13.976525,13.312482,13.230337,12.730584,13.272914,11.590011,11.221648,11.219497,12.25255,10.867906,11.058002,12.783913,10.71867,11.467223,11.469804,11.004026,11.920742,10.685983,10.706627,11.031123,11.137566,10.797159,10.83393,11.28702,10.75243,11.533456,12.007188,12.49834,11.319491,13.5215,14.290483,15.218812,13.138945,16.353362,17.185997,17.638656,15.604808,19.571221,20.180429,20.552664,18.488494,20.865117,21.369171,21.636466,21.0765,21.356483,21.12295,20.784477,21.647647,20.099144,19.658742,19.50972,20.722115,18.689773,18.086585,17.976914,18.855783,17.072457,16.396584,15.961989,17.402327,15.130645,14.720778,14.466602,15.740498,14.287257
2025,Punchbowl 33_11kV,2024-10-11,MW,14.194146,13.62472,13.170985,12.406518,11.984825,11.677963,12.707574,11.494318,11.385939,11.15563,11.531305,11.188101,11.256269,11.413033,11.152834,12.023317,12.208897,12.454042,11.625708,13.855027,14.076089,14.136084,13.063035,14.131139,13.890294,13.709874,14.151353,13.997814,13.684286,13.619773,13.697618,13.334416,13.005189,13.244528,13.746863,13.95201,14.11501,14.704005,13.713961,14.57326,14.073293,15.153224,14.641858,15.197306,14.498858,14.104044,15.707167,14.511759,15.037748,14.275216,13.738691,12.47361,13.605151,14.442302,13.040671,15.16118,14.522082,15.855544,16.300462,17.416304,17.074606,17.251798,16.454431,17.351148,17.252874,16.078756,17.744456,18.369362,19.13512,19.629067,17.678439,19.985818,20.07635,20.204513,20.092693,19.829484,19.258982,18.89922,19.896361,18.824602,18.636872,18.624614,18.956206,18.014762,17.538017,17.287926,18.283346,17.126215,16.472709,16.174879,17.238037,15.495998,15.249992,14.938829,15.905219,14.760132
2025,Punchbowl 33_11kV,2024-10-12,MW,14.612829,14.030715,13.5744,12.724132,12.350823,11.986114,13.052714,11.569582,11.448514,11.357122,11.696025,11.288956,11.188532,11.403141,11.159501,11.693661,11.856876,12.287171,11.401421,12.856597,12.852296,12.651233,12.58027,13.420647,13.475482,13.624505,13.015081,14.218875,14.984848,15.423098,13.524296,16.247347,16.474645,15.995751,16.005428,16.145418,17.099766,17.28728,16.928379,18.150022,18.203567,18.262917,18.003794,16.380027,15.926293,16.028436,17.803593,15.380952,13.949,14.505954,16.735702,13.032714,12.160942,14.064907,14.600141,13.242593,13.123032,13.590743,13.503652,13.702779,15.34418,15.700071,15.05065,15.53449,16.705597,16.059403,15.61126,17.695212,17.93154,18.890189,17.395661,19.546276,19.371018,19.521977,19.24565,19.237263,19.153183,18.742456,19.465207,18.314742,18.002289,18.16529,18.734285,18.297324,18.438391,18.302484,18.174535,17.402757,17.429207,16.910317,17.698653,16.292506,15.852964,15.592765,16.537437,15.128494
2025,Punchbowl 33_11kV,2024-10-13,MW,15.022264,14.336717,13.955236,13.084754,12.71209,12.36136,13.497846,11.810428,11.682693,11.498619,12.016436,11.428946,11.476255,11.442923,11.417979,11.728711,11.879025,12.327813,11.516682,12.68736,12.661555,12.54694,12.507372,12.889068,13.016372,13.33678,12.830792,13.858898,13.76041,13.943839,13.712241,14.122322,14.26769,14.410476,13.785999,13.037231,13.213563,12.889714,14.05609,12.01665,11.008973,11.616031,12.195133,12.833587,13.351833,12.781978,13.077874,13.665147,15.815332,11.507651,12.844984,12.297708,11.90999,13.039596,11.740754,11.256913,11.353467,11.793438,12.803052,12.916378,13.467095,13.872445,12.459417,14.874102,15.388048,16.254229,13.992008,17.976914,18.599454,18.96825,16.886016,19.672074,20.167956,20.562771,19.293389,20.336118,19.956786,19.777444,20.646636,19.560684,19.536169,19.25081,19.710782,18.311086,17.968528,17.70833,18.84718,17.178471,16.66603,16.132731,17.434368,15.535565,14.905713,14.572831,15.518792,14.359942
2025,Punchbowl 33_11kV,2024-10-14,MW,14.354996,13.617194,13.187759,12.52694,11.96375,11.731077,12.749291,11.315405,11.22939,11.109182,11.472814,11.284869,11.428086,11.627859,11.047035,12.425871,12.736819,12.957881,11.951924,14.166835,14.402735,14.903347,13.495051,15.475353,15.695985,16.182621,15.172792,16.64087,16.286915,13.955665,16.967302,13.797826,13.259797,13.905562,12.828856,14.518856,14.264678,11.359703,15.090003,16.225629,17.432433,15.91425,13.287752,16.402821,13.122816,12.861542,15.204619,14.716692,13.073142,15.382457,13.412474,17.342332,18.20034,19.291024,17.875845,20.215266,20.337623,20.416113,19.77895,18.933628,17.246638,16.007793,20.414178,17.513073,18.929756,19.518752,16.205629,20.53589,21.108112,21.567652,20.10108,22.387815,22.208902,21.68614,22.136648,21.18058,20.974572,20.69502,21.538192,19.355966,19.171891,19.142216,20.169678,18.506773,18.383554,18.066156,18.94825,16.53292,16.327127,16.113378,17.240617,15.028501,14.770453,14.426173,15.391918,14.164684
2025,Punchbowl 33_11kV,2024-10-15,MW,14.046844,13.592033,12.969062,12.361575,11.872359,11.68979,12.501135,11.366154,11.137567,11.10617,11.421634,11.18165,11.420344,11.519692,11.07284,12.395766,12.744991,13.435054,11.73968,14.202532,14.823138,14.986784,13.81847,16.720004,17.175245,17.073531,15.906079,17.79585,17.621668,18.140345,17.502967,17.714351,17.507052,16.882146,17.937777,12.758753,12.112558,14.119312,15.7005,17.456302,17.201266,17.512643,17.237176,18.285282,18.217544,15.08011,17.97928,17.156967,18.084434,18.070026,15.813181,18.890189,18.289798,17.969388,18.615797,16.686459,17.028804,17.241907,17.257606,17.716501,19.128454,19.415102,17.582746,19.482624,20.874578,20.782112,19.337043,20.844688,21.304873,21.516043,20.629862,22.392975,22.613822,22.736609,21.87731,21.857526,21.4182,21.012633,22.312766,20.255478,19.806475,19.771638,20.673086,19.091682,18.868471,18.754068,19.235973,17.629625,17.084498,16.391424,18.354094,15.525243,15.198812,14.69906,15.841997,14.354995
2025,Punchbowl 33_11kV,2024-10-16,MW,14.414992,13.924486,13.445592,12.557046,12.189112,11.891066,12.923044,11.532165,11.407012,11.360994,11.703768,11.69022,11.796879,11.911711,11.546143,12.772515,12.858962,13.686652,12.075572,14.477353,14.991944,15.234509,14.125763,15.682868,16.17832,16.520663,15.775765,16.063703,15.364609,14.554122,16.23638,14.061466,15.155159,14.747228,13.005404,15.505245,16.182406,16.940422,14.127268,17.331149,16.173588,15.511695,17.49544,17.131592,17.873264,17.92724,15.929089,17.072026,16.200899,15.963495,17.652419,14.550251,13.406884,13.391831,15.518577,13.141309,13.19765,11.840748,13.729014,14.89066,14.670888,15.453204,12.469954,16.50131,17.449421,17.613712,15.917906,18.965238,19.48671,20.036352,18.352804,20.980593,21.44336,21.42078,20.545352,21.041234,20.705342,20.349021,21.133487,19.585414,19.361986,19.667344,20.099144,18.930402,18.882663,18.656226,19.236619,17.33287,17.032028,16.534856,17.903586,15.572552,15.142472,14.670459,15.839632,14.473698
2025,Punchbowl 33_11kV,2024-10-17,MW,14.581002,14.013512,13.522576,12.735959,12.349963,12.186747,12.994222,11.889562,11.662694,11.641835,11.996867,11.590657,11.845694,11.969986,11.583345,12.809718,12.966268,13.263238,12.305879,14.631321,15.279238,16.100045,13.739551,16.200684,16.55636,16.438304,16.438732,15.728025,14.650891,14.236078,16.168643,13.287752,13.287322,12.534037,13.375059,11.596462,11.083162,10.884895,11.934075,10.321275,10.183865,10.143007,10.536315,10.687488,10.750065,10.602763,10.064302,10.366863,10.154833,10.352026,10.704906,10.546207,10.498468,10.93758,10.526638,10.91672,13.604936,12.160082,11.057142,13.979965,15.028931,15.773614,12.726497,16.707749,17.888103,19.245006,16.231434,19.168666,19.69788,20.371384,19.145227,21.502925,21.907415,22.148905,21.223588,21.39949,21.158646,20.540406,21.786349,19.649495,19.350375,19.275971,20.34859,19.027169,18.372372,18.147656,19.283283,16.642376,16.235521,15.799634,17.41437,14.740992,14.315428,14.114795,15.149138,13.985342
2025,Punchbowl 33_11kV,2024-10-18,MW,13.969644,13.460644,12.921324,12.316417,11.903324,11.725701,12.557692,11.510661,11.370026,11.224013,11.468944,11.246592,11.270892,11.468083,11.157135,12.251044,12.442214,12.8452,11.795374,14.006846,14.218445,14.987643,13.393337,15.896188,16.512277,17.001922,15.457504,17.578875,17.714136,17.720586,17.28556,17.779292,19.220061,18.825893,17.564898,17.927455,18.320548,17.982936,18.541179,18.390651,17.994548,16.875695,18.124647,18.22378,16.736564,17.297818,17.842514,14.834534,18.530857,18.745682,15.310848,16.541309,15.426539,15.312354,18.869116,17.158687,14.86249,15.518792,16.208425,14.286182,15.408046,16.39508,13.785785,17.777572,19.192751,20.129895,17.278465,19.879588,19.886039,20.497184,19.830774,21.1251,21.487872,21.524215,20.88576,20.675882,19.828623,19.287584,21.45196,18.65343,18.458605,18.226577,18.980935,17.990246,17.862728,17.591348,18.072822,17.301474,16.786023,16.544748,17.331149,15.355577,14.893455,14.639923,16.056607,14.538855
2025,Punchbowl 33_11kV,2024-10-19,MW,14.511975,12.883046,12.193198,11.458191,11.037143,10.785547,11.655168,10.526423,10.467717,10.502338,10.53653,11.788493,11.853005,11.608075,10.439977,11.844619,11.819244,12.067184,11.600118,12.399852,12.543068,13.001318,12.33921,13.101096,13.16948,13.709014,13.360005,15.203544,14.793462,14.056951,14.255862,15.646956,17.200621,15.85748,15.553199,13.275494,13.795031,15.07753,13.010564,15.611688,16.421746,17.692847,15.346115,21.28724,20.657388,17.649839,19.913994,19.314464,19.375964,19.605842,18.034975,14.898402,17.355449,16.137892,16.9916,17.7079,19.193181,19.009321,17.791335,19.32457,19.333816,19.157913,19.237263,18.428713,18.616228,18.016697,18.447422,17.946164,17.508987,18.252811,16.669472,19.26866,19.534664,19.5981,18.936853,19.068243,18.725468,18.423122,19.64928,18.094541,17.521674,17.462538,18.313236,17.640806,17.687255,17.530491,17.193523,16.899349,16.438948,16.012954,17.114819,15.37493,14.928078,14.522081,15.734907,14.471762
2025,Punchbowl 33_11kV,2024-10-20,MW,14.330696,13.831373,13.323018,12.477696,12.199004,11.848058,12.8252,11.45002,11.300782,10.997576,11.6356,11.013489,10.924246,10.873283,10.98876,11.282934,11.323791,11.39755,10.991555,11.687208,11.756452,11.77387,11.590656,12.182662,12.205455,11.551519,12.080733,12.295772,11.745914,12.316846,11.630438,11.603344,12.038584,12.448451,11.564637,13.026694,12.825201,11.914722,13.138298,11.900744,11.620546,11.731938,11.657749,12.352328,11.995792,11.488942,11.730433,11.496468,11.170253,11.054777,11.469159,10.94059,10.953708,10.791568,10.928548,10.817802,11.074345,11.533671,10.74942,12.592958,13.260872,13.87223,11.863542,15.013017,15.490191,16.051876,14.600571,17.017191,17.646828,18.462905,16.482816,19.48241,20.009042,20.363858,19.151248,20.068393,19.820667,19.56692,20.316764,18.858578,18.57623,18.70461,19.151033,18.265282,17.921649,17.68962,18.281196,16.458302,16.303258,15.715983,16.850104,14.885714,14.488105,14.007276,15.234509,13.889434
2025,Punchbowl 33_11kV,2024-10-21,MW,13.826643,13.227541,12.780472,12.036649,11.82591,11.576894,12.370392,11.106601,10.893281,10.877798,11.279708,11.126169,11.201648,11.250033,11.075205,12.032779,12.103311,12.602205,11.55496,13.637408,14.08641,14.584443,13.145396,15.571692,16.064564,16.615066,15.243541,15.527608,16.085636,16.701943,15.966721,14.145116,15.179028,16.152086,16.260465,15.108926,15.765659,15.77856,14.894962,14.364672,15.552768,16.327987,14.679706,14.065551,13.258076,14.400584,12.466084,14.072003,12.823695,12.683274,14.155438,11.857306,12.019446,11.36766,12.65704,10.848553,10.687918,11.168962,10.139997,12.919173,13.850512,14.929582,12.051272,15.627816,16.570767,16.925153,15.262034,18.079918,18.662461,19.134474,17.41609,20.609219,20.949627,21.20187,20.253757,20.75179,20.178064,19.94281,20.991775,19.197052,18.893846,18.754714,19.600895,18.366352,18.291518,17.762735,18.451938,16.386909,16.129721,15.900488,16.87763,14.763356,14.320589,14.125763,15.231928,14.03007
2025,Punchbowl 33_11kV,2024-10-22,MW,13.849437,13.473546,12.880897,12.137933,11.8029,11.544853,12.440494,11.309599,11.217348,11.097785,11.293256,11.250463,11.259495,11.538402,11.022091,12.276634,12.585861,12.965837,11.763764,13.857823,14.357791,15.087852,13.186253,15.195372,15.402024,15.219671,15.298591,14.586808,13.726648,13.330114,14.778409,12.089334,13.240012,11.409808,12.421355,10.196767,12.127611,12.239217,10.834791,9.692928,9.486705,9.437675,12.17277,9.924956,11.85365,10.656308,9.5424,10.334177,10.094193,10.875003,10.206444,10.094838,10.018929,10.322135,10.140641,10.819092,10.97048,12.542208,10.4017,13.352694,14.824859,17.946594,12.086109,16.943002,17.026437,16.993752,16.505394,18.217544,18.410865,19.380695,17.940142,20.347946,20.550513,20.609864,19.858084,20.287734,19.53617,19.197911,20.629862,18.782884,18.637087,18.548921,18.895565,18.052178,17.807463,17.17632,18.084219,16.530986,15.678997,15.261819,16.516363,14.530254,14.096733,13.822556,15.008287,13.730949
2025,Punchbowl 33_11kV,2024-10-23,MW,13.821052,13.3828,12.830576,12.065895,11.823759,11.560765,12.325018,11.173048,11.049616,11.022951,11.280999,11.095634,11.277558,11.307234,10.936934,12.007619,12.416625,13.049488,11.5298,13.702779,14.140171,14.104474,13.363876,14.881844,15.18806,15.334719,14.527887,14.766798,14.132644,13.488169,14.894962,12.424366,11.893003,11.360778,12.561992,12.846276,12.284805,10.880164,12.381574,11.203799,11.057142,11.153695,10.86081,12.111913,12.283086,13.695468,11.617321,14.203607,16.452281,16.894833,13.78385,14.8412,16.110797,17.46985,16.463678,17.642098,17.379318,19.019858,17.2804,19.456389,20.730286,20.792218,19.076414,21.256919,21.137356,20.840817,21.059943,21.063814,21.263586,21.321001,21.174129,20.858021,20.432886,20.632873,21.106391,20.579328,20.337838,20.164086,20.891781,19.767767,19.526277,19.196192,20.193332,17.730908,17.472216,17.281475,18.502902,16.524965,15.973817,15.316439,16.743445,14.612828,14.330266,14.105764,14.919691,13.892874
2025,Punchbowl 33_11kV,2024-10-24,MW,13.967924,13.380219,12.851866,12.303729,12.003532,11.738604,12.515542,11.498619,11.326156,11.188102,11.486147,11.215842,11.252829,11.512382,11.217347,11.985685,12.221584,13.121311,11.820533,13.649234,13.905776,14.179952,13.389681,15.172793,15.357512,15.125914,14.734326,14.616269,13.995233,13.660847,14.518856,12.90068,11.934506,11.74398,13.052284,12.305664,11.90741,12.540703,11.884401,11.591302,14.21823,12.637686,12.39383,11.804191,10.845113,12.051916,11.853004,14.767872,13.365166,13.667943,12.720477,11.554529,12.059874,13.476127,13.806213,13.680845,13.914808,16.378738,13.241518,19.325645,20.087316,20.765339,18.524191,19.810775,20.121938,20.189032,20.48471,20.339343,20.457401,21.134347,20.155485,21.583996,21.010483,20.937584,21.370031,20.408156,20.299776,19.908188,20.787702,19.335966,18.989322,19.021793,19.554662,18.385921,18.097766,17.672848,18.655365,16.413574,15.784367,15.528683,16.786238,14.654761,14.283387,13.86836,15.018609,13.857178
2025,Punchbowl 33_11kV,2024-10-25,MW,13.986202,13.379359,13.048627,12.331469,11.950418,11.576462,12.457483,11.42443,11.258204,11.149824,11.489372,11.334113,11.424861,11.570442,11.093054,12.25126,12.475116,13.319362,11.90354,13.935023,14.352414,14.495417,13.677835,15.613194,15.454925,15.178598,15.170428,14.533694,14.057811,13.728584,14.660782,12.591022,12.12159,11.569582,13.026694,11.000372,10.414602,10.113762,11.027466,9.877648,10.001726,10.154404,10.175908,11.135632,11.510016,12.280719,10.716734,14.062327,13.621709,12.395552,13.16819,11.063592,12.061809,14.466602,12.923474,12.974438,10.947901,11.699467,15.126774,14.162966,15.723511,14.750239,12.952075,15.088712,15.394069,16.055102,16.597863,17.206425,17.971323,18.707405,16.764949,19.550578,19.230598,19.580682,19.208664,19.38091,19.264574,19.145657,19.629066,18.495806,18.193029,18.444626,18.774713,18.188944,18.054329,17.78768,18.308076,17.069875,16.358308,16.04478,17.249219,15.446324,15.00162,14.78142,16.017254,14.528103
2025,Punchbowl 33_11kV,2024-10-26,MW,14.696264,14.132644,13.60214,12.912077,12.518124,12.206316,13.062605,11.687424,11.527649,11.47475,11.946117,11.294331,11.295406,11.45518,11.412818,11.969556,12.007189,12.512748,11.669361,12.613172,12.990996,13.126687,12.689296,13.145826,12.881972,12.860036,13.121526,12.87423,12.76456,12.581776,12.635966,12.677038,12.350822,12.20223,12.576614,11.771936,11.260354,11.202724,11.742259,11.253258,11.118214,10.842962,11.268957,10.94059,11.078,10.904894,10.300202,10.594591,10.619966,10.332457,10.755226,10.387938,10.508144,10.441268,10.496532,10.653941,10.880809,11.153265,10.358047,12.439419,13.024112,13.819331,11.935581,14.409185,15.05194,15.365683,14.389832,16.496364,17.362975,17.627905,16.111443,18.784174,18.572789,18.628056,18.536664,18.604186,18.603326,18.431939,18.808044,17.964227,17.823806,18.107228,18.274745,17.92638,17.913693,17.864233,17.958206,16.775486,16.696566,16.237241,17.331793,15.307193,15.1543,14.850232,15.719855,14.563584
2025,Punchbowl 33_11kV,2024-10-27,MW,14.697985,14.13716,13.597409,12.789504,12.452967,11.989985,13.020457,11.748711,11.50249,11.420129,11.809782,11.234335,11.301642,11.28444,11.325081,11.7214,11.719895,12.426302,11.460986,12.416624,12.425872,11.923968,12.475976,12.597258,12.857026,11.74613,12.085033,12.184812,12.148254,12.654674,11.265946,14.4623,13.147761,14.435636,12.752947,12.651018,11.408947,12.185887,14.527458,11.226163,10.762107,11.002737,11.63517,11.404862,11.259709,11.602912,11.444644,10.723185,10.835435,10.707057,11.381852,10.700821,10.745119,10.998651,10.544056,11.465933,11.766129,12.290182,11.191327,13.336136,13.521285,14.156513,12.988416,15.063552,15.735552,16.379812,14.573261,17.783808,18.617519,18.864169,17.144279,19.62111,19.739382,20.136131,19.231458,20.688353,20.419768,19.904103,20.637819,19.166731,18.636441,18.442261,19.430368,17.773917,17.734564,17.526836,18.05777,16.69463,16.15703,15.816622,16.979128,14.765722,14.294354,14.131569,15.433852,13.856533
2025,Punchbowl 33_11kV,2024-10-28,MW,13.758475,13.317858,12.688435,12.036004,11.754086,11.500984,12.293621,11.296051,11.140362,10.953492,11.31691,11.129611,11.280353,11.394324,10.946827,12.15148,12.303514,12.89423,11.436472,13.379144,13.753098,13.962117,13.204316,14.640354,14.787871,14.29887,14.282312,15.335362,15.039898,13.218939,14.174577,12.768215,12.664566,12.402862,12.802837,14.265539,13.309256,13.75783,14.559285,13.298504,13.204961,11.869349,12.628225,10.897797,11.301212,15.742003,10.795868,12.326093,13.990503,14.781205,13.86836,12.403722,12.498125,11.549798,10.954352,12.400712,13.5787,14.039532,12.04697,16.813978,17.916918,18.38119,15.666739,19.249521,19.689062,19.348439,18.51989,20.2329,20.810926,20.832646,19.810775,20.901459,20.744694,20.797809,21.089834,20.406222,19.882813,19.461549,20.641905,18.84116,18.512579,18.463764,19.06007,17.939282,17.273948,16.824084,18.016266,16.352286,15.487826,15.203758,16.540016,14.628095,14.126193,13.958462,14.894316,13.695897
2025,Punchbowl 33_11kV,2024-10-29,MW,13.475697,12.967773,12.669942,12.086108,11.715594,11.356692,12.256205,11.194552,11.036928,11.005532,11.307879,11.187241,11.254978,11.364218,11.057142,12.123526,12.338136,12.592097,11.626783,13.499566,13.71224,14.18834,13.239798,15.32547,15.703296,15.302031,14.916894,14.297794,14.213714,14.710241,15.130645,14.281667,13.566014,14.558208,14.991514,10.616525,11.49991,15.580293,13.259367,13.500642,13.776754,13.577411,13.992008,13.181737,14.764216,14.225112,11.519047,14.032436,12.608441,12.41684,14.121031,12.240937,10.736087,10.447934,11.949988,10.410516,11.539692,12.465009,10.284503,14.179738,14.843782,15.313858,13.339791,15.840922,16.611195,17.284486,15.918337,18.333666,19.028889,19.365428,17.805312,20.166451,20.115488,20.554813,19.720243,20.322355,20.00044,19.431014,20.471378,19.239629,18.901801,18.73278,19.564984,18.015191,17.468129,17.248574,18.395597,16.508191,15.619001,15.177738,16.647322,14.665943,14.13802,13.73912,14.844211,13.622569
2025,Punchbowl 33_11kV,2024-10-30,MW,13.485373,12.979814,12.509307,11.922677,11.599473,11.334974,12.103312,11.133266,11.007038,10.952202,11.124664,11.068969,11.167243,11.379702,10.908764,11.953428,12.2833,12.757248,11.61603,13.43871,13.878252,14.098668,13.201736,15.182039,15.522017,15.72781,14.751744,14.653686,14.771958,14.414346,15.590615,13.343877,13.325168,12.755527,13.49161,11.739249,11.304653,11.18638,11.47862,10.609859,10.440622,11.011553,10.761462,11.199928,11.346156,11.277988,11.302072,11.28831,11.241861,11.389378,11.107676,11.760538,11.787418,12.000092,11.511522,12.223519,13.057874,14.101678,11.862036,15.789528,16.499805,17.011385,14.905927,17.666827,18.284852,18.507849,17.260616,19.805614,20.42665,20.891351,19.302421,20.822754,20.514386,20.785767,21.249823,21.408523,20.827054,20.405146,21.434328,19.955927,19.268659,19.186944,20.288379,18.246574,18.042502,17.567263,18.920509,16.813762,16.263045,15.585669,17.128796,14.86163,14.502943,14.159739,15.148063,13.917819
2025,Punchbowl 33_11kV,2024-10-31,MW,13.896744,13.292268,12.798106,12.155352,11.796235,11.58313,12.310395,11.42486,11.259925,11.280998,11.512597,11.209821,11.271536,11.47862,11.176059,12.225454,12.351683,13.050347,11.758817,13.431613,13.771377,13.940613,13.280871,15.038178,14.802278,14.81346,14.537135,13.976956,13.218509,14.286828,14.1649,12.664781,15.144192,11.84892,14.396068,11.61474,11.256914,11.769355,13.633537,11.260786,11.090258,11.750431,10.894572,12.650589,12.68736,11.857306,11.704842,12.484792,11.848489,12.406303,12.33663,13.577411,15.599432,18.966099,12.06955,14.325534,14.763356,17.92681,17.89434,16.333793,16.204554,17.798,17.595648,18.364631,20.629648,21.36659,18.260122,22.394051,22.328679,21.292832,21.811508,21.296486,21.147249,21.028977,21.535182,21.350246,21.094995,20.456111,20.99371,20.063878,19.301346,19.206083,20.252038,18.347213,17.558231,17.361039,18.533868,16.668611,15.804365,15.517286,16.919347,14.540575,14.345104,14.005556,15.122903,
2025,Punchbowl 33_11kV,2024-11-01,MW,,,,13.909648,13.330114,12.942612,13.907497,12.190403,11.954074,11.563991,12.44243,11.513026,11.380132,11.197564,11.540336,11.265516,11.285298,11.466147,11.1795,12.112988,12.531671,12.826921,11.766129,13.38452,13.924484,14.410691,12.958741,14.499072,14.510899,14.504663,14.578207,13.76385,13.961258,14.483374,13.750518,13.67977,16.275303,16.582595,13.344307,13.885133,11.44615,13.907497,15.981558,16.69205,14.671965,12.217282,16.093808,12.378132,12.87982,13.540854,12.066539,13.963407,12.894659,11.45389,13.904917,11.817738,12.128901,11.265516,11.195413,10.910485,11.553884,12.284376,11.115633,13.73568,14.750024,15.932744,12.81875,18.907392,18.402693,17.707899,16.998052,17.950248,19.10781,19.866256,18.172386,20.228167,19.85959,19.657022,20.288594,19.105874,18.662461,18.5958,19.719168,17.997774,17.677793,17.424261,18.370222,17.424906,17.388779,17.376738,17.541673,16.251864,16.084347,15.691683,17.047942,
2025,Punchbowl 33_11kV,2024-11-02,MW,,,,,,,,,,,,,,,,,,,,,,,,,,,,,,,,,,,,,,,,,,,,,,,,,,,,,,,,,,,,,,,,,,,,,,,,,,,,,,,,,,,,,,,,,,,,,,,,
2025,Punchbowl 33_11kV,2024-11-03,MW,,,,14.339728,13.701274,13.103248,,12.478342,12.037509,11.755377,12.71295,11.459911,11.23584,11.219067,11.608074,11.199714,11.088323,11.173694,11.143373,11.428516,11.621191,12.015576,11.111977,12.064175,11.904185,11.698391,12.024176,11.914076,12.029338,12.217282,11.71538,12.932291,12.049337,11.754732,12.572314,13.773098,14.526597,15.708027,11.604633,14.830234,13.369468,13.918464,16.152085,13.747507,13.131419,12.859176,13.344308,12.941538,13.450107,13.785784,12.738324,16.322827,16.158751,17.161052,14.740778,17.978419,16.570767,18.229802,16.661514,16.652268,18.442476,20.585564,18.232167,20.050115,20.322786,20.239136,20.286013,20.712868,20.895006,21.515828,20.035707,21.358634,21.58163,21.466798,21.320571,21.409813,21.353473,21.984828,21.353903,22.211698,21.604209,20.871783,22.144174,20.527934,20.296121,19.989473,20.664268,19.275326,18.932337,18.458819,19.6224,17.720801,17.343621,16.93913,18.367427,16.214876
2025,Punchbowl 33_11kV,2024-11-04,MW,15.658784,15.406756,15.085057,14.707232,14.002975,13.522575,14.848943,12.727358,12.366521,12.096646,13.018307,11.809137,11.736669,11.739034,11.963965,11.597967,11.68979,11.931924,11.648072,12.444365,12.623278,13.40667,12.052992,14.018458,14.541005,14.778409,13.723853,15.254508,16.192728,16.781722,15.096669,17.20191,17.221263,16.977408,16.889242,16.910101,17.334591,17.570919,16.935045,17.71306,17.636291,17.807678,17.591132,17.933691,18.342268,17.884662,17.65715,18.589563,18.698588,18.38549,18.13927,19.683041,19.0562,18.872986,19.29554,19.11297,19.144581,17.979925,19.393813,14.977751,13.442796,11.926549,17.14815,16.331642,16.580015,14.828298,16.089938,16.651192,18.722243,17.037404,15.908445,18.499032,19.34586,20.058502,17.846815,20.642765,20.5103,20.523632,20.779745,20.50944,20.227523,19.920231,20.718889,19.27124,18.835139,18.716651,19.62412,18.354094,18.230661,17.735425,18.608487,16.200898,16.092089,15.518792,16.76452,15.070864
2025,Punchbowl 33_11kV,2024-11-05,MW,14.665514,14.331126,14.10469,13.648804,13.218079,12.886917,13.776968,12.12417,11.740108,11.492813,12.403937,11.380348,11.198208,11.116708,11.31992,11.299062,11.29261,11.534101,11.098429,12.11944,12.349963,12.97659,11.750214,13.766431,14.335427,14.709812,13.258936,15.756626,16.066284,16.39895,15.324611,16.186061,16.412283,15.827159,16.516793,16.545178,15.300957,15.023125,15.735338,13.65633,13.790516,11.983319,13.86793,15.708027,16.215092,16.407553,14.072863,14.596055,14.244895,15.828019,16.66302,15.965645,16.349276,17.085143,16.108646,16.231864,17.916273,16.976118,15.853824,12.104602,14.364457,15.268701,11.426366,16.072089,17.944228,18.8403,14.738626,19.497678,19.798733,19.737017,19.240919,20.069469,19.852063,20.046029,19.398759,20.199782,20.376331,20.45568,20.050116,20.515891,19.995064,19.710567,20.689859,18.920939,18.764391,18.955561,19.397898,18.274529,17.833268,17.25911,18.54763,16.486472,16.02048,15.631472,16.896769,15.057101
2025,Punchbowl 33_11kV,2024-11-06,MW,14.827869,14.436926,14.060606,13.711381,13.220229,12.752088,13.828363,12.096215,11.673016,11.527435,12.28545,11.335834,11.135416,11.107676,11.398625,11.185736,11.271537,11.63775,11.086387,12.166748,12.44716,13.128192,11.653018,14.106194,14.588959,14.586163,13.642998,15.661364,15.739638,15.656633,14.845501,15.633194,15.431056,15.389123,15.85748,15.285474,15.013879,14.890875,14.075443,14.042542,12.554895,11.997942,15.29085,11.471309,11.481201,11.921172,11.50808,12.425657,12.713379,13.160448,12.234486,13.262807,13.478277,13.97072,13.196145,14.527242,14.99904,15.251927,14.171782,15.447399,16.561091,17.467484,15.1829,19.162214,21.951929,23.748804,17.744456,23.801918,23.552688,22.855527,24.229633,22.273414,22.25707,22.577265,22.874665,23.097876,23.139164,23.40732,22.857033,23.273779,22.761984,22.545009,23.742997,21.164667,20.73093,20.517181,21.725062,19.643258,19.461121,18.937928,20.142367,17.92724,17.596724,17.266207,18.373232,16.706027
2025,Punchbowl 33_11kV,2024-11-07,MW,16.037253,15.543736,15.188491,14.850448,14.277796,13.798688,14.899907,13.230336,12.690156,12.454256,13.508382,12.193413,12.050626,11.950203,12.411248,12.104817,12.052777,12.138578,12.01278,12.681554,13.293773,13.729659,12.340286,14.457569,14.711532,14.880984,13.989857,15.896832,16.140902,17.101486,14.983558,17.76338,17.888963,18.001859,17.531997,17.655645,17.677364,16.672697,17.893479,15.076239,18.350438,18.33216,15.210639,18.395167,20.18731,18.207437,17.694997,20.708783,22.017732,22.392116,18.95169,22.924124,21.769574,19.668419,22.373192,21.215418,20.55761,19.651431,21.37046,20.822753,21.440779,21.914727,20.968121,20.911135,19.776583,21.07478,21.729362,22.239652,22.357279,22.830367,22.071276,22.660701,22.510818,22.46566,23.248405,22.589952,22.626294,23.141315,22.672528,22.950574,22.600058,21.663991,23.43721,21.010268,20.120863,19.465636,21.509591,18.614508,18.418177,17.773272,19.017708,17.012245,16.728392,16.381533,17.317387,15.695985
2025,Punchbowl 33_11kV,2024-11-08,MW,15.125914,14.723574,14.518856,14.285753,13.775032,13.32732,14.18963,12.700048,12.207391,11.912786,12.8209,11.754732,11.609795,11.507436,11.7457,11.33777,11.482061,11.728066,11.389809,12.17578,12.696392,13.057229,11.929989,13.543434,13.911584,14.335212,13.050992,14.860769,15.219026,14.913885,14.829159,14.371339,13.936527,13.707295,14.527242,13.253776,12.98132,12.580486,13.268828,11.892787,11.602699,11.429591,11.893002,11.464212,11.63689,11.631084,11.417764,12.735529,13.050132,13.016587,12.154706,13.47032,13.193994,13.341297,13.303664,13.75783,14.00233,13.862985,13.269688,13.890079,14.537564,15.419874,13.963623,17.558015,18.542684,19.374675,16.666029,19.91464,20.309238,20.806411,20.014848,21.388524,22.208041,22.540278,21.382288,22.22632,21.974078,21.967196,22.437704,21.713449,21.490884,21.110691,22.100521,20.715664,20.490517,20.276553,20.767704,19.51832,19.286293,18.982657,19.664548,18.125722,17.209222,16.814192,18.282701,16.48045
2025,Punchbowl 33_11kV,2024-11-09,MW,15.775764,15.643085,15.100324,14.977106,14.269195,13.809224,15.056886,12.763699,12.481567,12.325663,13.079164,11.843973,11.694521,11.575174,12.110408,11.50464,11.614311,11.756022,11.53066,12.030413,12.268032,12.461353,11.803545,12.733379,12.884982,12.629084,12.326308,13.459139,13.702564,14.08555,12.814019,12.894444,12.751012,13.512039,13.548165,12.877456,13.875887,16.882791,12.963042,19.05061,19.514019,19.845612,18.272164,19.528428,17.451142,15.709532,19.70476,13.850942,18.32571,18.130238,14.266184,16.973968,14.389187,16.090368,17.461248,15.604808,13.78772,15.682653,16.589261,14.063616,13.32818,14.341018,14.164039,15.231929,15.260958,15.874468,15.283754,17.686396,17.868964,17.785959,16.730542,18.504408,18.94739,18.756649,18.239909,19.249306,19.601111,19.745189,18.825892,19.669064,19.504342,19.249091,19.867116,19.138345,18.824386,18.485699,19.365212,18.589778,18.139054,17.947885,18.526342,17.319537,16.782367,16.483462,17.569199,16.068434
2025,Punchbowl 33_11kV,2024-11-10,MW,16.103056,15.675556,15.178384,14.884209,14.24339,13.766646,14.858189,12.955515,12.570594,12.270182,13.324094,12.020951,11.82591,11.680328,12.101162,11.595387,11.628933,11.651943,11.618397,11.870638,12.06181,12.120515,11.58356,12.474687,13.066691,12.967772,11.889132,12.50006,11.85451,12.106322,12.732304,12.755097,13.41656,13.70794,12.147825,14.467892,13.502792,14.395208,13.51849,15.008287,13.487309,13.419786,14.680351,13.442581,13.622569,13.92083,13.623859,13.498706,14.774539,16.407337,13.727294,14.884209,14.46101,13.036155,16.815913,12.836383,12.688436,13.189908,12.898314,12.93014,12.911862,13.018952,13.012286,14.655191,15.900703,16.356803,14.271776,19.097702,18.14056,18.179482,17.064499,18.991258,19.288658,19.653796,18.617733,19.824324,19.523912,19.40521,19.921737,19.846472,19.629926,19.608854,19.672289,19.359406,19.316828,19.009751,19.398974,18.3842,18.305924,17.508342,18.413016,16.811398,16.129936,15.747809,17.062349,15.371059
2025,Punchbowl 33_11kV,2024-11-11,MW,14.931733,14.507243,14.210274,13.898465,13.358285,12.775956,14.124258,12.312761,11.959019,11.916012,12.464794,11.409163,11.2081,11.217132,11.727206,11.198423,11.331318,11.667855,11.338414,12.262871,12.699617,13.272269,11.749786,13.879973,14.381875,14.394778,13.463654,15.433421,15.675771,16.030802,14.685942,16.812472,17.555436,17.264057,16.416154,18.136474,17.827247,17.624464,17.614571,16.994826,17.043211,15.816622,17.323838,16.856986,15.873178,16.324546,16.587326,18.65429,19.124798,19.062221,18.348288,18.533868,19.272315,19.203287,19.148668,18.303775,18.282701,18.94954,18.808259,17.070735,17.09482,18.25152,18.583327,19.919586,20.467077,20.440412,19.45897,19.774218,19.59079,20.035708,20.361923,20.044953,20.406006,20.762542,20.125808,20.714374,20.233974,20.535245,20.82641,20.490947,20.197632,19.901738,20.864686,19.002225,19.222212,18.975775,19.536168,17.999708,17.747896,17.04192,18.405274,16.334868,15.596636,15.217306,16.413788,14.940764
2025,Punchbowl 33_11kV,2024-11-12,MW,14.713898,14.35005,14.165114,13.831158,13.270764,12.68564,13.91696,12.09213,11.77344,11.556466,12.314911,11.348091,11.194982,11.163587,11.491308,11.272827,11.293256,11.591086,11.344005,12.191693,12.619623,13.151416,11.77817,13.919754,14.220595,14.339943,13.258291,14.504018,14.914529,14.986783,14.533479,14.56681,15.316009,15.265905,14.91969,15.925218,15.64115,14.267904,14.998395,14.03093,15.472343,14.490256,14.121676,13.014652,12.402002,12.189112,13.33549,14.119742,16.733982,15.843932,12.987556,15.821139,14.007491,14.553477,16.096389,13.577411,14.506598,13.622784,12.33749,13.529026,13.22453,13.27958,15.199242,16.006288,17.441895,18.852556,14.820772,20.99285,20.334613,20.156345,20.535675,19.999151,19.608638,20.282358,19.918295,20.649001,20.652226,20.7791,20.923608,21.135422,20.820818,20.207094,21.338634,19.876148,19.679816,19.389727,20.132905,18.397317,18.11196,17.892403,19.05577,17.093314,16.405187,15.814042,17.464474,15.45428
2025,Punchbowl 33_11kV,2024-11-13,MW,15.023769,14.72809,14.327256,14.213069,13.612248,13.060885,14.098024,12.280934,11.98805,11.868703,12.637255,11.630224,11.589796,11.489802,11.701832,11.537111,11.776236,12.07127,11.490878,12.567584,12.900249,13.3542,12.124171,14.130708,14.547456,14.843352,13.301514,15.514061,16.263475,16.280248,14.974956,16.673557,16.337448,15.593626,16.267346,16.924293,17.359319,17.14471,15.487396,16.227563,15.735552,14.984633,16.50217,13.490534,13.044327,14.712822,14.29672,17.41867,16.52561,17.019986,16.560446,14.853243,14.517566,13.951796,15.551048,12.725853,15.283538,17.297602,13.659126,18.231092,18.133679,18.46613,18.447422,20.45353,19.526278,18.545265,19.5409,19.856579,20.274401,20.489011,19.547566,19.686482,19.938509,20.190106,19.882384,20.604058,20.45267,20.603197,20.569006,20.653518,20.47912,20.07893,20.972636,19.630572,19.509504,19.460475,19.771638,18.366567,18.235607,17.807677,18.745682,16.849675,16.038973,15.513416,17.19976,15.306977
2025,Punchbowl 33_11kV,2024-11-14,MW,14.936034,14.624226,14.38166,14.061036,13.483653,12.938096,14.134794,12.310179,11.953644,11.87838,12.603494,11.64463,11.36895,11.375832,11.673877,11.419485,11.534532,11.650007,11.457546,12.317061,12.503717,13.038521,11.920312,13.755464,14.233928,14.505954,13.325168,15.648246,16.315514,16.82387,14.995385,17.06622,17.480817,17.38964,16.817634,17.30943,16.366695,15.891456,17.490924,16.011448,14.5152,14.389832,16.100476,12.205886,12.708649,11.98332,12.636612,13.652244,13.042821,14.298225,12.383293,16.563026,15.596636,13.451612,16.992246,14.43155,16.632269,18.050028,12.748217,15.088067,14.816686,14.558638,17.528986,16.338524,17.814989,18.295389,14.48789,18.064865,18.062286,17.259111,18.742672,18.652785,18.97126,19.32672,17.90122,20.633087,20.951347,20.844472,20.041083,20.69631,20.61825,20.18817,20.826624,19.508644,18.86933,18.588918,19.870556,18.332375,18.024223,17.799076,18.711491,16.323042,16.009514,15.80673,17.294162,15.10699
2025,Punchbowl 33_11kV,2024-11-15,MW,14.640568,14.400369,14.030714,13.786,13.207972,12.932505,14.031146,12.282225,11.869563,11.646997,12.525435,11.472598,11.337768,11.164877,11.684629,11.202509,11.378842,11.565711,11.247882,12.108258,12.485222,13.121526,11.701187,13.630526,14.001685,14.360586,13.231626,15.119677,15.583734,15.741358,14.897326,15.912315,15.677061,16.17961,15.935539,17.565543,16.836988,15.77985,17.030954,16.279603,15.360092,16.473785,16.01704,17.564468,17.456517,17.015471,16.914832,18.679234,20.031407,20.201718,17.658225,17.777787,18.340332,18.688482,19.237479,18.746113,18.662246,18.976205,19.435961,18.273884,18.222919,18.584188,18.257111,19.236833,18.803098,17.914123,19.388868,19.262424,19.80841,20.202149,19.280487,20.404286,20.47783,20.276553,20.408587,19.952702,19.571435,19.478539,20.061727,19.48972,19.29769,19.015987,19.633797,18.412156,17.953044,18.240553,18.637301,17.994332,17.782089,17.637796,18.045297,16.696351,16.562596,16.134666,17.047296,15.59083
2025,Punchbowl 33_11kV,2024-11-16,MW,15.229349,14.96571,14.75669,14.343813,13.736971,13.249474,14.4337,12.535973,12.241798,11.897303,12.788644,11.651082,11.622913,11.446364,11.719465,11.304868,11.433032,11.400991,11.442494,11.830425,11.943537,12.299858,11.546788,12.447806,12.595538,12.273193,12.244592,12.71639,13.175931,13.638697,12.334479,14.495631,15.280743,15.421164,13.6759,16.837202,17.047942,16.463248,16.059617,15.419228,17.107292,17.182556,14.455419,18.645904,16.924508,16.812043,17.574574,18.27367,18.652139,17.538448,17.808323,16.66302,17.562962,17.516514,16.473354,13.180662,13.869435,15.866082,18.074757,13.928356,13.909647,15.397939,14.968289,18.624185,19.084586,18.00702,18.173246,17.947023,17.744672,17.84746,17.951969,18.123571,18.517095,18.776862,18.065942,18.606982,18.955561,18.941583,18.516019,19.401554,19.210599,18.673643,19.466927,18.303344,18.27152,18.192169,18.46484,18.075832,17.8752,17.444475,17.913478,17.117399,16.496149,16.408197,17.117614,16.159612
2025,Punchbowl 33_11kV,2024-11-17,MW,15.399875,15.248057,15.179243,14.877328,14.180384,13.658481,14.975386,12.817459,12.532531,12.267172,13.229261,11.713873,11.479695,11.298417,11.969986,11.458837,11.469804,11.44615,11.374326,11.825265,11.758172,11.953429,11.603989,12.027618,12.210401,12.292117,11.764409,11.840318,12.402862,12.257496,12.081163,13.161524,12.437914,12.964977,12.071916,12.033423,13.59999,13.204316,12.8981,14.196941,14.546381,14.547026,13.616548,17.152451,18.196256,17.515653,14.858404,15.474924,14.717552,15.978762,16.362179,15.529759,15.138386,17.258036,14.75927,16.641731,18.748262,20.165591,15.223112,18.957496,20.023235,19.018353,19.418973,18.184213,17.66274,20.038073,18.30442,21.413468,21.497979,22.22632,21.296272,22.972294,22.84714,22.873805,22.84843,22.899825,22.675538,22.537698,22.754243,22.377923,21.85344,21.547438,22.55232,20.900168,20.479549,20.510946,21.482066,19.504128,18.972335,18.594509,20.013773,17.819504,17.19976,16.702587,18.031964,16.20606
2025,Punchbowl 33_11kV,2024-11-18,MW,15.80888,15.265475,14.952376,14.641428,14.008996,13.444946,14.732176,12.935086,12.537692,12.296202,12.933151,11.96289,11.807631,11.958804,12.146535,11.93644,12.056648,12.278354,12.025682,12.831867,12.888853,13.505157,12.515113,14.360587,14.950871,15.249346,13.621924,16.04693,16.315084,16.487762,15.669965,16.737638,18.003149,17.968742,16.732262,17.44297,16.998052,16.037898,17.60941,15.203114,12.221368,12.173845,15.084196,12.291687,11.831931,10.810491,12.584786,14.500792,11.45088,12.170834,10.843392,11.220142,11.480986,11.350026,11.685059,11.952353,11.997726,12.251044,11.387013,12.383724,12.832082,13.8675,12.214703,15.647171,16.453785,17.259756,14.887005,17.838858,18.210663,18.659451,17.908101,19.579178,19.789701,20.178923,19.05878,20.595671,20.366224,20.458906,20.519978,21.057577,20.830065,20.642334,20.884685,20.312679,20.362138,20.170967,20.305152,19.091467,18.633216,18.079918,19.53961,17.209006,16.69162,16.158106,17.378888,15.474708
2025,Punchbowl 33_11kV,2024-11-19,MW,15.119677,14.605947,14.441872,14.204897,13.605797,13.099808,14.301665,12.491458,12.145889,11.859886,12.721337,11.6113,11.443139,11.331533,11.728712,11.496684,11.7214,11.827845,11.431096,12.14933,12.645212,12.921109,11.9616,13.97588,14.433056,14.587454,13.419142,14.54251,14.508104,13.73912,14.43284,16.430347,16.243046,15.93769,15.285904,15.679211,16.280894,16.435508,15.578358,16.000912,15.83361,15.466321,16.780216,15.980054,16.013599,13.17507,15.881565,10.286008,11.445289,12.329748,10.276976,12.347812,12.11901,10.907474,13.425378,10.915215,13.648804,16.349706,10.6419,15.557714,14.73239,13.059809,16.697426,18.57451,19.636592,19.550146,15.342245,15.99188,17.856922,18.320118,16.95741,19.497462,19.253821,19.255542,18.908252,20.020009,19.988828,20.195697,19.519396,20.29698,20.112476,19.756585,20.459551,18.982871,19.009536,18.836644,19.374029,18.24937,17.801012,17.408348,18.233457,16.433357,15.782862,15.525888,17.162988,15.378156
2025,Punchbowl 33_11kV,2024-11-20,MW,14.67476,14.40553,14.152428,13.758905,13.170555,12.80004,13.847931,12.271473,11.87838,11.593452,12.452106,11.359058,11.217562,11.158211,11.421634,11.223368,11.349812,11.549154,11.027466,12.137933,12.456837,12.705424,11.71667,13.772667,14.24984,14.527672,12.731228,14.528102,14.644224,14.339943,14.654761,14.067488,13.633322,13.295924,14.302526,13.679985,13.402369,13.988568,13.053789,14.864426,15.193436,16.002416,13.066905,16.346481,16.207349,16.839138,16.661084,16.704522,16.109506,16.579155,17.14815,15.223757,15.253432,14.61627,15.793828,13.015296,13.526662,12.20309,14.621,12.146964,11.379057,12.296847,11.973643,14.137375,14.793677,15.434066,13.134213,16.287344,16.661085,17.460387,16.290785,18.363126,19.267154,19.700889,17.989172,20.056566,19.59767,19.760242,19.826904,20.266445,20.354612,20.158926,20.005816,19.562189,19.109314,18.648054,19.609498,18.314742,17.950464,17.537587,18.502257,17.01676,16.506686,15.991665,16.968592,15.624591
2025,Punchbowl 33_11kV,2024-11-21,MW,15.373424,14.716692,14.50961,14.27328,13.726218,13.161738,14.328976,12.682629,12.380498,12.017296,12.779182,11.778815,11.689144,11.660329,11.875368,11.526359,11.688714,11.77516,11.572592,12.481352,12.820255,13.067335,11.93945,13.261731,13.76385,14.35048,13.014866,14.746153,14.56251,14.394133,14.553693,13.988353,14.409401,14.332632,15.625881,13.751593,14.855178,17.114604,14.905713,16.664309,16.52561,14.998825,17.773485,16.45228,11.731723,11.779462,15.461376,10.45675,10.196982,10.45804,12.688436,11.147244,11.031552,11.148749,10.844038,10.914141,10.735657,10.935214,11.104881,11.053486,11.715594,12.472535,10.864681,13.833308,14.652611,15.523093,13.207112,16.785377,17.460173,18.165719,16.258744,18.70977,19.238769,19.866471,18.43108,20.796949,20.762758,20.863181,20.200429,21.072415,21.006828,20.783186,21.109832,20.026461,19.394242,19.127593,20.525354,18.638162,18.686762,18.285497,18.590424,16.883222,16.090798,15.698135,17.645322,15.265044
2025,Punchbowl 33_11kV,2024-11-22,MW,14.544661,14.170706,13.876747,14.097808,13.617623,12.987557,13.749442,12.018156,11.591517,11.765484,12.283945,11.517757,11.429592,11.305943,11.684414,11.401851,11.471094,11.541412,11.345081,12.329104,12.426948,12.594033,11.751722,13.081527,13.684501,14.206402,12.608656,14.005556,14.215005,14.291344,14.457355,14.374565,14.069637,13.636547,14.251562,13.432689,13.633322,14.425959,13.252485,13.729875,13.367102,12.657684,13.451612,12.012564,12.639406,12.540058,11.900959,13.074433,13.362156,13.815675,12.972288,13.890508,13.640418,13.745142,14.132859,13.889434,14.233283,15.059897,13.7088,13.717832,13.497846,14.351555,14.212854,16.408628,17.132452,18.028523,15.453634,18.772776,19.525847,19.644764,18.590854,20.214406,20.878664,20.98683,19.990978,21.057792,20.875869,20.730716,21.326807,20.673299,20.666634,20.278488,20.564276,19.776154,19.652076,19.532514,19.957433,19.34672,18.935562,18.376243,19.122648,17.786818,17.031384,16.82258,17.993258,16.494213
2025,Punchbowl 33_11kV,2024-11-23,MW,15.834686,15.503739,15.213866,14.720563,14.258228,13.715036,14.956033,12.933151,12.654674,12.412109,13.314417,12.116644,11.95687,11.731292,12.411034,11.685704,11.647427,11.927623,11.731077,12.028263,12.223949,12.14933,11.943752,12.599409,13.023468,13.181737,12.155352,13.154857,13.411615,13.370327,13.350758,13.488169,13.723638,13.809869,13.33076,14.067272,14.158234,14.163824,13.67891,14.274355,13.985557,13.934162,14.145976,14.062756,13.95201,14.485739,14.105764,15.23279,15.455786,15.734908,15.05323,15.606099,15.570186,15.825439,15.711468,16.349492,16.620656,16.820644,16.123699,17.176535,17.660375,18.142064,16.772261,18.934058,19.334246,19.937004,18.429574,20.202363,19.946896,20.413532,20.21505,20.904684,21.118433,21.571308,20.719534,21.189181,20.805765,20.865331,21.218642,21.42078,21.07822,20.876513,21.072416,20.018073,19.735726,19.698095,20.314614,19.378975,19.337043,18.746113,19.506278,18.337106,18.085295,17.725318,18.38248,17.196319
2025,Punchbowl 33_11kV,2024-11-24,MW,16.551415,16.224768,15.969516,15.296011,14.736476,14.361876,15.411702,13.531392,13.28259,12.988416,13.858038,12.455117,12.370822,12.184382,12.820255,11.916656,12.002458,11.95773,11.927838,12.320071,12.108043,12.207177,12.074711,12.807353,12.866704,12.3648,12.326953,12.576184,12.506297,12.448451,12.475975,12.531672,12.749937,12.981104,12.352544,13.478707,13.903842,14.278442,13.004114,14.24726,14.401874,14.697124,14.180167,15.523308,15.18075,16.18477,15.191071,16.2052,16.68732,16.861931,16.102196,17.251799,17.384479,17.4191,17.171158,18.425273,18.906318,20.536535,17.348782,18.058629,19.553372,18.783099,19.436605,20.126239,21.17886,20.059362,19.848407,21.761833,23.22131,24.312853,20.916082,23.195935,23.371408,23.103468,23.956102,22.513613,22.258576,22.778972,22.888428,23.343883,23.08949,22.770372,22.942833,22.198149,21.679473,21.482926,22.491249,20.633304,20.413102,20.177848,20.795012,19.124153,18.618163,18.144,19.904533,17.19675
2025,Punchbowl 33_11kV,2024-11-25,MW,16.669041,16.23681,15.935324,15.486106,14.739702,14.257367,15.635989,13.543864,13.191199,13.052498,13.962547,12.691875,12.516189,12.336845,12.743271,12.394906,12.389529,12.640266,12.334694,13.19378,13.551176,13.686435,12.771226,14.420583,14.703575,14.762496,13.920184,15.033447,15.32117,15.609754,14.971945,16.087574,15.715123,14.865716,15.862211,14.899692,14.832599,14.067917,14.456709,15.286764,15.660289,16.39938,14.83389,14.798192,15.279667,15.575993,14.72895,16.342395,16.607969,16.60926,15.892317,16.752476,17.047727,17.590272,16.687535,18.400543,18.286572,20.070329,17.741015,19.546276,20.990915,21.304014,19.160064,21.93236,23.058954,22.037945,21.927414,25.02571,24.485745,23.813745,23.829228,24.848302,24.88658,24.302532,24.208559,23.584082,23.486454,23.536559,24.015453,23.624511,23.586233,23.006269,23.371838,22.377923,22.329539,21.807421,22.643067,20.892211,20.483636,19.977432,21.217352,19.087166,18.428068,18.119701,19.844752,17.211157
2025,Punchbowl 33_11kV,2024-11-26,MW,16.50518,16.049511,15.732541,15.424174,14.768518,14.341232,15.420734,13.533112,13.124536,13.040671,13.797398,12.55081,12.426087,12.437054,12.840254,12.49834,12.489523,12.846705,12.42243,13.293988,13.689876,13.948785,12.963902,14.501868,14.967214,15.127419,13.906637,15.37149,15.815978,15.773615,15.143548,15.566316,15.581583,15.389768,15.541586,15.328482,15.024415,14.828944,15.401596,16.250788,15.69792,16.030587,15.432776,16.04478,16.95698,17.753917,16.194878,18.841375,19.683257,20.424714,18.167654,21.245738,21.412823,22.036439,20.649861,22.329109,22.589092,23.092071,22.242232,23.482584,24.553052,25.842862,23.376998,27.615222,30.525574,28.619459,26.931394,31.311329,29.971415,29.613158,30.349456,27.940792,27.410718,27.301693,29.210389,27.338251,27.262986,27.301049,27.11934,28.181853,28.136909,28.0367,27.958642,27.488348,27.049882,26.936341,27.729624,25.127854,24.478433,23.900836,26.164562,21.924189,21.227244,20.573952,22.697687,19.718738
2025,Punchbowl 33_11kV,2024-11-27,MW,18.86804,18.290228,17.730264,17.257821,16.632054,16.035964,17.250294,15.225908,14.743143,14.407896,15.540511,14.012221,13.901261,13.955451,14.268119,13.89008,13.804278,13.873306,13.881262,14.317148,14.730026,14.862706,13.871586,15.340954,16.037039,16.393575,14.993449,17.011814,17.286206,17.192664,16.618721,18.034974,18.602895,19.832279,17.462969,18.871051,18.699019,19.628637,18.6287,20.068608,20.236125,19.69788,22.462864,20.838021,22.03945,23.549891,20.05205,23.516775,25.538151,24.084696,23.595049,24.694334,24.83583,24.64294,24.076524,30.762547,28.137554,26.617652,26.490993,31.974299,30.471383,32.112784,28.610428,37.887252,37.914566,37.641034,36.620667,32.554906,31.263376,32.348467,36.636366,32.576194,32.595333,32.392982,33.232067,32.376852,32.174285,32.346317,32.319654,32.919615,32.899401,31.978168,32.751667,31.249184,30.529659,29.923032,31.430891,27.813489,27.191808,26.429922,28.888259,24.632833,24.185334,23.566234,25.390204,22.348677
2025,Punchbowl 33_11kV,2024-11-28,MW,21.342291,20.48127,20.100434,19.627991,18.883738,18.224425,19.879588,17.355448,16.82645,16.66474,17.76209,16.106067,15.770174,15.7291,16.431852,15.428905,15.453205,15.606958,15.570831,15.832536,16.092949,16.281324,15.556424,16.925154,17.667472,17.678224,16.502385,17.4677,18.237973,18.981366,17.822086,20.915651,19.355536,19.963884,19.744974,20.753726,21.545504,21.398416,21.345946,19.874857,21.812797,23.512904,20.982959,24.829379,25.248707,24.762072,24.503164,24.721858,24.988939,21.573028,23.806434,22.397706,23.129272,22.936596,21.612166,25.093018,25.679862,25.838346,22.727148,26.770974,27.432223,28.175832,26.627544,28.103579,27.90101,28.050463,27.940363,28.733001,28.537099,28.49452,28.835144,28.06229,27.889398,27.721667,28.446351,26.840004,26.560882,26.356593,27.430288,26.298748,26.166929,26.062633,26.400891,25.577934,24.728096,24.143617,25.870387,23.190559,22.269972,21.944833,23.791381,20.712869,19.932702,19.311452,21.165312,18.698159
2025,Punchbowl 33_11kV,2024-11-29,MW,18.28098,17.770691,17.461248,17.059554,16.426906,16.049081,17.145784,15.080326,14.792387,14.451118,15.453204,14.034585,13.779978,13.926636,14.304031,13.882982,13.94728,14.025554,13.950935,14.424668,14.557348,14.96915,14.180598,15.462236,15.691039,16.483892,15.045489,17.213522,17.626399,18.144432,17.19976,19.169741,19.080499,19.146732,18.510213,20.353751,19.53058,19.6224,19.88432,19.796582,19.315323,18.220124,20.16,19.157054,19.502622,20.603412,18.593433,21.759683,21.937091,21.643776,20.836086,21.011128,20.935435,20.179354,21.227674,20.722329,20.812862,20.753295,20.402996,19.631862,19.495742,20.190321,19.921521,19.793573,19.696589,19.40607,19.789701,21.160797,21.516258,20.684483,20.838882,20.604703,20.362998,20.361708,20.612444,20.48299,20.111187,20.460626,20.379772,20.851569,20.975217,20.642979,20.464712,20.546212,20.229242,20.154624,20.650936,19.530578,19.903673,19.691213,19.867546,18.676009,18.099487,17.685535,19.199202,17.260831
2025,Punchbowl 33_11kV,2024-11-30,MW,16.678932,16.435723,16.090368,15.970806,15.313429,14.775184,16.011878,14.077164,13.647514,13.436989,14.322524,12.922614,12.865843,12.840253,13.189909,12.663706,12.648438,12.806493,12.871435,13.021318,13.200876,13.65246,12.862833,14.906143,15.112796,15.180748,13.882982,15.91683,16.177674,16.483892,15.485246,17.399532,17.894769,18.385706,16.736564,18.861373,19.452948,20.21462,18.514729,20.072478,20.648572,21.02145,19.669709,21.215416,21.162731,20.99113,21.391319,19.679171,20.976292,20.696525,20.901459,19.830344,19.333602,19.936574,20.323,18.604401,19.877652,21.108327,19.373169,19.968615,19.669924,20.155054,20.676527,20.510946,20.547717,21.164668,20.79781,20.762972,20.707062,20.925973,21.336915,20.775444,20.957799,21.068114,20.875008,21.12768,21.018225,20.89006,21.28896,21.271758,21.121874,20.882104,20.983173,20.919307,20.495033,20.426434,20.90533,19.623475,19.59896,19.522622,20.019795,18.725254,18.066372,17.814774,19.18845,17.644893
2025,Punchbowl 33_11kV,2024-12-01,MW,16.980848,16.783658,16.337449,15.970377,15.387187,14.896466,16.160901,14.058884,13.696973,13.283666,14.390262,12.79531,12.628439,12.446516,12.965836,12.708219,12.603925,12.570164,12.454903,12.811438,12.789074,12.810148,12.65833,13.002609,13.385596,13.936313,12.668866,13.683425,13.313557,14.24855,14.279947,14.320374,15.071508,15.205048,13.520856,14.77798,15.917477,14.910014,15.009792,19.680675,17.860578,17.269648,15.445463,17.039125,17.807033,16.951818,17.276744,18.935993,19.093401,19.802173,18.351084,21.862902,19.00803,20.163226,19.294679,27.589202,27.330724,25.440093,23.563653,16.835481,16.381963,18.590208,21.543138,21.775596,22.056008,22.165463,23.060675,20.39805,19.540471,20.679323,21.470885,21.559696,21.821184,21.811723,21.207245,21.830646,21.761188,21.287885,21.689365,21.560341,22.007194,21.964185,21.013279,22.136218,21.520773,21.352397,21.883331,20.887265,20.518686,20.407942,21.1494,18.62827,18.337751,18.019062,19.48972,17.053102
2025,Punchbowl 33_11kV,2024-12-02,MW,16.574208,16.397446,16.10241,15.520297,15.043554,14.551757,15.749745,13.753744,13.423012,13.225821,14.121462,12.831652,12.724132,12.788429,13.022822,12.583927,12.710369,12.692092,12.652738,13.071638,13.22367,13.711381,12.852082,14.345319,15.224188,15.26397,13.849221,15.533199,15.815117,15.731682,15.252142,15.838557,15.518792,15.10914,15.570617,14.873672,14.733896,14.819483,14.713896,15.193866,15.226768,15.360308,15.000976,15.836621,16.194878,16.905584,15.468688,18.19088,18.385921,19.535525,17.479527,20.914576,22.7136,21.348527,21.02188,21.797745,22.39319,23.766651,22.036225,24.062117,24.566815,24.84142,24.231352,27.429428,28.73773,30.679972,27.667907,28.67752,29.474888,30.334833,28.695368,30.233764,30.842757,30.513962,31.871724,29.64606,29.470802,29.543056,29.960664,29.858089,29.900238,29.309952,29.915505,28.105729,27.479317,27.018271,28.59817,26.051667,25.257954,24.361452,26.488198,23.110349,22.410823,21.584425,23.588168,20.992205
2025,Punchbowl 33_11kV,2024-12-03,MW,20.134195,19.440046,18.94223,18.388715,17.510493,17.033534,18.619453,16.226274,15.8306,15.631473,16.571627,15.084411,14.693253,14.527888,15.27128,14.541435,14.3765,14.574766,14.495846,14.934958,14.928292,14.787656,14.513265,15.731466,16.041985,16.64173,14.973021,17.135892,17.304914,17.163848,16.968592,17.92853,16.996116,17.737575,17.938637,18.52462,20.691149,20.844258,18.130668,20.72577,21.960959,21.57776,20.670075,22.334485,21.476475,21.522495,22.328033,21.929778,25.080545,27.073107,20.709428,29.308662,28.471941,24.956468,28.417967,29.024378,29.116201,27.983586,26.656359,27.370292,27.731129,27.868969,27.215247,28.281416,28.451728,28.486995,28.16981,27.92316,28.32722,28.254751,28.499467,27.728333,27.675218,27.864454,28.123791,28.205723,28.121426,27.961221,28.167014,27.630704,27.447921,27.264923,27.653499,26.497014,26.227569,25.678356,27.060633,25.188066,24.870237,24.225546,25.542881,22.377708,21.570662,21.297778,23.40861,20.468152
2025,Punchbowl 33_11kV,2024-12-04,MW,20.102154,19.616165,19.069103,18.480753,17.8423,17.324267,18.497956,16.630118,16.176169,15.908445,16.935691,15.542231,15.316009,15.030437,15.51062,15.31859,15.355361,15.370844,14.999686,15.684588,15.921347,15.773184,15.379016,16.022631,15.960484,16.302397,15.854685,17.052458,17.725964,17.971323,16.517652,17.22965,17.707899,17.590917,17.914768,15.860062,16.325407,14.060175,17.110303,15.085701,14.622074,14.598206,14.461225,14.011576,14.065552,14.248335,14.191134,14.6253,15.036888,14.797763,14.40897,15.202898,14.546811,14.83561,15.190426,15.380952,15.629538,15.736842,15.13,15.819203,16.599583,17.168794,15.741573,19.370158,19.908404,20.769423,18.109809,21.106607,21.646787,21.217998,21.138648,21.393901,21.636894,22.286961,21.356483,23.243459,23.124972,22.941758,22.737256,22.593178,22.580705,22.556191,22.746286,22.065685,21.84914,21.875159,22.412114,21.514538,21.042094,20.4817,21.611736,19.098133,18.923521,18.366351,19.667344,17.627474
2025,Punchbowl 33_11kV,2024-12-05,MW,17.165139,16.890318,16.425616,16.09725,15.498363,14.94786,16.084993,14.446603,14.08254,13.742991,14.564014,13.453548,13.331834,13.170339,13.540854,13.159588,13.167544,13.274204,13.166039,13.748368,13.92384,14.391122,13.333555,14.821846,15.309773,15.600077,14.377144,16.225413,16.430561,16.624313,15.565455,17.548984,17.63156,17.296743,17.138689,19.464777,18.799656,18.720738,18.214533,19.102864,19.532298,19.588854,18.628916,18.564189,16.465398,16.820215,19.692504,17.066004,17.963797,16.866233,15.093444,18.932122,18.295388,16.958914,18.296464,17.178901,17.302549,16.966226,17.071596,18.073036,18.693858,19.586489,17.06364,21.663774,22.681345,23.057448,20.943605,26.500885,26.359604,25.744589,24.694334,24.953027,24.961844,24.953672,25.292575,24.168776,24.368333,24.609822,24.291134,24.570041,25.136241,24.86916,24.432631,23.801917,23.229481,23.070353,24.423813,22.747576,22.020527,21.417554,22.855312,20.123658,19.476173,18.849977,20.823399,18.504407
2025,Punchbowl 33_11kV,2024-12-06,MW,18.005084,17.672203,17.187288,16.982569,16.39379,15.872102,17.083208,15.13172,14.787655,14.553262,15.360523,14.235219,14.009856,13.992008,14.366177,14.168126,14.167481,14.182104,13.996094,14.750453,14.912379,15.1829,14.465096,15.688888,15.887155,16.047576,15.26913,17.206856,17.927671,18.657301,16.3725,18.549781,18.569994,18.077984,18.624186,19.033405,18.557307,18.789981,19.820237,19.988184,20.395685,20.621477,19.248445,20.686418,21.150475,21.98784,20.747705,22.921974,23.631176,24.401449,22.537912,25.212795,25.442243,25.47794,24.758631,26.85183,27.154606,28.025949,26.408632,27.889397,33.189703,34.227486,26.55357,35.407197,34.972601,34.014813,35.261829,32.25815,31.47003,30.215056,33.122397,29.733151,29.675735,29.023518,29.719174,28.308725,27.651564,27.960576,28.589783,28.474736,28.549571,28.273245,28.3012,27.62404,27.370721,26.565612,27.702958,25.814692,25.655348,24.829164,26.137252,23.16841,22.835743,22.264167,23.937393,21.465938
2025,Punchbowl 33_11kV,2024-12-07,MW,20.581478,20.036137,19.681322,19.014052,18.342052,17.798431,19.314247,16.844083,16.327988,16.007794,17.248144,15.548468,15.408047,15.397939,15.776194,15.260314,15.102905,15.200102,15.280527,15.394499,15.323966,15.381381,15.280743,15.780066,16.069724,16.008438,15.596207,16.375296,16.930314,17.146646,15.787592,17.899715,19.019427,19.614873,17.474366,19.916145,19.720674,22.058159,20.969841,22.595328,23.634832,23.678055,23.573761,24.652186,25.405471,25.4788,22.676613,25.925223,26.139834,25.834906,25.686099,22.788649,24.582083,25.437512,24.205978,26.031453,24.237804,22.316206,26.037258,24.825724,24.556492,23.558922,24.0776,20.555459,20.385792,22.25277,24.585094,26.175743,26.85054,26.545828,26.546259,26.800651,26.10349,27.501035,26.035108,27.524691,27.681669,27.950685,27.400612,27.933051,28.529357,28.610643,27.738656,28.107879,27.634791,27.52383,28.561398,25.946942,25.361173,24.848302,26.7699,23.155938,22.497055,21.872149,24.197161,21.007257
2025,Punchbowl 33_11kV,2024-12-08,MW,20.298916,19.680677,19.311022,18.508493,17.682524,16.867953,18.689342,16.032308,15.48589,15.18419,16.420885,14.734542,14.290053,14.1892,14.896036,14.053725,14.119526,14.072862,14.145116,14.066627,13.974159,14.117592,13.914809,14.318654,14.475203,14.336286,14.090496,14.579497,14.702285,14.713252,14.381015,15.45041,15.928013,16.63313,14.9713,16.947948,17.537373,18.310227,16.551629,18.973196,19.354244,20.43181,18.657085,21.201868,20.172688,22.267392,22.220298,22.18073,22.219654,23.111425,23.87288,25.18785,23.911158,22.346097,25.119683,22.90262,22.459638,22.189762,22.67941,20.998226,21.50529,21.105747,20.839527,21.247243,21.082307,21.028117,21.256275,20.86361,20.236339,20.214835,21.168108,19.824107,20.12624,20.297841,20.229028,19.882599,20.164517,20.296766,20.330958,20.079361,20.501484,20.323,19.977217,20.009688,19.817012,19.615519,20.042373,19.497892,19.350374,18.760305,19.574661,18.139699,17.54791,17.036114,18.376673,16.732908
2025,Punchbowl 33_11kV,2024-12-09,MW,16.184341,15.910165,15.59212,15.450409,14.793462,14.267044,15.520082,13.646008,13.329685,13.266464,13.8632,12.961751,12.841114,12.757463,13.177867,12.698542,12.811438,12.967558,12.666502,13.446881,13.53935,13.989212,13.101098,14.222101,14.448968,14.386176,14.012866,15.557068,16.473784,17.006009,14.751744,17.635,17.979924,16.3439,17.262121,17.942723,16.52776,17.443615,17.413939,16.707748,15.539436,16.666031,16.945798,18.270014,19.351236,18.862664,17.198254,18.492149,19.5652,19.026525,17.610486,19.287154,18.27926,16.619797,19.161139,18.734714,18.431938,17.47673,18.488065,13.515263,15.328482,16.320891,15.115807,19.906898,20.236124,20.224513,19.513805,19.068673,18.429142,18.427208,19.516601,20.233328,20.165591,20.013558,19.221995,20.849848,21.045534,20.88791,20.521483,20.743834,20.889632,20.77695,20.58363,20.351601,19.809701,19.565629,20.651583,19.101142,18.910832,18.553006,19.323064,17.324268,17.252445,16.563671,18.053254,16.034458
2025,Punchbowl 33_11kV,2024-12-10,MW,15.847158,15.613625,15.168492,14.905498,14.502298,14.034586,14.881629,13.43699,12.978524,12.776172,13.538274,12.490598,12.440709,12.336416,12.619837,12.563712,12.553821,12.587367,12.322438,13.021317,13.219799,13.610957,12.76972,14.023619,14.416282,14.430689,13.68407,15.255368,15.934034,15.26999,14.467892,15.658783,15.130429,14.321234,15.228704,14.425098,13.856748,13.668158,14.11071,13.067121,12.884122,12.704994,13.596119,12.17965,12.234056,12.701338,12.567798,12.728433,13.364091,13.077658,12.778967,12.940462,12.913152,13.443225,12.724346,13.001964,14.27113,15.470623,13.293558,12.842834,13.57397,14.813676,14.702285,16.109292,17.298894,18.341622,15.894037,18.956422,19.993344,20.279562,18.889329,20.053985,20.001946,20.124733,20.637174,20.964466,20.521912,20.503204,20.833076,20.519548,20.523203,20.682332,20.215911,20.10667,19.946035,19.695944,20.475249,19.42908,19.02588,18.663107,19.518751,17.722307,16.913326,16.563886,17.887458,16.204984
2025,Punchbowl 33_11kV,2024-12-11,MW,15.928873,15.394714,15.045489,14.830449,14.283602,13.868574,14.753249,13.094216,12.81703,12.682414,13.552682,12.41469,12.12116,12.117504,12.495974,12.246742,12.388024,12.49834,12.225885,12.903475,13.195284,13.079164,12.678974,13.633966,13.981471,14.264464,13.041746,15.699642,16.259175,16.404112,14.857544,15.798129,16.58453,17.60425,16.293796,17.724672,16.7185,15.9078,17.98358,14.568315,16.805592,15.761357,13.769441,14.933883,13.415056,14.059315,14.94485,12.749722,15.056886,16.229068,14.798624,14.616915,13.577841,13.178296,13.864704,12.752948,12.682629,12.841329,12.991858,13.106904,13.992008,14.825073,12.977879,16.197028,17.11654,17.833266,15.546532,18.955561,19.480474,19.348869,18.266358,19.879374,20.419985,20.744049,19.594661,21.33885,21.430241,21.339925,21.014784,20.824904,21.291326,21.224879,20.69244,20.817378,20.355042,20.481486,21.17671,20.225803,19.887114,19.481334,20.404501,17.881867,17.627688,17.215672,18.726974,16.464752
2025,Punchbowl 33_11kV,2024-12-12,MW,15.984784,15.58954,15.302892,15.020114,14.468107,13.847072,15.035597,13.271624,12.887778,12.60715,13.490534,12.420281,12.235561,11.997727,12.41254,12.168468,12.260936,12.454686,12.20051,12.918743,13.0611,13.30302,12.610162,13.937173,14.181028,14.208768,13.571174,14.834319,14.984847,14.842276,14.320373,15.077529,14.998826,14.65175,14.588743,13.817396,13.040456,13.157007,14.010501,13.211198,13.080238,13.241088,13.077443,13.313342,13.378714,13.902336,13.438924,14.903133,15.125054,15.342889,14.616699,15.59083,15.635774,15.554489,15.266765,15.782646,16.188212,16.282614,15.651686,16.340029,17.38964,17.809828,15.951237,19.508214,19.785616,20.150538,18.612787,21.390674,22.072996,22.854882,20.673945,24.229632,24.43478,24.758846,23.72687,24.664228,24.490476,24.600792,24.877118,24.569826,24.627456,25.305907,24.677991,24.201677,23.930942,23.280662,24.901848,22.482218,21.98698,21.617756,22.808648,20.585134,19.999366,19.51273,21.046825,18.771056
2025,Punchbowl 33_11kV,2024-12-13,MW,18.059704,17.491354,17.236316,16.585605,16.131871,15.468473,16.703662,14.485094,14.215865,14.014156,14.946356,13.641063,13.529028,13.410325,13.772452,13.236573,13.148191,13.516554,13.237432,14.0591,14.283601,14.301665,13.807934,14.799698,14.969365,14.979902,14.346394,15.486535,15.934465,16.300462,15.004417,16.901929,17.132238,16.904725,16.2138,16.890746,16.636355,16.441314,16.444969,17.028372,16.886877,17.278894,16.7471,17.848105,18.301194,19.605626,17.65758,20.912856,21.409168,22.169334,20.387728,23.216579,23.480217,23.36431,22.606725,25.990165,27.298039,27.859938,24.156949,27.339542,28.899657,28.840306,27.934126,30.015714,30.259998,30.430955,31.830652,30.941461,30.990704,30.864907,30.752226,30.825124,31.040164,31.099945,30.817814,30.287309,29.827339,29.652941,30.761473,29.059001,29.033841,28.817942,29.681757,27.268794,26.561527,25.85555,27.895419,24.358873,23.961047,23.345388,24.91346,22.126757,21.463142,20.948121,22.619412,20.367728
2025,Punchbowl 33_11kV,2024-12-14,MW,19.519826,18.934057,18.471936,17.893479,17.178686,16.569693,18.087875,15.833826,15.29472,15.015599,16.117248,14.628311,14.423163,14.326826,14.731746,14.02491,14.119526,14.151782,14.058455,14.210704,14.306181,14.526598,13.970934,14.899692,14.855179,14.692823,14.579712,15.200964,14.997535,15.004632,14.766367,15.855115,16.104776,16.393789,15.181394,17.888748,18.452367,18.656441,16.833546,17.907456,17.722952,17.216103,17.940142,17.55651,18.110024,18.666977,17.379748,18.435164,18.789121,19.244145,18.542684,19.899587,19.334462,19.676159,19.51746,20.387298,20.654808,20.84684,20.006462,21.382073,21.72377,22.431897,21.242941,23.447532,23.954166,24.070073,22.994443,25.493852,26.070589,26.703453,24.5952,26.363904,25.784371,26.2037,26.808607,25.385687,24.951307,24.760351,26.243052,25.056462,25.285478,25.287844,24.765297,25.020765,24.663153,24.179099,25.224192,24.067062,23.806219,23.316573,24.098458,22.811444,22.25793,21.798175,23.137443,21.140582
2025,Punchbowl 33_11kV,2024-12-15,MW,20.419984,19.963024,19.306292,18.556233,18.01175,17.289432,18.808474,16.302828,15.796623,15.460301,16.785592,14.843567,14.602721,14.452838,15.138385,14.434561,14.264034,14.29672,14.392412,14.436926,14.440582,14.73067,14.413486,14.754755,14.908508,14.597561,14.583583,15.773615,16.150795,16.598938,14.67562,16.733983,16.785377,17.096756,16.707963,17.912402,18.16744,18.828043,17.569628,19.265004,19.285218,19.326721,19.329946,19.013192,19.466281,18.521396,19.122863,18.337751,17.963582,18.002718,18.616443,18.486559,18.898361,18.769122,18.38678,19.342418,19.371233,19.715082,18.847826,20.848558,21.223804,21.528731,20.055061,22.275778,22.664786,23.278295,21.973647,24.413277,24.564234,25.42719,24.120607,26.429921,26.994402,26.661949,26.217032,26.170583,26.31337,26.485187,26.214668,26.74345,26.739149,26.733128,26.463039,26.741731,26.113597,25.564386,26.667756,24.860129,24.554343,24.5137,25.029151,23.03874,22.429534,21.867848,23.848582,20.91178
2025,Punchbowl 33_11kV,2024-12-16,MW,20.221502,19.769702,19.03104,18.569996,17.735424,17.197609,18.798367,16.455935,15.988654,15.753401,16.847094,15.344609,15.035597,14.829374,15.61556,14.981407,14.909799,14.940119,14.867866,15.609969,15.364608,15.463742,15.050864,15.917906,16.160472,16.805592,15.427615,17.470065,17.95197,18.30442,16.787743,19.026525,19.854644,18.959002,18.600316,18.549566,18.790841,19.467357,18.442905,19.712502,19.508429,19.767552,19.886685,20.330526,20.809421,21.356268,19.788841,22.300294,22.844559,23.143465,21.668721,24.190495,24.374999,24.446177,23.586448,25.008507,24.86529,25.471274,24.729816,25.461166,26.10263,26.981714,25.620511,28.959438,29.454889,29.743688,28.179488,30.90813,31.067045,31.441429,30.37139,31.367885,31.516478,31.382723,31.516908,31.01694,30.439343,29.871852,31.441858,28.877938,28.89213,29.095988,29.40844,28.928901,28.481619,27.779083,28.954492,26.640016,25.671475,25.041624,27.187723,23.760199,22.824776,22.193203,24.19458,21.430457
2025,Punchbowl 33_11kV,2024-12-17,MW,20.991344,20.076348,19.524127,18.76525,18.036696,17.433939,19.030395,16.652268,16.235735,15.785226,16.85591,15.199887,15.098604,14.948936,15.488901,14.883778,14.812171,14.800344,14.773034,15.15645,15.332352,15.631043,14.839265,16.094024,16.358954,16.391209,15.662869,17.209437,17.790904,18.168085,16.447334,18.827613,18.81385,19.098563,18.306786,19.866686,20.033986,20.132045,19.330592,20.705342,21.155851,21.683559,20.45396,23.069707,23.349688,24.469832,22.181807,26.158111,26.716355,27.458243,25.152798,28.167875,28.776868,29.519402,27.76489,30.156565,30.579333,30.866198,30.300427,31.372831,32.454053,33.14046,31.01823,35.814482,37.23009,36.556371,34.804654,36.094895,33.826868,35.104421,36.872264,31.209832,29.817016,29.233828,32.421366,26.268858,25.408267,24.857764,27.706184,24.689173,24.343603,23.682571,25.001841,22.966272,22.215998,21.66528,23.504518,21.219502,21.036719,20.737167,21.460778,19.694008,19.151893,18.712135,20.167956,18.142925
2025,Punchbowl 33_11kV,2024-12-18,MW,17.562962,16.267561,15.308268,14.865501,14.366393,14.345534,15.003556,14.62014,14.075873,13.76428,14.938614,13.54666,13.417851,13.305385,13.595044,13.297214,13.242809,13.340221,13.316997,13.861694,14.342524,14.487246,13.537412,14.582723,14.766368,14.890014,14.378864,15.544596,15.947366,16.364544,15.142472,17.209436,16.955474,17.055683,16.807312,18.880942,16.086283,15.927583,17.652634,15.224402,14.991729,15.059681,16.889242,14.487245,15.660718,14.019318,14.291558,11.874724,11.822685,12.507372,12.354908,13.391401,12.461137,11.916226,13.95115,10.113547,10.882745,10.419979,10.607278,10.333103,10.645985,12.109332,9.563905,13.431614,13.735896,15.274722,13.480858,15.478795,16.901714,16.596787,15.77727,17.025792,17.41824,17.990032,15.822213,18.785464,18.723103,18.670203,18.686117,19.053405,19.651646,19.455959,19.269305,18.925886,18.657086,18.859009,19.137056,18.672138,18.435164,18.065726,18.714931,17.206856,16.614851,16.335084,17.334375,15.974677
2025,Punchbowl 33_11kV,2024-12-19,MW,15.567176,14.921626,14.704005,14.483374,13.984482,13.595474,14.559068,12.842834,12.575969,12.235346,13.150126,11.836662,11.682693,11.616461,12.080947,11.833222,11.832361,11.903755,11.714304,12.527801,12.791439,13.113785,12.17363,13.232056,13.208832,13.203026,13.074002,13.68579,13.893304,13.922981,13.27915,14.221455,13.939108,13.204532,13.902336,12.937022,14.839911,15.036027,13.016157,13.155932,12.289536,16.012738,11.460342,15.232788,13.427958,12.355123,16.329707,12.784988,14.102108,13.501072,12.162233,11.272182,11.968696,11.270246,11.606785,11.807632,11.500555,11.647857,12.404153,12.186962,11.671941,12.026327,11.79903,12.665642,13.272054,14.286828,12.34308,15.107851,15.750176,16.249498,14.384886,18.407209,18.550211,18.769982,17.426626,18.893844,19.059426,19.19017,18.860084,20.193761,20.604703,20.548577,19.547996,19.911414,19.46327,18.996204,20.45998,18.547845,18.449788,18.407424,18.592143,17.575434,17.044286,16.68861,17.803162,15.964784
2025,Punchbowl 33_11kV,2024-12-20,MW,15.536856,14.984203,14.826149,14.535198,13.947065,13.489029,14.687017,12.702842,12.430173,12.275558,13.075507,11.85021,11.74269,11.742475,12.078582,11.697746,11.71968,11.782257,11.609794,12.289966,12.591022,12.997664,11.954934,13.208832,13.366242,13.164749,13.143029,13.342587,13.775248,14.106624,13.186898,14.039317,14.090281,13.79116,14.175007,13.541069,13.138299,12.353188,13.367316,12.779827,12.867994,12.149976,13.06411,11.58528,11.758387,12.312976,11.836017,12.902186,13.101527,13.360006,12.68521,13.573539,13.541069,13.094861,13.681705,13.406884,13.19808,13.193134,13.153783,13.473116,13.60214,13.84449,13.35893,14.631967,14.957538,15.488901,14.198016,16.657428,17.38835,18.11497,16.152514,18.974054,19.424994,19.397039,18.463121,19.367578,19.141141,19.736158,19.617885,19.702396,19.972916,20.016568,19.734651,19.650786,19.258553,19.024589,19.852063,18.76181,18.724178,18.499677,18.712566,17.728758,17.42125,16.986655,18.083359,16.36519
2025,Punchbowl 33_11kV,2024-12-21,MW,15.848018,15.580293,15.272571,14.857544,14.361232,13.999534,15.039038,13.172276,12.762839,12.521994,13.411184,12.148685,11.963751,11.895798,12.296202,11.591302,11.5827,11.61388,11.734948,12.103957,12.301578,12.695962,11.783117,12.622848,12.665211,12.447806,12.556616,13.290332,13.235928,13.360866,12.560917,13.76213,14.010287,13.721488,13.486019,13.561068,13.618268,13.581066,13.524081,13.650524,13.513114,13.65117,13.300869,14.094152,14.739917,15.132581,13.871585,16.063703,16.467118,17.030092,15.567606,17.289216,17.68704,17.732198,17.162988,18.450002,17.966592,17.923154,18.129162,18.122067,18.510428,18.552577,18.203781,18.537954,18.92051,19.35403,18.636872,19.78454,19.944746,20.419338,19.589069,21.456692,20.953498,21.301002,21.450456,20.881244,21.225308,21.07306,21.230469,20.930272,20.985324,20.794369,20.775444,20.856515,20.352891,19.760026,20.846408,19.368438,19.418543,19.556598,19.328441,18.928681,18.59752,18.106584,19.398328,17.382328
2025,Punchbowl 33_11kV,2024-12-22,MW,17.033104,16.533996,16.28627,15.965,15.328481,14.836685,16.084562,14.026199,13.450107,13.100452,14.331556,12.73897,12.549089,12.571454,12.960892,12.453827,12.402217,12.351898,12.411894,12.597259,12.617042,13.046692,12.454686,12.916807,13.153782,12.92971,12.806062,13.442365,13.458924,14.571111,12.898099,15.178814,14.701424,15.626527,15.066778,16.0751,15.737703,16.268636,16.324762,16.021771,13.992438,12.82262,16.123054,14.592615,13.772882,14.606378,13.475052,15.841352,18.367212,17.673277,14.48703,14.847652,15.014953,13.544295,15.850815,13.459353,13.48989,13.738045,13.032284,14.589389,14.88765,15.501158,14.043188,16.625387,16.58195,16.995471,16.090368,18.460754,18.871696,19.855075,18.073252,20.789853,21.473034,21.967627,20.659538,22.328678,22.427382,22.596403,22.158367,23.412481,23.788586,23.553332,22.807143,24.056096,23.805143,23.172496,23.738911,23.415276,23.166904,22.762414,23.235287,21.967842,21.551523,21.359493,22.539633,20.668355
2025,Punchbowl 33_11kV,2024-12-23,MW,19.735512,19.187805,18.612573,18.152172,17.355663,16.904294,18.323774,15.96629,15.529974,15.238594,16.402606,14.521006,14.231778,14.128772,14.941195,13.990502,14.129849,14.169631,14.071788,14.384456,14.375208,14.338222,14.19092,14.126838,14.524878,14.777764,14.029209,15.529114,15.405681,15.680502,15.304397,16.219822,16.275302,15.899412,15.962204,15.625236,15.48546,15.342675,15.719854,14.863781,14.075013,13.73267,15.228489,14.422949,14.08512,14.492191,13.535694,14.827654,13.928356,13.843416,14.478859,13.979965,13.941258,13.758905,14.036306,15.281173,13.952441,14.038456,13.832233,14.391122,14.78443,15.788452,14.29457,16.485396,17.176105,17.630055,15.884144,18.153246,18.180342,19.011042,18.065511,20.621691,20.915651,21.073276,19.995064,21.264876,20.66685,20.497613,21.350677,20.662119,20.896942,21.711298,20.646206,21.528945,21.231328,20.893502,21.788283,20.023235,20.109251,19.678956,20.522773,19.041147,18.804173,17.939712,19.207803,17.24922
2025,Punchbowl 33_11kV,2024-12-24,MW,16.791614,16.219607,15.732971,15.385252,14.678201,14.275216,15.550617,13.796966,13.258936,12.933796,13.886854,12.475331,12.215777,12.127181,12.694671,11.995792,12.006973,12.033423,12.030844,12.760474,12.621988,12.517264,12.309965,12.742196,13.171416,13.378714,12.47232,13.710736,13.451398,13.483008,13.639128,12.839824,12.935731,12.835308,13.296139,12.250184,12.1489,12.302008,12.511457,12.064174,11.733012,12.009124,12.064605,11.882036,12.01278,11.173909,11.680328,11.328307,11.685058,11.393249,11.26315,11.496038,11.129395,11.167242,11.480555,11.461848,11.228099,11.356693,11.241646,11.478835,11.93429,12.140299,11.486792,13.340221,13.902982,14.325536,12.696177,15.485246,16.102411,16.464968,14.762496,17.619302,17.693492,17.823805,17.210082,18.657085,18.433444,18.418176,18.11798,19.064801,19.460261,19.38177,18.829332,19.173182,18.889974,18.396242,19.281562,18.265928,18.256036,18.095617,18.186363,18.015837,17.671772,17.152881,17.976699,16.615281
2025,Punchbowl 33_11kV,2024-12-25,MW,16.01919,15.585454,15.441162,15.299881,14.833674,14.453269,15.312998,13.297859,12.879391,12.591883,13.712886,11.952998,11.71839,11.576894,12.14804,11.431741,11.379272,11.253044,11.508296,11.5341,11.813438,11.733013,11.350242,11.898379,11.806557,11.710649,11.737314,11.418194,11.302503,11.143373,11.456687,11.168318,11.327661,10.980588,11.205519,10.965105,10.839736,10.703832,10.979297,10.56556,10.458686,10.868767,10.433311,11.140793,11.457332,11.820749,10.688348,11.769569,11.74441,11.275407,11.843113,11.740755,11.920528,11.951063,11.47131,11.831716,11.873863,11.996221,11.812792,12.598763,12.697682,13.325813,12.025037,13.860619,14.24339,14.687233,13.766646,15.716629,16.163912,16.758712,15.140537,17.887243,18.386995,18.522256,17.374802,19.130174,19.152323,19.281992,18.922876,19.719383,20.008182,20.397834,19.591434,20.285584,19.967109,19.880878,20.23849,19.764973,19.685622,19.627346,19.669494,19.284357,18.970184,18.497312,19.524988,17.959711
2025,Punchbowl 33_11kV,2024-12-26,MW,17.508987,17.235886,16.87978,16.363899,15.704586,15.187846,16.538942,14.461224,13.967923,13.681275,14.657772,13.077228,12.678544,12.625429,13.340437,12.498125,12.517263,12.551454,12.445655,12.678972,12.832512,13.122171,12.449312,12.81531,12.654028,12.568228,12.920032,13.006479,13.037015,13.058735,12.642632,13.38022,13.134214,13.079808,13.155717,12.856166,12.942827,13.06411,12.908421,13.409894,13.491179,13.555046,13.188403,13.990502,14.367898,14.710241,13.729444,15.225047,15.547607,15.770173,14.908294,15.962204,15.66975,16.035532,16.158537,15.953818,16.327127,16.439592,15.946292,17.018265,17.468344,17.714351,16.503245,18.601605,18.774068,19.444132,18.117121,20.50514,21.065319,21.732373,20.090758,22.549955,22.949499,23.120456,22.188904,23.192709,23.186688,23.35786,23.100242,23.344743,23.501722,23.813315,23.460649,23.669238,23.185828,22.433618,23.745362,22.304594,22.36072,22.049772,22.235137,21.230254,20.747704,20.233759,21.852366,19.406716
2025,Punchbowl 33_11kV,2024-12-27,MW,18.817075,18.571715,18.437745,17.698007,16.886661,16.348201,17.907671,15.219242,14.8326,14.51434,15.646526,13.97545,13.740626,13.610312,14.263388,13.435054,13.38495,13.539778,13.419356,13.748583,13.722778,14.251131,13.641063,14.557133,14.623581,14.575196,14.376069,15.383102,16.048866,16.730328,14.798837,18.483764,18.65214,18.81256,17.479742,18.30012,18.456883,17.644462,18.417962,13.708156,14.029854,14.572402,13.278506,15.411272,16.187566,17.081488,14.828728,18.403338,19.273176,20.270746,17.62941,22.243523,22.597049,23.11637,21.303153,25.123124,27.664252,26.733773,23.736975,27.448997,28.499036,28.503768,27.781448,32.52351,36.69249,28.681176,29.535099,28.247009,28.349154,28.03799,28.693862,27.176326,26.926449,26.560236,27.583396,25.282254,24.662078,24.067493,26.207785,23.14239,23.207763,23.190344,23.534623,22.560491,22.153852,21.689365,22.706074,20.991345,20.75265,20.161936,21.438843,19.638098,18.863524,18.474087,19.733361,18.340547
2025,Punchbowl 33_11kV,2024-12-28,MW,17.9238,17.621239,17.053533,16.471204,15.977903,15.439873,16.635709,14.845717,14.3236,14.13329,15.043984,13.407959,13.157652,12.98519,13.806428,12.956805,12.89982,12.730584,12.94885,13.044972,12.977019,12.967988,12.995298,13.715681,13.605796,13.299794,13.129913,13.162814,13.226465,13.505802,12.98691,13.708585,13.820836,14.614119,13.62429,15.718994,14.421227,14.264034,15.249346,14.877542,15.576852,17.154172,14.109205,17.448346,17.005364,16.943217,16.657644,13.9447,12.505437,15.040757,13.03164,17.714779,14.599926,14.678201,16.978053,15.93597,13.436344,12.892079,15.340308,13.498276,13.919755,14.408541,13.439355,15.538146,16.102195,16.561951,14.888939,17.599948,17.95713,18.08293,17.052026,19.372955,19.980872,20.67072,18.447852,20.443424,20.522988,20.53546,20.590296,20.492022,20.662763,20.729427,20.579328,21.518623,21.239716,20.583199,21.196278,20.304077,19.852923,19.420048,20.402996,18.974054,18.496666,17.964871,19.085015,17.827891
2025,Punchbowl 33_11kV,2024-12-29,MW,17.474151,16.99117,16.582164,16.39164,15.762002,15.054734,16.401101,14.140601,13.714392,13.346673,14.400369,12.902185,12.688005,12.572958,13.154857,12.428882,12.331039,12.366306,12.5235,12.454902,12.450816,12.567368,12.336846,12.531671,12.31147,12.110622,12.459203,12.448236,12.216853,12.294482,12.296418,12.280075,11.804191,12.001168,12.482642,11.978373,12.032348,11.863756,11.972568,11.911496,11.93515,11.863756,11.730002,12.031058,12.166318,12.487588,11.864832,12.850145,12.861972,13.162599,12.707144,13.215928,13.158298,13.067551,13.296353,13.06755,13.273774,13.397422,13.261947,14.053079,15.10656,16.063058,13.604721,16.378521,17.039555,16.985579,16.521738,18.174322,18.819226,19.219416,17.587046,20.134195,19.882814,20.003881,19.985603,20.342139,20.268595,20.338483,20.32171,21.239286,21.437982,21.483572,20.802539,21.382932,21.159291,20.435897,21.313046,19.940875,19.926252,19.719813,20.090757,19.03018,18.713427,18.36119,19.258123,18.043577
2025,Punchbowl 33_11kV,2024-12-30,MW,17.456733,16.881715,16.441959,16.309064,15.485031,15.094518,16.393574,14.283817,13.936528,13.623214,14.747013,13.090776,12.778968,12.703489,13.312052,12.781547,12.754238,12.655319,12.623923,12.713165,12.558766,12.947773,12.681124,13.323879,13.369467,13.130343,12.983255,13.415271,13.535263,13.722992,12.92584,14.2993,14.405314,14.803139,13.973298,15.201608,16.536146,17.863158,14.011362,14.597776,12.488448,13.81589,17.185782,14.036736,14.066412,14.646804,14.500792,16.893973,17.544039,15.420949,15.642656,17.097185,17.155031,16.667966,18.161849,16.518728,17.377168,15.707167,15.950592,15.581798,15.284398,15.797269,16.36906,17.068154,17.480602,17.853052,16.480666,18.982441,19.830774,20.61266,18.406994,21.34186,21.554964,21.860535,21.152626,21.789574,21.913007,21.605067,21.90806,22.0373,22.407598,22.709298,21.884406,22.039235,22.019665,21.39261,22.091059,21.0965,21.147679,20.438477,21.119724,19.692934,19.418327,19.225867,19.911415,18.717727
2025,Punchbowl 33_11kV,2024-12-31,MW,18.190664,17.775638,17.241908,16.88107,16.172084,15.657278,16.912251,14.740778,14.284247,14.087486,15.1014,13.63117,13.321728,13.161524,13.911798,13.03035,13.136794,13.092066,13.089915,13.404518,13.634396,14.02964,13.349683,13.8675,14.187264,14.03394,13.913088,14.126193,14.095442,14.446388,14.089636,15.789742,16.149504,16.170578,15.312998,16.56109,16.81871,17.136108,16.353362,18.342912,14.988504,16.351211,18.24937,16.828385,15.386757,16.232294,18.008095,17.63156,17.685966,17.781658,16.732047,18.410865,18.92137,18.694502,18.988248,19.228662,19.749705,20.277842,19.059856,21.687213,20.788348,21.406373,19.794862,20.806411,22.470176,23.749662,20.323001,24.964854,25.108716,24.458005,24.556924,21.145743,20.439338,21.679259,23.590748,21.871719,21.898813,21.535397,21.752157,21.283154,21.183592,20.982313,21.272617,20.154839,19.826688,19.334892,20.278488,19.440477,19.387577,19.360481,19.22307,19.204362,18.966313,18.698159,19.153614,18.19862
2025,Punchbowl 33_11kV,2025-01-01,MW,17.349641,17.133527,17.310721,17.421037,16.984934,16.71764,17.467485,16.007578,15.595132,15.279668,16.446904,14.495847,14.278871,14.230918,14.991729,13.76342,13.65031,13.446452,13.882553,13.944914,13.511609,13.364952,13.752668,13.200231,13.16733,13.473977,13.147976,13.080453,13.294633,12.272118,13.27442,12.744991,13.041961,12.889713,12.930571,13.857393,13.73353,13.379789,13.035509,13.949645,14.190706,14.30145,13.423872,17.092239,17.884661,17.756068,14.56982,17.112024,17.678438,17.2275,15.63556,18.631711,19.057275,19.386501,18.03046,19.42951,19.397038,19.598102,19.206298,19.715728,21.237136,21.464863,19.401554,23.990292,25.94221,24.636918,20.482775,22.052138,22.148475,22.434693,20.935649,23.223675,23.696118,23.97438,22.891224,23.849871,23.834605,23.718912,24.052225,23.62451,23.574837,23.747728,23.836324,24.262318,24.199526,23.646013,23.782994,23.615693,23.244535,22.557267,23.38474,22.000742,21.107252,20.519762,22.105251,20.329022
2025,Punchbowl 33_11kV,2025-01-02,MW,19.739382,19.246511,18.807399,18.297324,17.71048,17.222124,18.552792,16.017255,15.449764,15.02506,16.430132,14.415852,13.923195,13.743207,14.737336,13.500642,13.409034,13.299579,13.608592,13.376348,13.576981,13.95416,13.380434,14.022974,14.100173,13.864274,13.880832,14.171351,14.19049,14.529178,13.779548,15.406541,16.135096,16.318095,15.190426,15.192576,14.778624,16.519804,15.664804,15.593411,14.657986,13.636977,16.455721,14.8083,17.004718,17.812838,13.952656,19.087166,19.43252,19.24694,18.640529,18.738586,18.188729,17.828321,18.814925,17.423186,17.807678,18.093681,17.942293,18.256681,18.343558,18.70762,17.933475,18.971689,19.192751,19.505419,18.817291,18.864815,19.010612,19.109315,18.747187,18.870836,18.826107,18.683751,18.985451,18.972334,18.615798,18.939002,18.925886,19.430155,19.489936,19.754865,19.047813,19.334031,18.777938,18.437314,19.58907,18.291733,17.98014,18.012826,18.378823,17.58038,16.851611,16.545823,17.887457,16.261325
2025,Punchbowl 33_11kV,2025-01-03,MW,15.841782,15.53836,15.213006,15.040973,14.381231,13.956526,15.114732,13.254635,12.806062,12.545863,13.494405,12.240292,11.942032,11.853004,12.372112,11.889132,11.917086,11.866982,11.800319,12.216637,12.374047,12.741336,11.981814,12.967987,12.885842,12.682414,12.714885,13.825567,13.961902,14.739487,13.067551,15.15602,14.627666,14.724219,15.265045,15.459226,14.421443,13.361726,15.204834,18.22808,18.89449,19.473593,17.301043,17.898424,17.420176,16.041769,18.829333,13.875026,14.851738,15.150644,13.445591,16.038114,15.770174,15.467398,15.670825,15.808235,16.730112,16.534425,14.00491,16.892467,16.344115,15.615775,14.636912,15.709532,15.449118,16.815698,14.845502,16.914186,17.780368,18.244423,16.946873,18.180557,18.347213,18.648483,17.461033,18.193889,18.769982,19.091466,18.346138,19.094908,19.278551,19.521761,19.345859,19.027599,18.536663,18.391082,19.276616,18.309366,18.426133,18.454518,18.138194,17.74596,17.444905,17.356094,18.064005,16.848169
2025,Punchbowl 33_11kV,2025-01-04,MW,16.271432,15.9121,15.633623,15.480515,14.782496,14.261668,15.37235,13.554187,13.165395,13.346243,13.79159,12.603064,12.323728,12.396411,13.080454,12.153201,12.362219,12.438129,12.2304,12.298782,12.335125,12.704994,12.222444,12.687145,12.643062,12.535542,12.529951,12.706068,12.815309,12.757893,12.556401,13.677835,13.431614,13.513974,13.246895,13.81374,13.678909,13.65762,13.660631,13.349898,13.095506,13.260442,13.406884,13.459784,13.688372,14.110495,13.255282,14.956032,14.972161,15.233648,14.577562,15.505674,15.511051,15.690824,15.515997,15.77641,15.846083,15.867801,15.750391,16.50518,16.87806,17.127936,16.008223,18.221415,18.493655,19.957218,17.880792,23.239588,22.938532,22.353194,22.436414,22.297068,22.093425,21.477335,22.258361,20.682332,20.296336,20.72448,21.061018,21.064888,21.268316,21.310679,20.902749,21.048546,20.855655,20.490302,21.090908,20.073554,19.737661,19.721104,19.985173,19.6224,19.068673,18.882878,19.715512,18.236468
2025,Punchbowl 33_11kV,2025-01-05,MW,17.781442,17.286206,16.849245,16.50346,15.91382,15.305902,16.576144,14.455418,14.125333,13.851157,14.75196,13.291192,13.008845,12.777891,13.505373,12.902185,12.690372,12.653169,12.674888,12.947774,13.054003,13.462364,12.656394,12.995943,12.911217,12.846919,13.080453,13.264957,13.072926,12.875735,12.649083,13.577411,13.296353,14.024264,12.706714,12.340932,13.695682,13.762345,13.8146,14.359296,14.511544,15.540296,13.934162,16.123914,16.71592,17.488344,15.853395,18.729554,19.098993,19.48972,17.991752,20.037858,20.410306,20.475894,20.018719,21.259715,21.808926,21.801831,21.018871,26.492714,29.336403,29.260709,22.567804,28.960942,27.904451,27.03827,29.359626,25.466542,24.691538,24.343174,26.497229,24.636488,24.92034,25.017324,23.245179,25.257739,24.940124,24.905503,25.331927,25.26376,25.356442,25.295371,24.977971,25.254083,25.163981,24.619499,25.311929,23.707516,23.572255,23.258296,24.205978,22.036655,21.640336,21.087253,22.55103,20.094198
2025,Punchbowl 33_11kV,2025-01-06,MW,19.486495,19.117272,18.537738,18.013687,17.405338,16.736563,18.125292,16.152515,15.763508,15.363964,16.291,14.560144,14.449828,14.35349,14.986568,14.21565,14.235864,14.351339,14.315427,14.656911,14.805719,14.957322,14.474342,15.293,15.139031,15.390843,15.125054,15.910165,15.992094,16.293581,15.587605,17.465764,17.586186,17.588767,16.862362,17.916704,17.827031,17.947669,17.553715,18.73536,19.208664,19.640249,18.088305,20.926403,21.560771,22.168905,20.213116,23.144756,23.802562,24.260384,22.668227,24.833465,25.166346,25.404181,24.802713,26.213807,26.411643,26.546903,25.403536,27.942942,29.043303,29.929697,28.138629,34.490266,34.727455,33.94944,32.875746,31.897529,30.45246,30.338274,33.519575,30.823619,29.2177,28.780309,31.294127,28.00939,28.147875,27.878431,28.520971,27.865529,27.826607,27.276318,27.728764,27.139769,26.39444,25.376657,26.981499,24.418652,23.991153,23.779985,24.83282,22.310831,21.789358,21.069835,23.253781,19.907974
2025,Punchbowl 33_11kV,2025-01-07,MW,19.233392,18.595799,18.368072,17.859072,17.162557,16.630333,17.928744,15.678782,15.153439,14.928293,15.958764,14.541005,14.226186,14.330696,14.610678,14.19264,14.086625,14.285753,14.251131,14.407466,14.693252,14.939904,14.352415,14.902057,15.053016,15.233649,15.055811,15.91382,16.063273,16.355942,15.559435,16.997623,17.185567,17.845955,16.47572,17.44598,16.955475,17.920359,17.817999,18.637732,18.654075,18.058845,18.931692,17.889823,18.317538,18.548705,18.696008,18.633862,19.194471,19.310377,18.721167,19.512946,19.956358,19.425424,19.427574,15.83275,18.049168,17.895629,17.949174,16.738928,17.087078,16.530985,17.133742,18.991472,18.929541,18.291733,18.474302,19.766692,19.375319,18.43968,17.852406,17.585541,18.215609,18.264423,17.361685,19.182428,19.088241,19.063726,18.534298,18.644399,19.033406,19.035986,18.648268,18.754929,18.41194,18.034115,18.777938,18.418392,18.13884,17.917349,17.732414,16.898919,16.293366,16.355298,17.597154,15.791032
2025,Punchbowl 33_11kV,2025-01-08,MW,15.550188,15.034307,14.75669,14.824428,14.039101,13.654395,14.776474,12.934011,12.621128,12.427807,13.298934,11.911281,11.79516,11.721186,12.124601,11.69753,11.727852,11.869562,11.687855,12.323083,12.457698,12.95186,11.989126,13.1669,13.307751,12.824771,12.915088,14.024694,14.422518,14.575411,12.903906,14.887004,14.765722,16.349921,14.774538,17.721232,17.613926,17.847245,17.068586,16.47701,14.788086,14.764646,17.452216,14.715618,16.471204,17.489204,14.538424,18.350438,19.223286,18.789766,17.745961,18.511933,17.946378,17.11912,18.765896,17.574144,18.583328,18.547416,17.476517,17.314162,16.849459,17.055898,17.679515,17.034609,17.466624,17.776712,16.886016,18.401404,18.930402,19.104584,18.133464,18.336461,18.209587,18.427423,18.801162,18.351514,18.46656,18.405488,18.508924,18.198406,18.27797,18.388931,18.443336,18.067661,17.829396,17.493505,18.314097,17.164494,17.303194,17.260185,17.178256,16.348417,16.075316,15.523952,16.82774,15.261389
2025,Punchbowl 33_11kV,2025-01-09,MW,14.987859,14.576487,14.341878,13.97545,13.35807,12.976589,14.129632,12.617257,12.085464,11.941816,12.61188,11.311319,11.190036,11.088323,11.701832,11.258635,11.310889,11.327017,11.265085,11.550659,11.793654,12.377918,11.306589,12.835308,12.996802,12.614246,12.529306,13.131418,13.898466,14.395638,12.41383,15.056456,13.823846,14.954312,14.866146,12.723057,12.972719,11.66248,13.661492,14.150708,14.493696,14.376929,11.946763,13.692242,13.599775,13.198081,13.38624,15.36891,14.196511,12.537262,15.120108,15.366543,16.811182,15.397724,13.866424,17.79585,17.647473,16.918487,16.155741,17.061059,13.318503,11.977083,17.65801,14.917326,17.176105,17.287065,14.534554,19.479399,20.067533,19.954422,18.312807,19.974206,19.91507,20.056781,19.642614,19.449723,19.814646,20.349236,19.611004,20.711148,21.002097,20.933714,20.746845,20.299131,19.880233,19.456388,20.844258,19.373168,19.229307,18.845031,19.48284,17.274163,17.185137,16.595068,18.011536,16.177889
2025,Punchbowl 33_11kV,2025-01-10,MW,15.788668,15.688028,15.230209,14.820127,14.46273,14.0305,14.962698,13.013361,12.657686,12.385659,13.507308,12.150406,12.022886,11.807201,12.239648,11.976653,11.989986,12.1003,11.93472,12.557261,12.783268,12.909926,12.157287,13.236356,13.250335,13.106474,13.130558,13.532253,13.739551,14.191996,13.213992,14.788086,14.986568,16.055102,14.81131,16.187136,15.391703,14.226617,16.428196,16.548403,17.102132,19.064372,14.816256,15.601582,18.107014,21.205094,17.574144,21.359494,21.537761,21.687215,21.096285,21.136067,20.377621,18.935348,21.53475,16.651622,15.446968,14.59455,16.008223,14.964204,15.892102,17.670267,14.7025,17.364481,17.985301,17.5821,16.174879,16.925798,17.674139,17.703384,16.700437,19.295539,20.149678,19.96625,18.321408,20.40106,20.009687,20.01743,20.253974,20.18473,20.510516,20.824259,19.983668,20.18344,20.122584,20.13226,20.578253,19.694009,19.374028,19.200922,19.775509,18.128518,18.016266,17.613712,18.67773,17.028158
2025,Punchbowl 33_11kV,2025-01-11,MW,16.764948,16.244768,16.021556,15.948226,15.176664,14.550037,15.899628,13.699984,13.299364,13.03422,14.009426,12.914658,12.569304,12.335984,12.902185,12.214702,12.076432,12.155137,12.277709,12.409958,12.471459,12.952289,12.112989,13.143245,13.222166,12.808642,12.787568,13.539994,13.475912,13.220444,12.826706,14.902702,16.07166,16.342825,13.607731,15.453204,17.643817,18.387211,13.775247,17.25696,14.78314,15.77254,18.08981,18.901802,19.020503,17.347493,17.974764,16.018329,20.204084,20.049255,15.900272,17.79198,19.441982,19.660677,17.973474,18.873631,13.378284,14.569605,20.581908,16.338955,17.159763,18.533223,16.763444,16.331214,18.853203,19.149313,14.125333,17.625108,18.245499,19.858728,18.810194,19.328655,18.97341,19.626486,19.259628,20.088392,19.966896,19.94109,19.947111,19.603907,20.127744,20.461056,19.720458,20.37762,19.990978,19.828839,20.72448,19.535739,19.705836,19.523482,19.537675,18.715362,18.43624,18.077983,19.167806,17.678223
2025,Punchbowl 33_11kV,2025-01-12,MW,17.033964,16.676782,16.375081,16.164342,15.540295,14.907649,16.119399,13.87309,13.527952,13.27614,14.293924,12.724562,12.574894,12.339641,12.972288,12.425227,12.132127,12.269538,12.296202,12.46759,12.374048,12.741336,12.25255,12.860037,12.761548,12.429958,12.5564,12.880035,12.58371,12.308244,12.25427,13.092065,13.409679,13.67805,12.70908,13.674824,13.549885,13.59569,13.746647,14.125763,15.82974,17.444691,13.914593,14.180598,15.341599,16.52948,14.690243,15.034952,15.83619,15.847588,15.638354,15.289775,15.280097,15.359662,16.314656,15.898337,16.278959,16.377232,15.706521,16.763873,19.676375,19.59853,16.155956,19.653366,20.236554,21.469809,21.109616,21.911502,21.457766,20.766628,22.54888,20.519762,21.33971,21.776241,20.822969,21.95666,21.703988,21.603563,21.973648,21.919028,22.408028,22.484367,21.723556,22.81424,22.564792,22.33814,22.447382,21.722266,21.239072,21.156496,21.885696,20.167312,19.454238,18.910833,20.676097,18.583756
2025,Punchbowl 33_11kV,2025-01-13,MW,17.98229,17.612421,17.307924,16.721941,16.238745,15.588895,16.899778,14.831524,14.399294,14.113935,15.036458,13.638696,13.459569,13.461289,13.847286,13.472042,13.360435,13.528166,13.505157,13.715466,14.19522,14.371338,13.483653,14.54165,14.51735,14.685943,14.413916,15.174943,15.094303,14.775829,15.136881,16.805376,18.284851,18.571715,15.048069,18.669343,18.330655,18.708695,18.335171,17.798431,18.677085,15.754046,16.134666,14.606162,14.736691,15.279882,14.358437,15.93554,16.52991,16.672912,15.412346,17.499526,18.052824,18.694072,17.262121,20.083017,21.037794,20.801895,19.146088,21.638616,22.353409,23.319154,21.087252,28.964598,25.37816,24.798842,26.992037,24.908083,28.793211,28.173681,23.451618,26.582814,26.727536,27.754783,26.121984,27.065795,26.538948,26.744095,27.974769,26.76775,26.921718,26.804952,26.699152,26.641736,26.454222,26.074891,26.870108,24.769383,24.374354,23.892021,25.328702,22.806713,21.752157,20.959304,23.352055,20.404716
2025,Punchbowl 33_11kV,2025-01-14,MW,19.867761,19.069748,18.555372,18.014332,17.124066,16.866448,18.212598,15.951668,15.306978,15.062047,16.237886,14.663578,14.26984,14.307472,14.818837,14.391553,14.230272,14.262098,14.507889,14.535844,14.668524,15.177309,14.336072,15.530403,15.824149,15.595346,15.327406,16.436368,16.302398,16.214662,15.847158,18.65644,18.665258,19.762177,17.625754,20.08065,19.738952,19.152323,19.980872,21.377772,21.143379,19.774648,20.255048,16.683018,18.012396,20.34558,16.853761,20.139572,18.52548,20.679537,21.954725,25.598576,24.555418,21.722267,21.169183,21.729792,23.084544,23.337216,21.990851,21.090908,21.630444,24.31995,25.351711,25.747384,25.093663,26.782373,23.278081,27.170734,26.880431,28.050678,27.003864,28.409795,29.920666,30.017649,28.754289,29.001801,27.828972,27.212236,29.731214,27.339541,27.160842,27.276964,27.169444,27.483833,27.203206,26.417234,27.31051,25.597501,25.23559,24.579717,25.964145,23.558277,22.70973,21.825916,23.954167,21.156496
2025,Punchbowl 33_11kV,2025-01-15,MW,20.615884,19.825397,19.549717,18.78396,18.024008,17.52447,19.205868,16.631838,16.073165,15.723511,17.025362,15.092798,14.666374,14.594765,15.415788,14.576271,14.631752,14.795182,14.549392,15.05022,15.262464,15.625022,14.825288,15.935754,16.15359,16.089078,15.590186,16.612915,16.98644,16.912682,16.31444,17.780583,17.677579,17.855202,17.54705,18.244208,18.352589,18.374308,17.884877,18.8889,19.065445,19.07749,18.528276,19.599822,19.796369,20.348161,19.461551,21.680118,22.105682,22.608661,21.284015,23.661281,24.34898,24.64466,23.213783,25.412998,25.206988,30.201723,24.829379,30.040658,30.710508,27.713496,29.722398,31.280795,32.270839,32.853166,29.603268,30.109686,30.384077,30.548153,31.46659,29.645415,28.977715,28.742246,30.639546,28.416676,27.95606,27.701238,28.459469,28.2197,26.197464,24.288983,27.969823,24.018033,24.152864,23.639993,23.634831,22.715321,22.181377,21.79968,23.17357,21.025536,20.122368,19.386501,21.322076,18.760951
2025,Punchbowl 33_11kV,2025-01-16,MW,18.399253,17.948959,17.475226,17.268358,16.47443,16.209931,17.344482,15.303106,14.947216,14.630676,15.682223,14.304891,14.030284,14.018888,14.422518,13.984482,13.930936,14.047918,13.973516,14.043403,14.206833,14.56982,14.221886,14.88636,15.313429,15.550188,14.812386,16.950958,16.780002,16.63958,16.053811,17.795851,18.139055,18.489569,17.039769,18.759874,19.018998,19.133614,18.610851,18.692567,18.962872,19.035556,18.675364,20.085166,19.281347,19.021363,20.23505,19.140066,18.725899,19.121357,18.92868,18.852557,18.644828,17.563177,19.126518,17.889823,17.410929,17.153096,17.09525,15.911886,15.488686,15.160536,16.946228,15.609969,15.990375,16.738714,15.652116,16.404541,17.034178,17.919069,14.573046,18.780518,18.921586,17.76768,18.406135,18.210448,18.772778,19.19189,17.385985,19.345644,19.540256,20.10495,19.157268,19.61939,18.81428,18.540534,19.975497,17.893048,17.92982,18.297324,18.183138,17.394801,16.997406,16.400671,17.958206,15.605237
2025,Punchbowl 33_11kV,2025-01-17,MW,15.260099,14.933668,14.54251,14.350049,13.898465,13.49204,14.393272,12.669512,12.345447,11.98418,13.047982,11.6885,11.578614,11.381637,11.708282,11.513887,11.679038,11.855156,11.381637,12.143095,12.123095,12.655319,12.059873,13.146685,13.373553,13.470321,12.998738,14.37736,14.603796,15.21021,14.020394,16.45056,16.975904,17.546189,15.784367,18.382265,18.382265,18.125292,17.810903,17.76596,18.38678,18.294098,17.70833,18.473872,18.679665,18.994268,18.490429,19.881309,20.010762,19.198772,19.558749,18.067661,16.577004,16.108001,18.368718,16.474214,16.805161,13.790515,14.678416,14.54208,15.097958,14.801203,13.793311,16.683664,16.77441,17.645753,15.203543,15.068714,17.011384,17.542103,17.145355,17.734994,18.405919,18.318398,17.574144,19.055125,18.78482,19.068243,18.46656,17.974764,18.227221,18.133464,18.394307,17.698438,17.590487,17.272658,17.98057,17.35803,17.302764,17.17632,17.073315,16.496364,16.220038,15.800495,16.935905,15.234939
2025,Punchbowl 33_11kV,2025-01-18,MW,14.91324,15.066563,14.545305,14.137804,13.819761,13.253561,14.207693,12.68865,12.306524,11.935795,12.855306,11.487868,11.389809,11.279923,11.692155,11.007683,10.953923,10.973921,11.103806,11.375616,11.456901,12.121805,11.268742,12.497265,12.294913,12.233196,12.320932,13.232917,13.47075,14.038026,12.450171,14.899047,15.279238,13.89739,14.659062,15.343965,15.07796,15.131505,13.703855,15.056241,15.575777,15.094948,15.893606,16.938271,15.708027,17.868104,17.762519,16.31272,14.707876,13.772668,16.611196,14.666374,14.399939,13.995018,14.318654,15.570831,15.231713,15.20978,14.167266,15.972957,16.616572,16.791398,15.238809,16.819998,19.181568,19.08566,17.647043,17.496085,16.391424,17.805527,18.407855,17.222339,17.594788,17.656935,15.710607,18.302054,18.110669,18.291088,17.970249,18.497526,18.903307,18.965024,18.332375,18.740951,18.24937,17.964657,18.608702,17.967667,18.019277,17.988096,18.207867,16.978483,16.814409,16.481311,17.528126,15.910595
2025,Punchbowl 33_11kV,2025-01-19,MW,15.678997,15.393638,15.157525,14.848298,14.197801,13.664503,15.000116,12.95702,12.671878,12.313621,13.325169,11.85021,11.471524,11.469588,12.021596,11.225303,11.273042,11.242506,11.352607,11.194982,11.338414,11.905689,11.233475,11.854511,11.66592,11.546143,12.04482,12.169113,12.319211,12.427807,11.717315,13.078088,12.877026,12.478126,13.267323,13.576551,14.451978,15.24483,13.162169,14.42811,17.096325,16.195093,14.641428,16.946013,15.974892,14.252421,15.016888,12.434473,13.180017,12.3076,14.206617,12.443074,14.05824,14.474987,12.73811,12.469525,15.480516,15.136881,15.030866,15.553629,14.087916,14.037166,15.899844,14.091571,15.799205,15.646096,12.167608,13.717402,15.765658,15.246122,15.489116,16.562596,15.110431,16.749251,16.47658,17.44555,17.822301,17.655859,16.687319,18.414736,18.703534,18.907607,17.640806,18.683965,18.37904,18.27969,18.657946,18.03003,18.040566,17.810903,18.139269,16.667321,16.221974,15.940055,17.473506,15.109786
2025,Punchbowl 33_11kV,2025-01-20,MW,14.951301,14.639278,14.371124,14.205542,13.616333,13.133782,14.198231,12.309105,11.855801,11.486792,12.574035,11.246808,11.140362,11.12918,11.276698,11.073915,11.194552,11.352177,11.21111,11.7943,11.886551,12.756388,11.50679,12.966052,13.008846,13.073787,12.808213,13.254205,13.397422,13.627515,13.082603,13.702134,13.561282,13.24969,13.805783,12.706714,12.494469,11.890636,12.591237,12.12116,12.961106,12.348887,12.09729,12.573174,11.551734,11.020585,11.575389,11.164017,11.262505,11.134986,11.210035,11.290675,10.982739,10.964029,11.076496,11.44873,11.289814,11.877304,11.187241,11.202078,11.540767,11.98332,11.29218,12.907562,13.535907,14.219735,12.31405,15.244831,15.83189,16.58496,14.868296,17.437594,17.910897,18.570639,16.704953,19.231458,19.364352,19.650786,19.499183,19.524558,19.70132,20.204084,19.711642,20.245157,19.617239,19.189525,20.18215,18.89664,18.755145,18.242058,18.845675,17.488559,16.622162,16.143698,17.648762,15.729532
2025,Punchbowl 33_11kV,2025-01-21,MW,15.161611,14.634977,14.510899,14.389832,13.990717,13.373983,14.392412,12.459632,12.079227,11.88053,12.85165,11.617966,11.403142,11.439053,11.684629,11.429376,11.414324,11.639685,11.430452,12.038369,12.167394,12.84047,11.751291,13.00562,13.211197,13.112278,12.924979,12.502641,13.031425,13.402368,12.84606,13.501932,14.16963,15.033447,13.831373,14.617559,12.168254,11.42529,14.908292,14.333491,11.305083,11.248957,12.047401,13.139159,12.862188,12.909496,12.687575,11.688069,11.858596,12.166748,11.762903,11.928699,11.980954,12.104387,11.946547,12.590162,13.097656,13.164534,12.148255,13.49161,13.825136,14.530038,13.03422,15.784581,16.422604,17.026007,15.164836,17.948099,18.852342,19.411447,17.559952,20.82598,22.617477,22.025472,19.670784,21.82613,21.76635,21.469594,22.290402,20.569436,21.107897,21.361428,20.878879,20.958873,20.782541,20.385577,21.092199,20.083016,19.524773,19.181139,19.769918,18.683536,17.868749,17.359104,18.754069,16.66388
2025,Punchbowl 33_11kV,2025-01-22,MW,16.561091,16.04392,15.770174,15.47815,14.827438,14.400584,15.599002,13.44043,13.118945,12.780042,13.830727,12.454258,12.312116,12.308245,12.618547,12.356198,12.326308,12.292978,12.321578,12.852296,12.952934,13.248184,12.544574,14.116086,14.353921,14.310912,13.563648,14.486815,15.300528,15.217091,14.450043,14.535844,14.685727,16.669041,14.499288,17.732414,18.565693,17.822515,17.239758,16.079186,17.033748,18.804173,17.120411,15.160751,13.337211,14.263604,16.183696,14.54079,15.099679,16.271862,13.836319,19.462626,20.278057,21.338204,16.975688,24.755406,19.397899,20.361278,25.139036,22.225674,23.365386,20.121293,17.722522,19.731426,22.190624,21.428092,21.268317,21.057362,20.526429,22.09579,21.105317,21.318205,20.769209,20.699751,21.912576,21.397985,21.4554,20.873934,21.093703,20.079145,20.542127,20.406221,20.312249,20.286014,19.850988,19.619175,20.232469,19.450154,19.280917,19.010397,19.51144,17.614571,17.528555,16.976978,18.036266,16.365189
2025,Punchbowl 33_11kV,2025-01-23,MW,16.118108,15.853825,15.582014,15.226338,14.653686,14.40252,15.276012,13.401078,13.016371,12.701767,13.675254,12.361575,12.20137,12.022242,12.544144,11.959235,11.968266,12.139438,11.995147,12.481997,12.943688,13.68321,12.254699,13.684071,14.00276,13.81503,13.619128,15.008287,15.066564,15.140966,14.222531,15.58739,15.573412,15.556854,15.456215,15.813826,13.586657,13.326674,16.103916,13.173136,13.907927,13.498706,13.688587,13.348824,11.784407,11.576679,13.264743,12.461783,12.245453,11.943322,12.521995,12.625429,11.869133,12.582635,12.691876,14.922702,16.563671,17.784024,13.447097,17.028373,16.484322,15.027856,17.27739,17.051167,18.148086,18.376673,16.866233,19.132539,18.752134,18.775359,19.416821,20.18602,20.861246,20.870062,19.459185,21.045105,20.25849,20.18344,20.874794,20.682117,20.864686,20.859956,20.361278,20.29096,19.59853,19.591649,20.83157,19.152968,19.023729,18.750628,19.34973,17.830256,17.126431,16.598078,18.331946,16.210145
2025,Punchbowl 33_11kV,2025-01-24,MW,15.767593,15.3745,15.168921,14.911949,14.428754,14.127699,14.992375,13.12045,12.728002,12.535757,13.426237,12.149545,12.143094,11.923753,12.423936,12.274698,12.373617,12.473395,11.938376,12.570809,12.754668,13.200446,12.426947,13.89094,14.195006,13.890294,13.65547,14.178447,14.22081,14.447462,13.857608,14.974096,16.162407,16.212726,14.744432,17.219544,17.396736,14.954957,15.37364,15.83361,17.107722,17.748972,13.319578,18.139485,16.976333,14.746798,16.327343,13.650955,12.513823,12.671662,13.157222,14.206187,13.024758,12.557261,13.592679,12.316417,12.564357,12.946698,12.355769,13.752884,13.254636,13.911153,12.752087,14.147267,14.280162,16.20477,14.418218,16.47443,15.803289,16.968162,14.883779,17.321042,18.011536,17.787249,16.437228,18.718587,18.606767,18.637948,18.402479,18.682891,19.115766,19.560469,18.766326,19.535094,19.079424,18.667838,19.271886,18.673429,18.253886,18.162279,18.399898,17.598444,17.070521,16.429057,17.748326,16.374221
2025,Punchbowl 33_11kV,2025-01-25,MW,15.907584,15.660072,15.503739,15.188276,14.685082,14.262743,15.333212,13.455482,13.057874,12.726497,13.807718,12.429742,12.272978,12.080517,12.498984,12.121806,12.085464,12.073422,12.089549,12.238142,12.287386,12.534682,12.092991,13.129053,13.225176,13.14389,12.852296,13.20023,13.396132,13.434839,12.723487,14.033296,13.970719,13.968999,13.773312,13.801913,14.371769,14.091142,13.89352,14.247046,14.249841,12.478986,14.562723,13.944914,13.577411,12.920894,12.268677,13.187542,12.846706,13.108408,12.987126,14.061681,13.999749,13.583647,13.682136,13.532682,13.51462,13.659556,14.012652,13.883628,14.112,15.837912,13.606871,17.619303,15.516212,15.814042,17.692416,17.568338,18.716436,18.727834,16.306913,18.420971,17.969388,18.546985,18.020998,18.586553,19.123723,19.437681,18.279262,19.634873,19.67745,20.089252,19.37618,20.126024,20.045168,19.706911,20.217201,19.029965,18.929971,19.013622,19.244145,18.49172,18.2741,17.601884,18.427852,16.946658
2025,Punchbowl 33_11kV,2025-01-26,MW,16.705168,16.487332,16.199824,15.905003,15.40138,14.923346,15.99145,13.919109,13.373768,13.160018,14.360157,12.830792,12.609516,12.346737,12.908206,12.263516,12.298783,12.431462,12.361575,12.476405,12.426302,12.824126,12.359854,13.027984,12.963472,12.838748,12.918744,12.906485,13.098516,13.478062,12.972073,13.735895,13.76299,14.81002,13.480858,14.765507,14.204682,14.892166,14.748519,14.409616,15.171287,18.173676,14.643794,15.088497,16.359599,20.446218,18.288722,19.397683,19.338546,18.386135,21.055856,15.780065,16.846234,16.814838,14.894316,16.105637,16.086283,16.862363,15.437722,15.985643,16.04994,17.625324,15.8349,16.059833,16.31401,17.284915,18.759445,18.106368,18.183568,18.606551,18.323774,20.240641,20.867482,21.456477,19.177267,21.655173,21.403362,21.321646,21.749576,21.389384,21.777316,21.836023,21.371536,22.17213,21.864838,21.619906,21.997302,21.671517,21.191332,21.117359,21.492603,20.696096,20.21118,19.832279,20.796088,19.557457
2025,Punchbowl 33_11kV,2025-01-27,MW,18.87191,18.661171,18.178621,17.44426,16.767529,16.144344,17.68317,15.337728,14.846577,14.600142,15.728886,14.218446,14.123397,14.003406,14.265324,13.698694,13.675469,13.657836,13.722993,13.779118,13.860188,13.996308,13.715896,14.413916,14.115441,14.117376,14.299944,14.683362,14.868942,14.874317,14.22253,16.184771,16.696996,16.965581,15.552983,15.273001,16.058328,16.212726,15.989084,16.372285,16.598508,17.82058,15.99575,18.236468,19.146516,19.273176,17.319322,20.869417,21.617972,21.714095,19.827118,22.222879,22.643928,22.736179,22.240298,24.040828,24.262104,24.747878,23.901912,25.80437,26.700657,26.837208,25.260534,27.778438,29.40672,32.990146,27.301049,28.593869,29.338123,30.322791,31.655824,34.334576,34.413927,33.860199,32.38954,31.142954,29.576387,28.971049,33.4413,28.320983,27.941868,28.079279,28.811704,27.140844,26.516153,25.925438,27.434374,25.412137,25.033451,24.739923,25.627823,23.093362,22.489743,21.644422,23.931158,20.638248
2025,Punchbowl 33_11kV,2025-01-28,MW,20.266015,19.433381,19.05749,18.625045,17.882942,17.3619,18.765251,16.477655,16.092304,15.777915,16.758281,15.302032,15.245692,15.024414,15.503524,15.015383,14.953022,14.930873,15.014953,15.418583,15.492988,15.392348,15.002911,15.816622,16.593132,16.948593,15.575132,17.720372,17.501676,17.60296,17.369426,19.122218,19.40779,19.687127,18.391512,21.003816,21.4754,21.839462,20.287089,22.893159,23.620424,24.503594,22.527376,25.629327,26.047151,26.710334,25.011303,28.365497,29.333177,29.531444,27.33782,30.354186,30.778031,31.257355,29.938729,32.022253,32.476631,32.552111,31.652383,38.412166,34.939485,34.665954,35.693415,31.960751,30.124309,33.798482,35.623311,31.137793,29.624771,26.98623,33.128418,26.477445,25.981348,26.192947,25.789747,25.174088,23.975885,23.656766,26.100051,23.210774,23.069062,22.999818,23.216794,22.718547,22.399643,21.926554,22.970359,21.360784,20.998227,20.678677,21.41777,19.834,19.202857,18.678805,20.167097,18.095832
2025,Punchbowl 33_11kV,2025-01-29,MW,17.205351,16.944936,16.455076,16.337664,15.643515,14.953667,16.394005,14.247906,13.860619,13.477202,14.428754,13.11873,13.011211,13.053789,13.331835,12.82004,12.93229,13.051853,12.862618,13.261302,13.555477,14.161029,13.076153,14.570251,14.70035,14.61713,14.365318,15.127634,15.162255,15.280097,14.899907,16.709039,17.52576,17.335234,15.730177,18.357965,16.677858,17.888533,18.111528,17.81972,17.450282,17.270938,18.123141,17.348782,17.123205,17.97885,17.248144,17.871329,18.531932,17.645108,17.731339,16.39594,15.325471,15.556424,17.758648,14.774539,14.97431,15.115592,14.227692,14.619709,13.978245,14.049424,14.293064,16.014889,18.057985,17.46598,16.011663,18.367427,19.73035,20.021084,18.173461,20.192257,20.405361,20.252682,19.40779,21.158001,21.137142,20.940381,20.865331,20.790498,20.776735,20.69674,20.753725,20.172687,20.0256,19.916145,20.503204,19.857654,19.963454,19.687127,19.365857,18.416886,17.915412,17.515869,19.292744,17.063424
2025,Punchbowl 33_11kV,2025-01-30,MW,16.619151,16.295948,15.91081,15.528899,14.908078,14.637773,15.563305,13.963622,13.740196,13.454192,14.233283,12.987556,12.884122,12.783483,13.197651,12.770796,12.834016,12.773807,12.714026,13.276999,13.453548,13.880832,13.080884,14.443807,14.442516,14.400154,14.122537,15.832535,16.342395,16.583025,14.579283,17.396951,17.12471,17.49329,16.968161,17.999278,18.264638,17.28384,16.598077,16.577434,16.894403,17.617797,17.077617,16.844513,18.736005,17.106862,18.766326,18.86761,19.064587,16.186706,16.970527,17.059124,17.701018,18.224425,19.198556,18.87277,19.872061,19.444347,17.152667,18.641818,18.456239,17.620808,18.878577,20.67072,21.950639,22.340936,19.663688,22.44136,21.191978,20.493957,22.735964,21.673238,21.955584,21.782262,21.130046,22.06332,21.725061,21.694311,22.072566,21.522493,21.93236,22.073426,21.600338,21.61152,20.581049,19.947541,22.135358,20.227738,20.15699,19.900447,20.142152,18.24808,17.671128,17.587691,19.197051,16.936551
2025,Punchbowl 33_11kV,2025-01-31,MW,16.593562,16.336158,16.055532,15.760281,15.121828,14.649816,15.66932,13.929431,13.500642,13.320868,14.203607,12.858747,12.907991,12.795956,12.974008,12.591668,12.559412,12.828641,12.663921,13.324954,13.506232,14.149202,13.019597,14.5924,14.658202,14.587024,14.295214,15.855974,16.456796,16.87505,15.068283,17.941002,17.945948,18.472366,17.314161,17.663816,18.350008,16.504106,18.207438,17.795207,17.544899,17.911113,17.279754,18.127227,16.136817,17.98702,18.565264,18.308506,17.940357,19.242854,17.694137,16.234445,16.055101,16.820644,16.598078,15.377511,15.594916,14.963344,15.29171,16.650548,16.424756,15.697275,16.291646,16.534211,17.768755,17.798431,15.868877,19.105875,18.753424,18.728048,17.736069,19.011041,19.423918,20.625777,19.208448,21.257564,21.405727,21.120153,20.6976,21.077791,21.574748,21.58249,20.786842,21.131336,20.810281,20.515677,21.048761,20.495893,20.389663,20.087318,20.438046,18.993624,18.608272,18.163784,19.207588,17.616722
2025,Punchbowl 33_11kV,2025-02-01,MW,17.427272,16.898274,16.607109,16.280463,15.80286,15.431271,16.332933,14.434346,14.045983,13.696972,14.682502,13.274204,13.140449,12.963257,13.425163,12.84692,12.669726,12.745636,12.937237,13.034435,13.141955,13.416346,12.872294,13.852446,13.960828,13.802988,13.715252,13.779978,14.055875,14.165545,13.62601,15.459656,15.55965,16.412713,14.895176,16.193802,16.79957,18.244854,16.106066,17.621452,15.85404,15.938551,18.463119,17.015041,18.184214,19.076414,15.813827,19.073404,19.366072,20.415253,19.274036,18.718802,16.79527,17.06708,19.871417,18.657731,15.889952,13.624504,19.37575,17.153956,19.575307,21.103166,14.350049,21.242296,20.058716,20.5389,21.590232,17.583176,18.186363,19.904317,18.97427,21.621842,21.5083,20.987044,21.558836,20.654162,20.787703,20.64427,20.504064,21.25821,21.700117,21.957089,20.67287,21.190258,20.907264,20.69717,21.276058,20.512451,20.369019,20.250747,20.569436,19.616595,19.423058,19.146947,19.958293,18.616873
2025,Punchbowl 33_11kV,2025-02-02,MW,17.89907,17.503611,17.09181,16.655708,16.121764,15.56266,16.671191,14.61842,14.227046,13.84191,14.928293,13.264097,13.013146,12.930571,13.478707,12.807783,12.836168,12.782193,12.688436,12.772731,12.700908,13.128192,12.768214,13.237648,13.27399,13.302805,13.260657,13.342372,13.382799,13.639772,13.209907,13.766646,13.995018,14.304891,13.479782,14.482514,14.808084,14.740132,14.402949,15.496428,17.395876,16.427121,14.756905,19.177483,17.766175,16.781722,17.404693,17.751123,18.41624,18.837073,16.71807,17.959496,16.511417,16.432497,18.11368,17.240187,17.060414,16.932035,16.243692,15.945001,16.468408,17.189654,15.986074,18.0582,18.808688,19.255757,17.511998,19.927542,20.323001,20.942746,19.522407,22.432113,22.815744,23.322379,22.01214,23.910513,23.62064,23.316787,23.489035,23.946855,24.173723,24.262749,23.411189,23.62924,23.24518,22.660916,24.012873,22.563933,22.240942,21.66485,22.450392,20.572018,20.191611,19.690568,21.003387,18.997279
2025,Punchbowl 33_11kV,2025-02-03,MW,18.336461,17.736714,17.305559,16.647107,16.015534,15.652977,16.912467,14.714973,14.311772,13.929432,15.093012,13.46473,13.431184,13.268614,13.73396,13.279366,13.232917,13.229906,13.287537,13.801483,14.125118,14.036521,13.408604,14.530037,15.135591,15.818127,14.0834,16.17316,16.349706,16.269926,16.012094,16.98773,16.868383,17.66231,16.477655,17.894984,18.529997,17.797141,17.427272,17.161912,17.458023,17.327063,17.533071,16.52604,16.440884,17.780152,17.462968,17.057617,17.500171,18.015622,17.868534,19.182428,20.014634,20.220642,19.07749,20.073124,20.45525,20.99156,19.913564,21.326593,21.938596,22.704139,21.302937,24.047494,24.996895,25.791898,23.261092,26.828606,27.037409,27.085793,26.21058,27.68339,27.856927,28.728269,27.292232,28.819446,27.968533,27.555227,29.740892,26.898493,26.979564,26.827746,27.101062,26.674423,26.39702,25.98995,26.805811,25.142693,24.833465,24.07545,25.536861,22.427812,21.658399,21.035858,23.047988,20.122368
2025,Punchbowl 33_11kV,2025-02-04,MW,19.958938,19.316183,18.853633,18.455808,17.804668,17.14901,18.480108,16.226489,15.777486,15.453205,16.677213,14.955388,14.707876,14.894961,15.227843,14.696479,14.46144,14.683146,14.714327,14.797548,14.964204,15.513847,14.644439,15.986074,16.26025,16.503246,15.595776,16.700436,17.248358,17.923154,16.690544,18.142925,17.89649,18.22077,18.451722,18.582897,18.704394,17.605755,18.274744,17.899714,17.636075,17.651343,17.596938,18.002934,18.328504,18.96954,17.710049,19.770134,20.39805,20.800175,19.358116,21.783982,22.165679,22.942403,21.075426,23.601285,24.201032,24.918405,23.384094,26.025432,25.876193,26.940426,25.310424,30.815233,32.992943,29.413172,27.567268,30.659543,30.330533,30.93888,30.592021,32.357069,32.540713,32.981976,32.110203,32.613182,32.002898,31.879681,33.158739,31.680984,31.655824,31.567444,31.803127,31.361649,30.587075,29.45962,31.482932,28.196905,27.861658,27.231806,28.792566,25.724805,24.821853,23.834174,26.591202,22.781123
2025,Punchbowl 33_11kV,2025-02-05,MW,21.780757,21.325302,20.699966,20.231394,19.410155,18.969969,20.384072,17.580595,16.971388,16.789894,18.200556,16.160256,15.983923,15.877479,16.549049,15.613624,15.687813,15.930809,15.631258,16.031018,16.362608,16.55894,15.948656,17.134818,17.228359,17.354803,16.778066,18.220554,18.888039,19.201137,17.842084,20.184946,20.353536,20.397189,19.519612,20.636744,20.743834,20.729427,20.3759,21.739039,23.103898,22.501356,21.077146,22.017086,21.940747,22.6035,22.083748,23.076158,22.399857,24.27135,22.92176,22.652744,24.06061,25.509335,22.634896,26.661304,26.584321,26.051452,25.394074,26.967737,27.32922,27.135253,27.231591,27.17396,26.572278,24.863785,26.146283,27.043431,26.185636,24.545096,26.036399,26.981714,27.852627,27.669198,26.172089,26.133596,26.020916,25.846733,26.77377,26.082632,26.151015,25.835552,25.958554,25.488691,24.799273,23.962768,25.382246,23.238298,22.944768,22.398137,23.334851,21.400351,20.839527,20.220427,21.76807,19.40779
2025,Punchbowl 33_11kV,2025-02-06,MW,18.771917,18.247866,17.962936,17.490064,16.739789,16.379167,17.677579,15.486751,15.195157,15.058176,15.859416,14.504663,14.228767,14.254572,14.708091,14.211348,14.067702,14.440151,14.297795,14.967214,14.9713,15.436001,14.53735,15.926938,16.280679,16.599583,15.657278,17.576295,17.958421,17.943368,16.953539,18.57193,18.562682,18.107444,18.417101,17.713276,17.30513,17.156322,17.71521,18.199052,17.614141,17.850685,17.356523,18.511074,19.125227,18.742242,17.74424,18.900726,18.826968,19.496602,18.305495,20.927263,21.858171,22.298788,20.283434,21.528085,20.924898,20.559544,21.69689,21.523783,21.349817,23.30152,21.253048,24.359516,25.217956,26.056827,23.567739,27.881657,27.907677,28.03627,26.515507,29.315328,29.618105,29.91744,28.508068,29.80175,29.401989,29.00524,30.206024,28.972554,29.235979,29.219636,28.76246,28.511938,27.621888,26.855701,29.158349,25.732332,25.365473,24.800564,26.14736,23.210127,22.485658,21.630014,24.023409,20.905113
2025,Punchbowl 33_11kV,2025-02-07,MW,19.920876,19.396608,19.007816,18.541179,17.767896,17.148151,18.802668,16.303472,15.810171,15.455356,16.579584,14.912809,14.639923,14.554338,15.276657,14.470256,14.477783,14.577992,14.413702,14.94399,15.182684,15.631473,14.701855,16.084132,16.430132,16.4497,15.590401,17.520814,17.967452,18.273024,16.887521,19.405855,19.641969,19.334246,18.818366,18.800517,18.750198,18.353879,18.884813,17.971538,17.942723,18.25195,18.134324,18.33173,18.686332,19.652506,18.202706,20.26666,20.595672,21.21219,20.066888,22.118154,22.483078,22.4691,21.48099,22.886278,23.184108,23.507743,22.463079,23.399793,24.621651,25.798134,23.428392,27.638662,28.326574,28.690207,26.672701,29.00051,29.430804,29.236193,28.750204,29.720894,29.526928,29.345863,29.587784,28.565914,27.945524,27.441255,29.026314,27.289006,27.242773,27.11719,27.364916,26.836348,25.939201,25.094523,26.912472,24.774113,24.263393,23.687946,24.719494,22.591888,21.892578,21.470239,23.055729,20.770068
2025,Punchbowl 33_11kV,2025-02-08,MW,20.135915,19.710997,19.147377,18.657731,17.917778,17.428347,18.845891,16.483677,16.088862,15.671041,16.967947,15.174084,14.873027,14.688307,15.496213,14.531758,14.427464,14.480148,14.444022,14.778839,14.688952,15.039252,14.495846,15.311708,15.201823,14.854962,15.136236,15.065273,15.355791,16.426476,14.901628,18.33001,17.344696,17.072242,17.771766,16.465184,18.229157,19.43768,16.780216,20.112262,20.222792,19.615303,17.732629,17.565973,19.070822,19.517461,20.514601,19.480259,19.698094,21.28595,20.576532,21.801185,22.41104,24.525743,23.862558,22.150841,22.700913,23.189699,23.35442,23.405169,24.040612,27.680594,23.361946,29.286298,30.795878,30.311179,27.055472,28.444847,27.542109,26.953544,29.436826,26.225848,25.812542,25.788027,26.639585,25.002486,24.353496,24.0819,25.333432,24.373494,24.662078,24.594125,24.070073,24.610683,24.384461,23.772888,24.423384,22.727578,22.111704,21.44852,23.390332,20.825334,19.975925,19.397899,21.033278,19.382845
2025,Punchbowl 33_11kV,2025-02-09,MW,18.786324,18.374093,18.043792,17.464689,16.760648,16.231865,17.726608,15.488256,14.977965,14.736046,15.757702,14.232422,14.083615,13.898896,14.592399,13.670954,13.512253,13.500426,13.701704,13.62343,13.7331,13.902551,13.54666,14.347468,14.334997,14.310267,14.269194,14.229197,14.5438,14.748734,14.049424,15.391487,15.733402,15.574272,15.140322,15.889306,16.958914,17.991536,16.093593,18.300979,17.777357,17.316956,18.362267,18.51645,17.944442,17.520814,18.05433,18.961797,19.2921,20.85716,18.519891,20.513312,17.710265,17.748112,21.759467,18.683536,19.225221,21.616682,18.752778,19.73422,20.324292,22.860903,21.09951,24.257157,22.168474,22.147184,22.007624,25.402031,25.620942,25.551054,21.734954,25.669325,25.843937,26.560666,26.043064,26.224559,25.741578,26.079837,26.759148,27.010314,26.867098,26.832047,26.439598,27.266858,26.49981,25.713838,26.890322,25.007217,24.03072,23.527741,25.131725,22.245888,21.469163,20.835656,22.723922,20.21118
2025,Punchbowl 33_11kV,2025-02-10,MW,19.551222,18.816861,18.312376,18.036265,17.316742,16.755702,18.132173,15.815762,15.431916,15.095808,16.279818,14.662717,14.474342,14.310482,14.853028,14.327255,14.13974,14.303816,14.313063,14.634547,14.931302,15.503525,14.402089,16.077036,16.403897,16.248207,15.743724,17.508988,17.933261,18.097767,16.897414,18.913628,19.868406,18.319688,18.440326,18.275389,19.735081,19.071898,17.601239,21.830647,20.538041,21.768714,20.142582,22.46953,22.813164,23.036376,22.324162,23.241524,23.235287,22.92692,23.384094,22.071277,21.254554,20.197203,22.609736,18.713857,18.289152,19.187159,19.24135,19.312528,19.023944,19.809485,19.905177,19.709277,20.039362,20.376975,20.29311,18.97255,19.881094,18.990613,19.632507,17.344052,19.618744,20.264939,17.645754,21.177785,21.049406,21.192408,20.885761,20.91479,21.454542,21.151549,20.970056,20.99242,20.388158,20.255478,21.211762,20.001731,19.765617,19.089961,20.255693,17.665751,17.432002,16.87462,18.4085,16.346481
2025,Punchbowl 33_11kV,2025-02-11,MW,16.108431,15.6719,15.236229,15.065487,14.547886,14.074583,15.062262,13.477418,13.0125,12.79101,13.635902,12.492105,12.350822,12.288677,12.550595,12.187822,12.17449,12.413614,12.111698,13.034005,13.304096,13.900401,12.637256,14.377145,14.787871,15.162256,14.066197,16.484322,17.142558,17.007514,15.650181,16.73893,16.530125,16.349707,16.760002,16.964076,17.059123,16.504966,15.558574,15.567391,14.748949,15.280528,14.064477,18.13841,18.000139,17.099981,15.954248,15.030221,15.02162,14.796257,16.024566,19.689923,15.389337,14.895176,19.29683,16.951603,17.138688,16.781507,14.483158,18.19862,16.77355,18.48828,16.906445,21.805701,17.565757,18.821376,22.388029,22.65511,22.25148,21.596038,21.429812,23.432695,23.305175,22.895954,22.483079,22.024183,22.488454,22.333195,22.403942,22.742415,23.203891,23.264747,22.271263,22.779832,22.760479,22.308036,22.946489,21.403792,21.01586,20.464713,21.853225,19.10265,18.443981,17.970678,19.556383,17.521459
2025,Punchbowl 33_11kV,2025-02-12,MW,17.18019,16.513136,16.076606,15.752971,15.160966,14.709811,15.831675,14.019964,13.605366,13.324524,14.261883,12.964977,12.800901,12.828212,13.126902,12.720906,12.836814,12.79359,12.742196,13.192919,13.400433,13.719767,12.917453,14.774538,15.113011,15.533631,14.129634,16.320462,16.928593,17.202986,15.880058,17.725318,16.318096,15.946506,17.31287,17.395876,15.720929,15.623301,16.74323,15.950376,15.388478,16.441099,15.647386,16.829031,14.740778,14.370263,17.309215,14.536919,14.959473,15.305472,14.116731,15.357082,15.223112,15.411272,15.32461,16.0994,16.539372,16.495504,15.523093,16.605389,19.286508,19.218986,16.355512,20.915436,23.965779,23.418716,19.073189,22.79467,23.309261,23.709666,24.24619,24.503378,25.118608,25.728246,24.188989,25.421814,25.0513,25.326122,25.636854,25.323325,25.416654,25.612556,25.180324,24.857764,24.250921,24.042762,25.379451,23.421512,23.312056,22.834883,23.393342,21.026396,20.342569,19.549932,21.764198,18.967818
2025,Punchbowl 33_11kV,2025-02-13,MW,18.341192,17.941862,17.55565,17.061274,16.425186,15.998116,17.214168,15.266765,14.922486,14.670459,15.42611,14.214144,13.974805,13.960828,14.369188,14.016307,13.812665,13.959321,13.847716,14.18963,14.386606,15.040758,14.009641,15.62029,16.284549,16.479161,15.21107,17.352868,17.87348,18.190664,16.921928,18.557306,19.00459,18.077553,18.429574,18.852772,17.970034,17.742521,18.11841,20.272036,20.064737,19.066737,19.105874,19.827333,18.267648,15.346975,19.343279,16.695061,16.116174,16.542812,15.837051,17.033104,17.19804,17.472646,16.909455,18.351515,18.525696,18.338396,18.010246,18.276895,19.265219,20.56449,18.309152,22.680915,23.40775,23.937608,21.396481,25.15624,25.37687,25.794263,24.425104,26.240903,26.947523,27.587482,26.000056,27.969608,27.948104,27.416955,28.005519,27.142779,27.165359,26.785383,27.273954,26.352506,25.457941,25.095383,26.713774,24.146411,23.884923,23.333346,24.538644,21.691516,20.690289,20.170538,22.297068,19.659603
2025,Punchbowl 33_11kV,2025-02-14,MW,18.97685,18.30313,17.993258,17.464259,16.858706,16.416584,17.673708,15.653622,15.314934,15.084412,15.910379,14.541434,14.265324,14.254786,14.75626,14.173932,14.158449,14.258872,14.204038,14.506598,14.850018,15.057531,14.311772,16.225843,16.281108,16.629474,15.662222,17.675858,17.968528,17.777572,17.021707,19.552513,19.00287,18.473657,18.276465,19.138131,21.779251,21.854301,17.808538,22.405877,22.887782,22.60221,21.858816,22.964767,22.834668,23.86385,22.261156,24.822068,24.343604,23.636983,24.281673,21.909995,21.194127,22.213632,22.79295,23.976314,23.906858,23.072717,23.561073,21.129185,21.813658,22.627584,21.894298,22.646509,23.05702,23.816756,22.849937,21.722696,22.185677,22.974014,23.436565,24.08448,23.906428,23.596124,23.793961,23.796326,23.9761,24.154583,23.442371,24.045129,24.044053,24.197806,24.361022,24.040397,23.51914,22.959821,24.126628,22.434048,22.499636,22.191053,22.562427,20.951992,20.26279,19.59208,21.634959,18.963303
2025,Punchbowl 33_11kV,2025-02-15,MW,18.950401,18.183568,17.718007,17.44727,16.682804,16.158966,17.547264,15.300526,14.876682,14.51219,15.547823,14.075228,13.853737,13.825998,14.369188,13.640848,13.46516,13.375703,13.696328,13.530747,13.544725,13.713961,13.473547,14.232422,14.559928,14.479503,13.872016,14.941624,14.879907,15.202897,14.565949,16.025857,15.8878,16.375296,15.849953,16.184126,15.917691,15.654697,15.896832,15.800495,15.163546,15.407186,15.533845,15.346545,15.200748,15.113011,15.999621,16.525609,17.418026,16.561736,15.409981,16.480021,15.660503,16.345837,16.727102,15.982848,16.152944,16.294441,16.324332,18.739876,18.965668,19.714222,17.042135,18.546555,18.521181,18.480539,19.153398,20.517826,20.530729,20.461486,20.763188,20.59395,21.193698,22.225674,20.084951,22.150411,21.836238,21.726137,22.57361,21.898814,21.993647,22.090414,21.884192,21.430456,21.007903,20.692224,21.894729,20.054416,20.080221,19.386717,20.215911,18.388931,18.107873,17.429638,18.64913,16.888382
2025,Punchbowl 33_11kV,2025-02-16,MW,16.760004,16.114023,15.786086,15.515137,14.94872,14.382306,15.630183,13.637622,13.329684,12.911432,13.930722,12.492749,12.335984,12.078797,12.681984,11.87838,11.734949,11.771935,11.9616,11.848704,12.01106,12.003963,11.749786,12.488878,13.211628,13.06454,12.236206,12.749292,12.678328,13.0125,12.903475,13.12045,13.460858,12.926484,13.047552,13.052929,12.776386,12.4663,12.902615,11.69452,11.119289,10.978437,11.998372,10.471373,10.688778,10.147307,10.947472,10.556314,10.495027,10.251818,10.327296,9.847972,9.797008,10.190746,10.16064,9.337467,9.35897,9.211884,9.471222,9.314243,9.581108,10.051399,9.35639,11.035207,11.449805,12.139008,10.466212,13.08712,13.570529,14.338652,12.581345,15.53621,16.488838,17.214382,15.079035,18.65515,18.624615,18.793636,18.128088,19.255112,19.484774,19.096412,18.976205,18.911264,18.923735,18.316892,18.848256,18.089595,17.871759,17.204276,18.045728,16.518082,15.918766,15.463526,16.498299,15.147418
2025,Punchbowl 33_11kV,2025-02-17,MW,14.552617,14.18834,13.952656,13.73482,13.273129,12.794236,13.86707,12.292762,11.867413,11.725056,12.429313,11.382712,11.108967,11.029402,11.518618,11.059938,11.066173,10.976072,10.931128,11.579689,12.073636,12.521994,11.319061,13.438925,13.914808,14.24898,12.963256,15.075379,15.519006,15.652117,14.762281,15.45729,15.306118,14.357146,15.716413,12.841758,12.4463,12.044176,13.296353,11.151759,10.450084,10.018713,11.538402,10.767054,10.124728,9.745613,10.13376,9.950546,9.783675,9.768837,10.113116,9.740882,10.04667,9.844746,9.811415,10.004091,10.179778,10.366648,9.751419,9.874422,9.955922,10.812426,10.166232,12.488018,13.269688,14.043618,11.460987,14.788516,15.526319,16.12714,14.35177,17.111594,17.70876,18.48269,16.489053,19.400909,19.533803,19.680676,19.028676,20.274402,20.223006,20.124949,20.116993,19.966463,19.583692,19.103079,20.015278,18.251519,17.644462,17.601024,18.608056,16.942357,16.197242,15.677706,17.045146,15.097743
2025,Punchbowl 33_11kV,2025-02-18,MW,14.880768,14.59498,14.175652,14.109205,13.323448,12.755528,13.985126,12.142234,11.785052,11.424,12.285235,11.148534,11.028112,11.000156,11.29089,11.172189,11.134126,11.236915,10.978437,11.752581,12.031272,12.729938,11.459482,13.699984,14.022759,14.18748,13.177221,15.31687,15.555995,15.82931,14.94743,15.731681,15.484816,14.522727,15.540511,13.459999,12.571024,12.130406,13.805784,11.631084,10.902958,11.831716,11.839242,11.315404,10.56556,12.484362,11.726131,10.520832,10.463417,10.927258,10.868982,12.63102,12.919818,12.302439,10.613945,15.710177,13.417636,11.858381,14.43155,11.918377,13.843415,12.749292,15.775765,15.195802,16.226274,16.767959,13.54838,17.748972,18.420327,18.895995,17.459958,19.787121,20.382781,20.454175,19.255112,20.882966,20.745124,20.75437,20.888126,21.214772,21.146173,20.79996,20.854794,20.867912,20.522773,19.70304,20.841678,19.226297,18.70375,18.416887,19.318549,17.572209,16.866448,16.037253,17.798217,15.770388
2025,Punchbowl 33_11kV,2025-02-19,MW,15.164191,14.903993,14.616055,14.579712,13.84105,13.415056,14.525092,12.678329,12.39125,12.191263,12.959171,11.924398,11.782687,11.843114,11.915796,11.670222,11.707638,11.886982,11.839242,12.1532,12.554251,13.431828,12.081164,14.036307,14.521222,14.397359,13.43355,16.042414,16.675708,16.8,15.196878,16.858706,17.137183,16.194448,16.849676,14.672179,14.618419,13.587732,14.684221,13.916529,15.033231,13.292268,13.479998,13.619343,16.389059,18.618809,13.280656,17.304699,15.85877,15.801354,18.324848,17.790905,15.408907,14.821417,14.8855,16.541307,15.494924,12.909496,16.200039,12.798536,15.770389,17.058909,13.643859,17.708545,17.235241,17.705319,17.462323,18.19862,19.07878,19.329516,17.733274,20.569222,21.464218,21.390245,20.165592,21.414328,21.488948,21.302938,21.694956,21.559266,21.633025,21.55604,21.408093,21.434328,21.194774,20.738888,21.610875,20.221932,19.687128,19.299841,20.274831,18.412585,17.673062,17.024502,18.532363,16.328203
2025,Punchbowl 33_11kV,2025-02-20,MW,16.199608,15.600721,15.37665,15.197737,14.574981,14.029855,15.169352,13.38796,13.030134,12.817244,13.498492,12.464364,12.206316,12.166963,12.537908,12.192553,12.117074,12.41985,12.125676,12.748646,12.979814,13.626655,12.50178,14.296935,14.903347,14.840341,13.810514,16.28713,16.945152,17.036974,15.551048,17.499096,17.820794,17.82101,17.833267,17.733919,16.819784,16.763659,17.379534,17.273303,16.260895,17.950249,16.536362,19.095767,19.011041,18.387426,19.084585,16.77613,17.498234,16.263475,17.139548,17.385984,15.878769,15.865437,17.357814,15.435572,13.799548,13.217649,16.77183,13.631816,13.81331,12.840899,13.191414,16.860857,17.235456,15.368479,14.81475,15.626527,16.048435,16.832901,15.29386,19.288444,19.64713,20.570512,17.738435,20.532235,20.50987,20.34644,20.690074,20.958874,21.158216,20.827485,20.762757,19.96883,19.379835,19.16372,20.31612,18.792346,18.555156,18.325924,18.817721,16.920637,16.191652,15.553413,17.410929,15.312354
2025,Punchbowl 33_11kV,2025-02-21,MW,15.150214,14.587669,14.343598,14.209628,13.695037,13.471395,14.099958,12.52393,12.150406,11.99407,12.885842,11.727636,11.549368,11.426795,11.795159,11.415399,11.482491,11.635814,11.328737,12.085033,12.375122,12.746281,11.757097,13.907927,14.551112,14.59971,13.211412,15.773184,16.281968,16.628398,14.81475,16.397875,16.74366,16.870534,16.497869,16.227779,15.855545,14.577777,16.325406,16.552489,16.397876,14.953882,15.477074,16.433356,17.787464,19.157054,16.606679,19.856149,19.53832,19.260488,20.175483,18.800947,17.707039,17.9481,19.206297,18.679665,19.145011,17.933906,18.319903,16.760433,17.413294,18.288077,15.220102,19.149098,19.494236,19.91894,18.994698,19.741532,20.08022,20.297626,19.853998,19.464131,19.897867,20.043664,19.784971,19.766692,19.251456,19.604982,20.032267,19.969906,19.804754,19.398974,19.762391,18.884598,18.700739,18.462044,18.909758,18.310656,18.280552,17.790044,18.334957,17.210942,16.655924,16.354222,17.299538,16.424541
2025,Punchbowl 33_11kV,2025-02-22,MW,15.69663,15.491052,15.018394,14.984632,14.307686,13.950506,14.93711,13.015296,12.643062,12.569088,13.471611,12.268462,12.124386,11.906335,12.414474,12.079872,11.942462,11.950418,11.807201,12.022241,12.155996,12.352543,11.956008,13.279365,13.677405,13.636977,12.659835,14.159094,14.177802,14.26812,13.604721,15.957689,15.655127,15.262894,14.987643,17.182127,17.809613,17.442325,15.83103,18.014546,16.227994,16.981278,18.214748,15.687598,13.242164,13.630741,17.158472,17.199975,17.624034,15.682008,16.506686,14.27199,14.816256,16.028436,14.769807,17.916274,16.679579,15.368264,17.189008,15.988869,15.195802,15.67061,15.253002,16.889887,17.5006,17.958206,16.23638,19.085231,19.146087,19.501762,18.383339,20.167527,20.944681,21.282509,19.580468,21.04317,20.779101,20.496538,21.347236,21.250898,20.978872,20.889631,20.877159,20.69373,20.421705,19.850772,20.72018,19.656161,19.385641,19.239199,19.560684,18.70805,18.051748,17.803377,18.833848,17.175675
2025,Punchbowl 33_11kV,2025-02-23,MW,16.755916,16.433142,16.115313,15.682867,14.894746,14.40682,15.843502,13.718907,13.283882,12.830362,13.95459,12.523715,12.274914,12.135567,12.611236,11.860531,11.766989,11.813653,11.982674,12.003318,12.047617,12.574679,11.747205,12.842834,13.032284,12.959171,12.66048,13.19378,13.27657,13.27829,13.109483,14.085334,14.277581,14.509394,13.676975,14.529178,14.631537,14.417357,14.419508,14.238659,13.849867,13.858898,14.270485,14.381016,13.946419,13.68493,14.713682,13.956096,14.213714,14.331772,13.56967,15.454065,16.566897,16.349277,14.733466,17.742951,15.700285,16.146064,16.060047,16.98386,17.514147,19.572082,16.532491,22.856602,23.024764,23.818046,23.102392,23.915459,23.54473,23.558277,24.006636,22.754458,22.214708,21.415404,23.496991,22.356849,22.486733,22.383084,21.970423,23.321518,23.387535,23.05788,23.133358,22.55447,22.133422,21.547438,22.60221,20.896727,20.636744,20.262574,21.074136,19.454885,19.012547,18.582467,19.712932,17.898639
2025,Punchbowl 33_11kV,2025-02-24,MW,17.01805,16.580444,16.218747,15.75125,15.227412,14.956246,16.035103,14.199091,13.940828,13.6273,14.516921,13.287322,12.926055,12.916378,13.400003,12.782838,12.916162,13.044971,12.76542,13.476987,13.759334,14.454989,13.090775,14.995384,15.552984,16.078112,14.603152,16.963861,17.250939,17.347276,16.243262,17.883157,18.992118,17.641667,17.683169,17.55135,17.206426,16.789248,17.510708,16.68517,16.318096,16.457441,16.61184,15.43041,15.413422,15.771895,16.741509,16.13187,15.937044,15.99446,15.841352,15.829954,15.750175,16.020695,15.730176,16.354652,16.533566,16.672051,16.17875,16.697856,17.674569,18.722673,16.783012,20.308378,21.153271,21.846344,19.524557,22.266746,22.513398,23.149056,22.28094,25.005282,24.344248,24.048784,23.651604,24.294145,24.161895,24.296726,24.470693,24.627672,24.709387,24.501228,24.142111,23.202171,22.893804,22.030848,23.571179,21.52658,21.290896,20.579543,21.565072,19.637883,19.11082,18.548276,19.900017,18.054329
2025,Punchbowl 33_11kV,2025-02-25,MW,17.47544,16.850964,16.484537,16.108647,15.628247,15.018394,16.195523,14.438862,14.013081,13.781268,14.73282,13.484944,13.271838,13.215069,13.648804,13.280871,13.235282,13.387746,13.232702,13.590098,13.922549,14.660567,13.368822,15.321816,15.790818,16.200039,14.978396,17.467914,18.023794,18.502472,16.632914,19.448004,19.700675,19.567565,19.124582,19.977001,19.973346,19.78282,19.570145,19.842171,19.537459,19.315968,19.648635,19.155118,19.013407,19.694655,19.366072,20.277627,20.207739,19.670139,19.886255,19.536384,19.304571,19.495312,19.814646,18.764821,19.00072,18.696224,19.377685,18.629561,19.032546,19.802818,18.974484,20.622982,20.566427,20.829634,20.476968,20.136776,20.242145,20.324292,20.752866,20.268596,20.375255,20.570512,20.214406,20.498258,20.379771,20.47095,20.584489,20.794153,20.677386,20.595672,20.795443,20.218491,20.138281,19.486066,20.401706,19.225007,18.838364,18.584402,19.113831,17.640376,16.890102,16.39594,17.897135,16.192942
2025,Punchbowl 33_11kV,2025-02-26,MW,15.886726,15.51191,15.146343,14.817546,14.24812,13.897821,14.847222,13.2484,12.931646,12.750151,13.302804,12.295988,12.131052,11.937301,12.571669,12.152771,12.222659,12.475331,12.097505,12.971214,13.254851,13.928356,12.677038,14.566379,14.953237,15.258593,14.019533,16.618722,17.101916,17.212017,15.93941,17.827031,18.345923,17.603175,17.63414,15.880059,16.53378,15.998546,15.492987,18.455808,18.856428,16.821074,16.636784,15.165912,15.010222,15.488686,16.455506,17.332654,17.849611,18.662462,15.783721,17.970678,16.409918,15.529759,18.181848,15.61943,16.326267,16.293151,15.060972,16.938486,17.828106,19.227371,16.93311,21.134777,21.872363,22.306529,20.142582,23.308832,23.590104,24.059751,23.184108,24.778199,24.804435,24.91991,24.64595,25.002271,24.912384,24.80809,24.999046,25.056031,24.446608,24.254362,25.167637,23.699344,23.188838,22.567158,24.117382,21.855375,21.77194,21.656033,22.0416,20.062372,19.329085,18.752993,20.848774,18.394307
2025,Punchbowl 33_11kV,2025-02-27,MW,18.03519,17.509417,16.939346,16.539372,15.977472,15.42697,16.631839,14.572831,14.282097,14.127482,14.904637,13.537413,13.404948,13.601925,13.798472,13.22066,13.290118,13.499351,13.567304,13.939538,14.202962,14.529608,13.615688,15.017319,15.542876,16.297022,14.634548,17.917778,18.653214,18.758799,17.19761,18.73751,18.319043,17.826817,18.654936,19.674655,18.338826,16.763444,17.832838,17.297388,17.047942,17.373296,16.915262,17.464474,17.486838,18.234962,17.240402,19.439616,19.593369,19.740028,18.802238,20.465786,20.280638,20.299561,20.172043,21.007258,21.172838,21.47755,20.768563,22.473401,23.532902,23.172712,21.399061,24.902922,25.66954,26.3424,24.132219,26.936341,27.065795,27.406848,26.66023,27.976704,28.357324,28.793641,27.813704,28.557958,28.1425,27.6821,28.767406,27.435664,27.294382,27.085579,27.611352,26.645392,26.244772,25.695346,26.715494,24.876258,24.504238,23.964918,25.080546,22.177721,21.260359,20.598037,22.889718,20.258704
2025,Punchbowl 33_11kV,2025-02-28,MW,19.423488,19.015557,18.59451,17.768326,17.116324,16.631194,17.98358,16.003277,15.682437,15.242035,16.167138,14.801848,14.576702,14.416712,14.914959,14.30274,14.231992,14.441441,14.172211,14.680567,14.804429,15.53191,14.369189,16.217026,16.678933,16.815053,15.436002,17.630916,18.373233,18.936638,17.47286,19.554664,19.271025,19.118347,19.0076,18.698588,18.555803,18.448711,18.716652,19.557028,19.042222,19.775939,18.904597,19.802819,20.462132,22.236212,19.481764,26.632706,26.690765,28.289158,26.725172,30.484716,29.13491,27.948748,29.664982,24.988078,25.360528,26.304124,27.037839,28.168305,28.62118,30.253334,26.876345,32.697048,33.612043,34.258238,32.565442,35.130656,35.520738,35.949314,34.843361,35.565466,35.709112,35.681587,36.065864,34.439086,33.802137,33.225401,34.974536,33.513124,33.110139,32.50437,33.645374,31.538627,30.2929,29.34651,31.594323,28.140565,27.534797,27.078482,28.834714,25.539656,24.866796,24.18985,26.303048,23.322164
2025,Punchbowl 33_11kV,2025-03-01,MW,22.330399,21.53088,20.954572,20.142367,19.355966,18.782883,20.563846,17.733705,17.366631,17.136107,18.196255,16.426691,15.931669,15.828879,16.816128,16.172514,16.275088,16.479375,16.04306,16.439379,16.404972,16.787528,16.573778,16.643452,16.55507,16.324762,16.493568,16.407982,16.606894,17.027082,16.248637,17.761659,18.054758,18.258832,17.317602,18.551716,18.288077,18.162924,18.46785,18.269154,18.420542,18.05433,17.948528,18.78869,19.172751,19.146946,18.379899,19.969904,20.444713,20.897158,19.706911,21.897954,22.486518,23.273134,21.356913,24.627026,25.324616,25.751471,24.026419,27.566622,28.189379,28.902021,26.688184,30.326447,30.887486,31.569592,29.601761,32.786719,33.268838,33.94514,32.327178,34.307052,34.490266,33.826653,34.368124,33.294,32.337501,31.31305,33.557207,30.378701,30.232258,29.642835,30.721046,28.431943,27.786179,27.240837,29.076634,26.674422,26.764309,26.47723,26.834412,25.598576,24.925501,24.415428,25.93576,23.687732
2025,Punchbowl 33_11kV,2025-03-02,MW,23.001755,22.259866,21.688935,20.860816,20.177634,19.373599,21.247242,18.205716,17.74166,17.301258,18.572575,16.597647,16.412498,16.137892,16.834191,16.44841,16.90236,17.185782,16.09897,16.981279,16.93311,17.137398,17.183632,16.39465,16.28799,15.932529,16.671621,15.855544,16.269712,16.453571,15.88737,16.088003,16.029727,16.461312,16.29057,17.124925,17.974978,18.041856,16.733982,17.536083,19.200492,20.707492,17.448131,21.649582,22.488023,21.936446,21.224663,22.415124,22.60393,20.80899,22.154927,22.322658,21.699687,22.274704,21.6298,22.743276,22.788864,22.250834,22.830797,21.658184,21.802046,21.959455,21.389815,22.089769,22.14783,22.212558,22.076652,21.818174,21.96311,21.809357,21.849785,22.340937,22.706074,23.453338,21.990205,24.007496,23.876321,22.353408,24.05287,22.3347,22.222018,21.882686,21.74764,21.861397,21.37046,21.019946,21.546577,20.808346,20.199138,20.085381,20.567072,19.564984,19.08093,18.551286,19.75594,18.187008
2025,Punchbowl 33_11kV,2025-03-03,MW,17.634355,17.225994,16.967516,16.58238,16.0708,15.605024,16.77054,14.734326,14.414562,14.318009,15.07839,13.806214,13.729444,13.698263,14.019318,14.144256,14.739056,15.483311,13.697617,15.479655,15.58997,15.961129,15.659428,15.365252,15.476429,15.415358,15.502448,16.390779,16.465613,16.616571,15.924572,17.235026,17.491784,16.721726,16.760003,15.827374,15.540941,15.342459,15.762862,14.18834,14.515846,16.139612,14.390691,14.602077,14.642719,15.066778,15.437291,16.844083,17.062994,14.502944,16.525395,17.513933,18.979646,17.862728,14.519931,13.961042,14.817976,14.531974,16.842148,13.163889,15.755981,16.632914,14.497567,17.417381,18.973409,20.893933,16.39121,20.825764,21.506581,20.85544,20.864472,21.445509,22.232771,22.622854,20.99027,23.883848,23.5686,21.767854,23.446242,21.570878,21.523999,21.404867,21.354116,21.12467,20.772434,20.681258,21.109187,19.935284,19.486926,19.068672,20.100004,18.536449,17.891114,17.565758,18.876856,17.340181
2025,Punchbowl 33_11kV,2025-03-04,MW,16.935476,16.635064,16.097034,15.602657,15.195372,14.687878,15.811677,13.984912,13.775463,13.670308,14.24167,13.187329,13.151632,13.30044,13.509458,13.696328,14.164255,15.072154,13.246464,14.985493,15.131935,15.362243,15.29558,15.21365,15.662009,15.689534,15.096023,16.087143,16.433358,16.58926,15.685662,17.373941,17.718436,17.058478,16.649258,17.592639,14.58896,15.456,17.935412,16.572703,15.494062,14.332847,16.567112,13.19894,13.927496,14.099528,13.215069,14.173931,15.055596,14.530038,13.945774,14.625516,14.439722,13.944914,14.670889,16.33831,17.14213,17.546834,14.392842,17.148364,16.294011,17.413939,16.545178,17.775637,19.40349,20.486861,19.149313,22.325453,22.055148,21.917308,21.246167,21.483356,21.563566,22.222449,21.673022,23.159809,23.294208,21.361214,22.709299,20.961025,20.791573,20.382136,20.631368,20.041513,19.72347,19.439186,20.311173,19.181139,18.941154,18.84675,19.128023,17.631559,17.382974,17.359534,18.315387,16.708824
2025,Punchbowl 33_11kV,2025-03-05,MW,16.200684,15.783076,15.581798,15.274076,14.670244,14.379941,15.394284,13.684931,13.315708,13.035724,13.819976,12.746926,12.596183,12.581776,12.928635,13.186038,13.810084,14.639062,12.734669,14.611752,14.728089,15.02807,14.885714,14.899477,15.086347,15.053016,14.920766,15.590831,16.20649,15.936614,15.3988,15.307623,16.256164,15.885005,16.072736,15.320954,15.722435,15.088926,15.487826,15.717274,16.894834,15.214941,15.503095,12.283085,12.268677,14.017168,13.666222,15.686093,14.776904,15.544166,15.367188,16.938056,16.123485,14.865929,15.772324,14.2464,13.592249,13.628375,14.225541,14.471117,15.96113,16.250144,13.671168,16.168858,16.783012,17.241908,16.20778,19.000075,19.547781,20.461916,18.247864,21.159506,22.390825,23.496346,21.028977,24.536279,25.10205,22.980466,23.927071,22.686076,22.532752,22.284812,22.428457,21.76592,21.270252,21.244017,22.195139,21.053922,20.80254,20.326871,21.055212,19.576166,18.908467,18.340332,19.826689,18.229371
2025,Punchbowl 33_11kV,2025-03-06,MW,17.681019,16.866447,16.673771,16.311214,15.718994,15.431271,16.385833,14.700995,14.19092,13.909647,14.89582,13.593324,13.403874,13.341296,13.752453,13.829653,14.40381,15.041833,13.374843,15.033661,15.16118,15.252572,15.386757,15.329127,15.639859,15.871243,15.45084,16.411422,16.442605,17.102132,15.798344,17.733704,17.649408,18.018416,17.535222,18.164645,17.053533,17.222769,17.661666,17.283625,16.857846,17.680375,17.722306,15.688244,14.214359,15.190857,16.818708,16.872254,17.822302,14.343814,15.456644,12.531671,13.235282,13.859113,13.75783,13.76041,14.805719,14.627451,13.233132,14.430044,15.744799,15.440518,12.570593,19.147592,21.331752,22.190624,16.687319,21.344872,20.31311,20.547287,20.412243,21.136927,22.832948,23.425383,19.826904,24.838196,24.708526,22.572965,24.369839,22.554471,22.304594,22.091705,22.436414,21.268101,20.717598,20.444284,21.882901,20.230533,20.23892,20.069253,20.351386,18.870621,18.401188,17.999064,19.78153,17.207286
2025,Punchbowl 33_11kV,2025-03-07,MW,17.023858,16.530769,16.42024,16.159611,15.556209,14.892811,16.361319,14.002115,13.639987,13.568594,14.41198,13.401938,13.380004,13.257861,13.336135,13.550316,14.0105,14.820772,13.316352,15.10742,15.169781,15.5904,15.18032,15.12871,15.322031,15.167202,15.256444,15.957259,16.334869,16.993106,15.520082,17.624894,17.352224,17.858642,17.245779,17.284056,18.083574,16.116603,16.956549,17.055468,16.986226,16.980849,17.148365,17.975194,14.850663,13.067765,16.353147,15.971237,16.750111,15.254938,16.808602,17.152235,13.94298,13.221734,14.541004,13.89911,13.371618,12.722842,12.889713,14.122106,16.143912,16.587971,12.728433,18.170665,18.752133,18.756434,16.897628,19.152323,19.261778,20.730286,19.383921,20.948337,21.183591,21.518623,20.938444,22.995948,22.947565,21.098004,22.552106,21.593457,21.358203,21.271757,21.236921,20.501914,20.148172,20.164086,20.91307,19.924102,19.727984,19.601756,19.941305,19.237049,18.795356,18.453013,19.31898,18.272163
2025,Punchbowl 33_11kV,2025-03-08,MW,17.943583,17.667687,17.323837,16.684523,16.081982,15.618355,16.831611,14.867436,14.509609,14.244465,15.276012,13.576121,13.665792,13.500857,13.948569,13.89696,14.314998,14.992374,13.49376,15.071939,14.909799,15.309772,15.261389,14.794752,14.577777,14.456924,14.946356,14.559068,14.828729,15.093872,14.739917,15.858125,16.031016,16.282614,15.34676,16.979344,18.137119,17.444475,16.531846,18.453014,17.185352,16.45056,17.597799,16.20864,15.667169,18.068091,15.203757,19.669708,18.717512,17.101057,19.108885,18.901586,18.078413,18.460755,16.144773,18.57236,19.604768,19.917006,18.874492,18.768691,18.053253,17.335234,19.466497,17.74295,19.484344,20.087317,17.482538,19.274681,19.139635,19.710137,19.370374,20.668784,21.66098,22.17858,20.20731,23.099382,21.926768,20.275692,22.858537,20.574167,20.442562,20.156775,20.26236,19.800024,19.321129,19.424134,19.982162,19.315538,19.457249,19.483054,19.363922,18.873846,18.685041,18.285281,19.254897,17.862298
2025,Punchbowl 33_11kV,2025-03-09,MW,17.747681,17.41308,17.176751,17.008159,16.42454,15.842428,17.06407,14.793247,14.535199,14.277796,15.320095,13.853738,13.805783,13.790515,13.967063,13.805998,14.215865,14.733251,13.68321,14.843781,14.483804,14.865716,14.80615,14.294138,14.147052,13.866855,14.598635,13.690738,13.143675,13.128837,13.615688,13.598485,14.622505,14.201457,13.740411,17.164923,17.991968,15.889306,15.632118,18.616658,18.000999,17.095465,16.861072,17.273949,17.252014,14.292204,16.978053,14.371553,15.025706,14.43499,13.881907,14.776904,14.072863,14.27328,14.694328,14.448538,14.557993,16.430776,14.583584,16.950959,16.022631,16.301538,16.377447,18.476881,18.826967,21.276488,17.015685,21.50701,22.038374,22.362226,22.09149,23.149057,24.258017,24.801854,22.572104,25.792543,24.9455,23.178947,25.536645,23.281306,22.872945,22.568018,23.255286,22.716611,22.240297,21.922898,22.379428,21.636465,21.121014,20.755876,21.673882,20.122154,19.400049,19.180494,20.286014,18.87363
2025,Punchbowl 33_11kV,2025-03-10,MW,18.311302,17.87778,17.355878,16.74925,16.246058,15.85533,17.072671,15.05237,14.729166,14.296075,15.386327,13.89954,13.782559,13.686651,13.988782,14.069853,14.622505,15.412778,13.753744,15.446538,15.321171,15.650612,15.705016,15.583735,15.841138,16.200684,15.598357,16.723016,16.934615,17.144494,16.348201,17.087939,17.265132,17.336096,16.932465,17.06794,18.16916,17.625324,16.55507,17.382544,18.016266,19.710352,17.029663,17.601884,14.567455,16.072735,17.63199,17.166859,17.367491,16.93053,17.226855,19.027385,20.664054,20.486861,17.423832,18.248725,18.33001,18.808259,19.426284,17.436089,19.132754,19.878298,17.382759,20.05119,20.47568,21.119723,19.83959,21.168538,20.83286,21.98483,21.173484,22.669518,22.84456,23.593544,22.645648,26.274878,25.108716,23.06132,25.113017,23.389686,23.167334,23.080674,23.238513,22.232126,22.043105,21.964186,22.730374,21.732803,21.610014,21.027686,21.830431,19.62068,19.284788,18.945669,20.163656,18.54763
2025,Punchbowl 33_11kV,2025-03-11,MW,18.055189,17.643602,17.158688,16.839352,16.290355,15.843933,16.965796,15.13301,14.721853,14.440796,15.240745,13.926206,13.875026,13.67719,14.108989,14.180382,14.682286,15.452989,13.822771,15.794258,15.332137,15.93898,16.04521,15.839417,16.024351,16.028652,15.796624,17.007514,17.362545,17.758434,16.348416,18.340546,18.837074,18.280766,17.92638,17.880575,18.409574,18.424628,17.268142,17.49845,17.160622,17.708114,18.418176,16.354438,16.179824,17.933261,17.112883,18.19518,18.881158,19.156409,18.01218,19.496386,18.119056,17.796925,19.755295,18.504192,19.371878,19.117702,17.418026,18.137764,18.075833,18.016051,18.16443,16.997837,18.357105,18.651494,17.409853,20.365794,21.414329,21.536902,18.871481,22.101381,22.518559,22.60221,21.60894,24.108995,23.168626,21.481206,23.323669,21.133916,20.64126,20.381062,21.597972,19.679386,19.275111,19.226297,20.243651,18.940939,19.02803,19.043082,18.973624,18.155612,17.441895,16.912466,18.699234,16.699577
2025,Punchbowl 33_11kV,2025-03-12,MW,16.606894,16.158751,15.843932,15.544812,14.820341,14.257367,15.610614,13.660201,13.411401,13.216574,13.819546,13.087764,13.364306,13.130558,13.218509,13.217434,13.745358,14.492621,12.901755,15.21408,14.864641,15.112151,15.011942,15.15903,15.405896,15.74953,14.83346,16.136387,16.618076,16.886661,16.019621,16.912252,17.459528,17.057404,16.399596,15.767592,16.724091,17.472,15.013233,17.170514,15.601368,13.647729,17.295238,13.101743,13.884273,16.831181,12.683704,18.549996,18.671493,18.246574,18.314312,17.684245,17.183417,14.854963,17.350287,14.337147,16.254014,17.841009,13.313987,16.082627,19.507569,20.281283,16.363899,19.341558,21.449595,19.531224,19.576597,19.922166,21.048331,21.056287,18.09282,22.143744,22.707794,23.812884,21.873439,25.542237,24.375,22.895094,24.740353,22.447596,22.266962,21.993647,22.885418,21.176709,20.80039,20.67029,21.760113,20.541265,20.410737,20.101294,20.332033,19.059211,18.377103,18.039276,19.767767,17.52576
2025,Punchbowl 33_11kV,2025-03-13,MW,17.055467,16.916551,16.675277,16.204554,15.443528,14.86679,16.294871,14.292203,13.8389,13.49161,14.579928,13.52107,13.38452,13.218078,13.479353,13.426668,13.781699,14.579497,13.197435,15.006782,14.964204,15.228057,14.97001,15.197522,15.337514,15.579863,15.174944,16.253368,16.405402,16.630763,15.816192,16.784733,16.807527,16.557436,16.736993,15.686523,15.454495,14.81002,15.847373,14.561004,14.491545,14.232422,14.680351,13.725144,13.936098,14.053294,13.807503,14.548316,14.86636,14.847438,14.385531,15.282463,15.323106,15.673191,15.256874,16.787959,17.346847,17.751552,16.078326,18.850192,20.078715,21.708074,18.124216,24.120392,25.195376,26.093385,22.786499,27.530067,27.818435,28.394097,26.87269,29.32135,29.910129,30.930278,28.963738,31.842694,29.824974,28.166155,31.559701,27.763814,27.36126,26.902795,28.266578,25.728891,24.976681,24.446608,26.369925,23.52086,23.491616,22.79467,23.866001,21.543783,20.785766,20.113767,22.116434,19.745188
2025,Punchbowl 33_11kV,2025-03-14,MW,19.045448,18.561392,18.291518,17.759293,16.77355,16.299817,18.073683,15.629753,15.239025,15.021404,15.859845,14.669384,14.473483,14.407895,14.829588,14.742712,15.059682,15.514491,14.315642,15.712758,15.621366,15.780711,15.636419,15.80329,15.96242,16.077252,15.79813,16.727532,17.167504,17.404048,16.279388,17.584682,17.883372,17.616936,17.641882,17.100626,16.903005,16.546899,17.018911,16.917197,16.715704,16.793118,16.655064,16.774626,17.070736,17.392865,16.77097,19.214684,19.627345,20.096564,18.453873,21.978379,22.319433,22.636186,20.981023,23.643218,24.717773,25.605027,22.857677,26.469273,27.816069,29.537464,25.96694,32.226108,33.264538,33.830093,31.191122,34.450484,35.611055,36.548415,34.58768,35.717069,35.688254,35.697931,36.216178,35.742015,33.547316,32.49061,35.736207,32.544799,31.943332,31.467879,32.638556,30.991566,30.729432,30.060658,31.129191,29.239419,28.660962,28.068742,29.352531,26.844089,26.066504,25.299672,27.25546,24.507679
2025,Punchbowl 33_11kV,2025-03-15,MW,23.70515,22.95423,22.404803,21.803336,20.743188,20.027536,22.019022,19.135765,18.763746,18.362266,19.438112,17.500816,17.46684,17.163418,18.151097,17.091165,17.241047,17.571994,17.009234,17.628335,17.371792,17.611991,17.892188,17.651344,17.551779,17.486408,17.741876,17.264272,17.399962,17.71177,17.199974,18.846321,18.808903,18.731059,18.328504,21.09478,20.82813,20.765768,20.229458,19.033406,18.105508,19.224576,20.185804,19.86002,19.953777,20.508796,18.773206,22.55404,22.837249,23.358935,21.653239,24.705301,25.283759,26.339605,24.140606,27.758438,28.691068,29.437471,27.130092,30.558689,31.638836,32.557917,29.77616,33.890305,34.655203,34.956902,33.295719,35.742013,35.740294,36.133602,35.416443,37.11741,37.493944,37.284496,36.976559,36.270582,34.182114,33.375928,36.79399,33.128417,33.031649,32.44373,33.253787,31.417775,31.085538,30.511382,31.799041,29.962384,29.981738,29.56714,30.053561,28.585483,27.951331,27.306855,29.03212,26.440673
2025,Punchbowl 33_11kV,2025-03-16,MW,25.499658,24.851528,24.231567,23.318722,22.394481,21.674956,23.677625,20.290315,19.871417,19.364997,20.905759,18.672568,18.204212,18.010461,19.048888,17.933692,17.924444,18.182277,17.849826,18.40764,17.987666,18.348073,18.465055,17.878641,17.698437,17.406198,18.088305,17.391791,18.083359,17.970248,17.2275,18.16744,18.702459,19.268874,18.107874,19.476173,18.814495,19.99356,19.705621,21.598403,22.042246,23.691602,21.0436,24.545956,24.975821,26.463252,23.027344,25.984574,25.397085,25.524173,25.56331,29.495747,29.311028,29.155555,27.235246,29.251246,30.300426,31.053928,29.174908,33.819986,34.905509,36.998708,31.894949,35.900283,37.869191,38.26336,35.554069,37.920584,37.975419,38.431734,38.159926,38.950626,39.538329,39.763907,38.60656,39.480266,37.686192,36.998278,39.928634,37.645333,37.188373,36.509922,37.420616,35.407196,34.793473,34.122118,35.911681,33.14218,32.636406,31.845275,33.440011,30.252042,29.227807,28.394097,30.771149,27.43975
2025,Punchbowl 33_11kV,2025-03-17,MW,26.582171,25.768244,24.880988,22.826927,21.665495,20.781466,23.606447,19.471872,18.755573,18.090885,20.029901,16.880641,16.327772,15.901778,17.474366,15.829095,15.995106,16.375081,15.694266,16.379596,15.965645,16.290355,16.816988,16.203049,16.402391,16.443679,16.412928,16.709683,16.802366,16.79914,16.401962,16.934186,16.657213,15.970376,16.680438,14.872167,14.10856,13.104753,15.240961,12.174705,11.599042,11.502275,12.629515,10.91199,10.58599,10.80275,11.377122,10.61588,10.555884,10.32364,10.919946,10.145372,9.963879,9.83765,10.19096,10.787697,10.53825,11.320566,9.875282,11.103376,10.959084,11.710002,10.18881,13.365381,14.144902,14.912163,12.314265,16.472709,17.183416,18.163354,16.097465,19.745834,20.496539,21.593242,19.094477,23.142175,20.862751,20.327086,22.632531,20.58148,20.17871,19.776584,20.864256,19.099208,19.164796,18.841375,19.43467,18.496666,18.284852,17.539524,18.569134,17.037188,16.219392,15.908229,17.076542,15.656417
2025,Punchbowl 33_11kV,2025-03-18,MW,15.350416,14.845502,14.527242,14.29887,13.970506,13.591173,14.268764,12.966697,12.513392,12.376198,13.105829,12.136643,11.882466,11.861177,12.242012,12.234916,12.783698,13.255281,11.817093,13.861479,13.639557,14.30145,13.737186,14.230702,14.208768,14.40682,14.242959,15.061832,15.388692,15.719209,14.742283,16.172084,16.20606,15.031512,15.546748,14.654976,13.269904,14.060391,14.670244,13.896745,11.044669,11.032413,15.114732,11.087032,13.479998,14.381661,11.170253,13.349468,14.30145,15.000115,15.055165,16.224123,15.272786,13.564724,14.104474,14.634762,14.6739,16.226058,13.46172,16.739574,16.903435,17.929821,16.293366,17.197609,18.228941,18.915563,17.680159,19.59337,19.882383,20.758886,19.562619,20.7705,20.807486,21.161012,21.158432,22.157722,20.80469,20.467508,22.345666,20.145377,19.932058,19.745618,20.312247,19.800023,19.375535,19.022438,19.942166,18.65042,18.27152,18.30571,18.579886,17.642957,17.183631,16.782582,17.749833,16.627108
2025,Punchbowl 33_11kV,2025-03-19,MW,16.210146,15.648246,15.266765,14.97173,14.445312,13.951796,15.007426,13.395702,13.018952,12.762409,13.522791,12.663706,12.46759,12.404798,12.810148,12.688435,13.156363,13.735035,12.316416,14.469827,14.136944,14.62358,14.279301,14.987428,15.011082,14.962913,14.885714,15.756841,15.876404,16.256379,15.123334,17.056112,16.835912,16.627538,16.752692,15.69491,14.13673,15.223111,16.246272,12.750797,13.434409,13.180446,13.588163,13.347748,13.314847,13.073142,14.25113,12.194704,14.24726,12.629084,12.89853,12.745206,12.718756,14.48445,12.498555,13.434409,15.587604,13.889864,16.136387,14.185114,15.651902,19.310593,13.986632,19.384782,20.335474,19.098563,17.924659,21.36272,20.747706,21.713879,20.046675,22.841979,23.667948,24.688958,22.071921,24.61993,22.986056,22.457918,25.151724,22.153636,21.702482,21.720545,22.383299,21.190688,20.874148,20.672442,21.248962,20.046244,19.979367,19.363492,20.359128,18.757294,18.06207,17.812624,18.876641,17.5735
2025,Punchbowl 33_11kV,2025-03-20,MW,17.044716,16.685384,16.15359,15.706737,15.180104,14.716048,15.922207,14.251131,13.685791,13.535478,14.248336,13.238938,13.102388,13.026909,13.344738,13.38065,13.870079,14.362952,13.009275,14.842061,14.611323,15.0285,14.815182,15.263969,15.267625,15.410412,15.233649,16.279174,16.816774,17.129442,15.754906,17.570919,17.252659,17.559522,17.191803,16.557005,15.861351,15.760712,16.910316,15.382241,15.160321,16.097895,15.263754,14.456709,14.608958,16.117248,15.937045,15.495997,15.489977,17.039124,17.622528,16.821504,17.004933,17.717576,16.549048,18.562468,19.314893,19.872707,18.405274,21.491528,22.833162,24.40145,20.481056,26.187786,27.141274,28.013476,25.284404,28.068742,28.671498,29.063516,28.94933,29.618105,29.930988,30.34365,29.449514,29.141361,27.366851,26.943437,30.47461,26.479812,26.052956,25.528259,26.837852,24.917976,24.021259,23.22604,25.37386,22.650164,22.25277,22.124606,22.856818,21.293261,20.568576,19.840451,21.656894,19.223071
2025,Punchbowl 33_11kV,2025-03-21,MW,18.78826,18.209157,17.783378,17.479741,16.912466,16.174665,17.635001,15.420733,14.959259,14.72852,15.681792,14.362952,14.29586,14.279732,14.575196,14.344458,14.531328,14.898832,14.211564,15.766303,15.277732,15.946507,15.331707,16.058327,15.908014,15.745014,16.062413,16.871823,17.470924,17.891973,16.220038,19.172966,19.449292,19.357902,18.868685,19.671429,19.857009,20.012268,19.011901,20.231824,20.115917,19.666269,20.235479,19.338548,19.291454,19.166946,19.416392,19.57079,19.567135,20.253327,19.423058,20.320206,20.324936,18.872126,20.384717,17.711984,16.567328,16.64087,18.312377,14.562939,15.849954,17.463398,15.847803,20.095703,20.390524,20.921027,17.629624,22.601564,23.498281,24.301671,22.010419,26.063924,25.993605,26.349712,25.729106,26.470134,24.84099,24.789812,27.198045,23.959112,23.032934,22.436199,24.687237,22.371256,21.786563,21.28251,22.498992,21.079296,21.147464,21.070481,21.006828,20.001946,19.563694,19.396394,20.679322,18.649559
2025,Punchbowl 33_11kV,2025-03-22,MW,18.301194,17.968312,17.593067,17.223414,16.47486,16.068865,17.248359,15.093658,14.505739,14.253281,15.605453,13.679554,13.639126,13.535908,13.830083,13.665362,13.851158,14.413916,13.526017,14.872167,14.38209,14.59154,14.736906,15.003126,14.742497,14.534339,15.034307,15.061188,15.337943,15.816837,14.561004,16.863652,17.110518,17.71392,16.597863,18.14271,18.040566,17.73263,18.122281,18.973839,18.030244,14.640568,18.357535,14.195866,16.667965,17.645322,14.785936,18.752779,19.560254,19.311883,18.871695,17.500386,18.141204,17.782518,18.782669,13.903841,14.727014,14.983342,14.227477,15.340954,16.294442,18.697299,15.543521,22.410394,22.334701,21.797315,21.34229,18.694933,19.526492,20.603413,20.979088,22.902836,23.632036,23.919761,21.92935,22.609306,21.484217,21.485937,23.677624,21.649582,21.211116,20.997797,21.898814,21.138433,20.730286,20.312034,21.07091,20.368804,20.233543,20.135916,20.339989,19.847977,19.112971,18.615153,19.843246,18.451508
2025,Punchbowl 33_11kV,2025-03-23,MW,18.107874,17.81714,17.478021,17.150731,16.653989,16.080046,17.373942,15.089572,14.708737,14.261453,15.488041,13.730519,13.79116,13.623214,13.790946,13.714392,13.858253,14.318868,13.553757,14.62143,14.309622,14.231562,14.706156,14.535414,14.519502,14.286182,14.479933,14.398434,14.555412,14.846577,14.048564,16.251002,16.991602,17.420606,15.401595,17.998634,18.495376,18.938144,17.372222,18.525696,18.64655,19.096628,18.78181,20.088392,20.410737,20.277626,20.153334,20.407511,20.763617,20.967045,20.541482,21.003818,20.47955,20.225803,21.044675,19.867762,20.633519,20.432886,19.603262,19.760026,19.374674,19.225652,20.038073,20.392244,20.890706,21.122089,19.81314,21.086178,20.917586,21.09994,21.056288,21.879675,22.406954,22.478346,21.645066,21.912146,21.276488,21.451316,22.966057,20.705127,20.137421,19.680892,20.999086,19.650355,19.1906,18.860084,19.885395,18.869115,18.890189,19.022439,18.685902,18.326569,17.679084,17.201264,18.680741,16.74538
2025,Punchbowl 33_11kV,2025-03-24,MW,16.198749,15.856404,15.643945,15.502663,14.831739,14.424668,15.521588,13.693533,13.245604,13.019596,14.020178,12.79359,12.561777,12.514468,12.893153,12.952074,13.285386,13.52365,12.720261,14.46273,14.279086,14.740992,14.093076,15.043125,15.059252,15.071724,14.920336,16.293581,16.6656,17.098261,15.45557,18.089164,18.666117,18.622034,17.647473,18.586767,18.123786,17.811979,18.445486,17.920144,18.531933,19.098992,18.130882,17.652634,17.01848,17.862514,18.11368,19.228877,16.232939,17.201265,19.148883,17.801656,18.629346,18.637517,15.717704,18.376028,19.887544,18.699019,18.184643,13.530532,14.25113,18.471076,16.631409,20.866191,19.683042,19.67143,20.652012,21.387019,21.37218,20.867266,20.566426,22.49813,23.458069,24.531333,21.28466,23.809874,22.694676,22.998314,25.37085,22.029342,21.951068,21.87903,22.643497,21.110907,20.787057,20.685343,21.567868,20.458046,20.352891,20.043879,20.490087,18.636658,18.535803,18.058629,19.475098,17.323838
2025,Punchbowl 33_11kV,2025-03-25,MW,16.927519,16.414864,16.034888,15.707597,15.196877,14.850878,15.890597,14.012437,13.787935,13.36022,14.267043,13.153567,13.072496,13.125182,13.297858,13.14475,13.615473,13.949644,12.872294,14.692393,14.548317,14.894102,14.491762,15.256443,15.189135,15.374069,15.125699,16.291215,16.63915,16.974183,16.002633,17.948529,17.458452,16.648612,17.365125,16.226273,16.564101,15.294935,16.61313,15.582444,16.04779,15.006352,15.251712,17.343836,17.620378,19.065446,15.762003,20.295907,20.823829,20.819958,19.56821,17.602959,16.171223,15.767808,18.946744,17.938637,18.315172,17.696072,15.854684,15.995106,17.68446,18.769982,14.061895,20.357622,20.519117,20.617821,19.676376,22.070202,22.25707,22.562642,21.150474,22.746716,22.777467,24.064911,22.795317,23.533548,22.362871,22.204171,24.873892,21.728932,21.291756,21.0236,22.291906,20.631153,20.284938,20.303432,20.581049,20.199568,20.083231,19.832064,20.153549,18.804818,18.162063,17.730908,19.111035,17.24836
2025,Punchbowl 33_11kV,2025-03-26,MW,16.877844,16.675276,16.214446,15.878339,15.233649,14.78228,16.179394,14.167481,13.739336,13.535263,14.454773,13.213348,13.010566,13.060454,13.263237,13.421507,13.690737,14.231777,13.072711,14.799269,14.805289,15.168492,14.534338,15.437722,15.589109,15.630612,15.393424,16.538082,16.812257,16.846879,15.956398,17.760369,17.5006,17.190083,17.605111,16.859351,16.919994,17.186858,16.542598,16.677642,14.94184,14.970224,17.27911,16.953754,15.873822,16.474645,15.580078,13.561068,15.067423,14.816256,13.19335,13.763635,13.791376,14.29586,14.651966,13.917819,14.738626,14.927862,13.807503,15.581153,16.174234,17.572854,15.308913,19.809485,20.07334,20.671151,19.054265,22.206106,22.957242,23.320658,21.277563,24.784006,25.521162,26.608834,24.089426,24.29522,23.598059,23.507743,26.477015,23.384955,22.611026,22.323518,22.963692,21.539698,21.492173,21.099941,21.894083,20.448368,20.388588,19.922595,20.690934,19.29898,18.635366,17.999278,19.553588,17.6593
2025,Punchbowl 33_11kV,2025-03-27,MW,17.09439,16.71377,16.468624,15.898982,15.408262,15.045274,16.165633,14.123182,13.740842,13.438495,14.427894,12.966482,12.791439,12.785848,13.268613,13.184102,13.410539,13.725358,12.882186,14.506384,14.428324,14.526383,14.185759,15.10312,14.91668,15.206985,15.436862,15.979837,16.383898,16.652267,15.380736,16.747316,16.992891,16.876125,16.739359,16.657644,16.719146,17.185996,16.613776,18.430434,16.04564,17.841224,17.937347,19.587133,19.755295,18.052178,19.199202,14.419078,15.991234,15.858125,15.193436,18.930831,16.98816,17.559952,18.754714,15.949087,15.542017,15.117097,15.251497,15.843286,16.597218,18.14013,15.227628,18.082284,19.729706,20.377191,18.158623,21.15585,21.28552,21.620982,20.545137,22.685001,23.611393,24.201247,22.239867,23.669024,22.971648,23.154647,24.86142,22.689516,22.593178,22.298574,23.042396,21.50314,20.528795,19.917651,21.990852,20.153764,20.170752,19.748198,19.931198,18.431079,17.911111,17.720371,19.384997,17.069876
2025,Punchbowl 33_11kV,2025-03-28,MW,16.712049,16.402392,15.958979,15.691685,15.354501,14.786796,15.785442,13.943194,13.536768,13.367103,14.211564,12.964332,12.781548,12.722842,13.137653,13.038735,13.259581,13.673749,12.903906,14.53993,14.483589,14.51821,14.059101,15.368694,15.306118,15.396864,15.207844,16.176814,16.743875,16.943862,15.66502,17.938852,17.649409,18.245714,17.530276,18.066801,16.45185,16.962356,18.366997,17.229651,19.771853,19.694008,16.788173,12.846705,16.675492,18.372373,14.827654,18.799657,18.538813,18.794712,18.54505,19.076199,19.499398,17.739726,17.01504,18.749768,18.22292,17.253735,16.215307,16.79914,18.03691,19.047598,16.749036,19.931198,20.113336,20.616531,19.86475,21.199934,21.622703,21.93408,21.004463,22.316852,22.719406,22.60565,22.142454,21.533676,21.238211,21.20359,22.488024,20.547502,20.126239,19.948831,21.028761,19.588209,19.079639,19.24393,19.614444,18.948466,19.160925,19.498752,18.953196,18.499247,18.18959,17.678223,19.115551,17.303408
2025,Punchbowl 33_11kV,2025-03-29,MW,17.02278,16.674847,16.457226,15.893822,15.309988,14.799913,15.945216,14.061036,13.690737,13.401939,14.476278,13.026048,13.0654,12.861973,13.22324,12.964332,12.938742,13.228831,12.845845,14.012437,13.70536,14.211994,13.678694,14.305321,13.955236,13.596765,14.358866,13.972224,14.268549,14.715618,13.625795,16.535716,17.030953,17.284055,15.584164,18.390436,18.72805,18.989967,17.572424,19.505418,19.044157,19.237694,19.384136,19.493806,19.91464,20.477185,18.871696,20.409661,20.78039,20.581694,20.280852,20.406006,20.774585,20.37418,20.721254,19.455528,19.543051,19.875932,19.986893,19.276831,19.135335,18.313237,19.741748,19.834644,19.864321,19.227586,19.018568,19.776368,20.402565,20.221932,19.34715,21.461638,22.336205,23.092716,20.862751,21.292402,20.679107,20.200858,22.808003,19.852063,19.449508,19.072113,20.003236,18.417746,18.271734,18.138624,18.98201,18.174536,18.576016,18.430218,18.033685,18.075188,17.5249,17.132236,18.368502,16.917412
2025,Punchbowl 33_11kV,2025-03-30,MW,16.553564,16.015965,15.865652,15.641795,15.179889,14.687017,15.661794,13.780193,13.41398,13.045186,14.267689,12.681554,12.402002,12.246313,12.788214,12.482212,12.715315,13.003899,12.14847,13.59784,13.464085,13.340437,13.17034,13.332265,13.481933,13.541499,13.28087,13.494405,13.73353,13.92341,13.68192,15.123118,15.729101,15.486106,14.46058,15.85275,15.631688,15.848018,16.095744,17.772842,13.408605,16.271862,15.50675,16.538296,15.619861,13.988997,14.359296,13.950074,14.97431,15.261818,16.15058,17.271799,15.99188,15.29515,14.150277,14.976676,14.526382,14.587025,14.94399,14.863565,14.556703,17.361255,16.037683,19.578747,19.371018,17.990891,18.851052,20.632228,20.232039,20.612659,20.085382,21.985261,22.537913,23.126262,21.66399,21.762049,21.721836,21.637325,23.039171,20.574812,20.156775,20.294615,20.875009,19.925391,19.562834,19.383061,20.149679,19.498107,19.594445,19.293819,19.493376,18.158838,18.002719,17.409424,18.70805,16.815913
2025,Punchbowl 33_11kV,2025-03-31,MW,16.534857,16.331428,15.830384,15.529329,14.88808,14.250056,15.594916,13.475697,13.058089,12.893154,13.763636,12.377057,12.265882,12.210401,12.694027,12.082667,12.334264,12.503501,12.177071,13.362156,13.744067,14.390262,12.719831,15.493202,15.876618,16.311644,14.881844,17.624893,17.910252,17.818645,16.99074,17.288142,18.30528,17.891544,17.826816,16.477656,16.124774,15.614484,17.94939,14.441226,14.675835,15.193437,14.030286,14.342523,13.33119,14.780344,14.951516,14.221671,14.367897,13.632246,15.102044,14.121892,12.971428,13.780408,13.781054,13.810944,14.530253,15.749315,14.511975,14.737982,15.874253,16.789678,14.928938,18.231736,18.164214,18.508279,18.30012,19.402414,19.128668,18.94696,19.643474,19.80884,19.682181,20.076995,19.631862,19.982807,19.988827,19.992054,20.24236,19.22135,19.153829,19.004806,19.636163,18.657516,18.16658,18.179697,18.745897,18.128732,18.046587,17.76725,18.088091,16.486902,16.440669,15.878768,17.04149,
2025,Punchbowl 33_11kV,2025-04-01,MW,,,,,,,,,,,,,,,,,,,,,,,,,,,,,,,,,,,,,,,,,,,,,,,,,,,,,,,,,,,,,,,,,,,,,,,,,,,,,,,,,,,,,,,,,,,,,,,,
2025,Punchbowl 33_11kV,2025-04-02,MW,13.784278,13.27528,12.698326,11.895798,11.609795,11.39669,12.196854,11.179714,10.99177,11.004887,11.253688,10.790492,11.015854,11.067894,11.003597,11.892358,12.06998,12.492319,11.284655,13.594184,14.30145,14.627666,12.812083,15.494922,16.015319,16.683234,15.180749,16.794625,16.936336,16.730973,16.809247,15.980913,15.17903,14.581647,16.113162,14.380585,14.956893,14.465311,14.428109,12.683488,10.795868,10.609644,13.73095,10.50707,10.589214,10.624696,10.596096,11.083377,10.9393,10.801244,11.011769,10.856725,11.189606,11.275192,10.77544,11.607644,12.106322,12.668221,11.364219,14.123612,15.149354,15.689748,13.401508,16.778281,17.509633,17.593068,16.091659,17.850041,18.457744,18.588273,17.863373,19.603691,19.932488,19.51789,19.061361,18.285067,18.030675,17.688115,18.80955,17.449206,17.130086,16.704953,17.563607,16.592916,16.242832,16.244337,16.733338,15.111721,14.94356,14.604012,15.828879,13.529242,13.253559,12.989062,13.78944,12.838748
2025,Punchbowl 33_11kV,2025-04-03,MW,12.764559,12.300073,11.925904,11.280999,10.982954,10.700821,11.503135,10.421053,10.326866,10.31891,10.440406,10.288374,10.369445,10.732862,10.239775,11.048971,11.493243,11.807416,10.842532,12.98304,13.300009,13.898466,12.406088,14.830879,15.595561,15.772109,14.309622,15.611904,15.736843,15.164621,15.724156,14.433055,14.228982,13.140664,14.688522,12.189973,12.11686,11.974933,12.214057,11.840102,11.55453,11.027682,11.628072,11.37153,11.217347,11.245087,11.050046,10.90941,10.645985,10.865111,11.15262,10.810061,11.164232,11.33992,10.991984,11.712368,12.460493,13.402583,11.488512,15.433421,16.235735,16.849674,14.569175,17.804022,18.808904,19.221996,17.505546,20.353107,21.270036,20.986184,19.721533,20.611584,20.699321,20.526859,20.636314,21.294982,21.088112,20.624917,21.033063,19.766261,19.06179,18.523546,20.383427,18.368072,18.066156,17.78897,18.400328,16.844729,16.204985,16.054887,17.192878,14.953452,14.517135,14.324245,15.243326,14.023404
2025,Punchbowl 33_11kV,2025-04-04,MW,13.941259,13.364306,12.913797,12.155136,11.870424,11.408732,12.350177,11.204874,11.152835,11.107031,11.316695,11.290246,11.443784,11.303148,11.17821,11.914292,12.236636,12.781333,11.5055,13.732454,14.332632,14.528748,13.315922,15.404606,15.966075,16.563671,15.073229,16.639581,16.481095,15.999407,16.416369,14.876037,14.496062,14.190274,15.40396,13.437419,12.923259,12.787999,13.95287,13.112924,15.466537,16.58152,12.557476,15.42955,15.629323,16.609259,17.250508,15.383317,16.387124,13.688372,15.862642,15.0285,14.145978,13.632246,14.481439,13.155502,14.248336,15.26956,12.98003,16.859996,18.445056,18.684611,16.968592,18.802238,19.844322,19.933133,18.929757,20.306658,20.201073,20.606424,19.895501,20.704912,20.525353,20.143443,20.655667,19.362416,19.017063,18.721598,19.828839,18.775358,18.628916,18.437745,18.803528,18.067231,17.74166,17.641237,18.083144,17.072456,16.435292,16.198534,17.163418,15.546962,14.954527,14.797332,15.622871,14.738197
2025,Punchbowl 33_11kV,2025-04-05,MW,14.756044,14.143181,13.630311,12.90111,12.412754,12.107397,13.169911,11.781826,11.570872,11.448729,11.994071,11.246808,11.183801,11.39282,11.399056,11.653448,11.964181,12.022242,11.356478,12.649299,12.973578,13.338501,12.282655,13.651815,13.551176,13.876102,13.579131,14.947001,15.04807,14.796258,14.206188,15.050435,14.686587,14.184469,14.621215,13.385165,12.543929,12.479631,13.687726,11.938592,11.717315,11.600333,12.20438,11.650867,11.478835,11.598397,11.644416,11.761398,11.535821,11.431311,11.68506,11.771504,11.987406,12.171694,11.587001,12.757893,13.174426,13.646653,12.328028,14.727016,15.160965,15.678567,14.395853,16.795269,17.01117,17.296742,16.329707,18.30356,19.071683,19.159418,17.601025,19.478538,19.240275,19.005234,19.440476,18.614293,18.167224,17.917778,18.805248,17.401037,17.187718,17.344052,17.803161,17.265992,17.240187,17.056973,17.334159,16.374006,15.945646,15.604163,16.34433,15.257948,14.586592,14.24554,15.29343,14.11071
2025,Punchbowl 33_11kV,2025-04-06,MW,14.126838,13.701703,13.301945,12.483932,12.253624,11.865047,12.939818,11.36594,11.115632,10.91758,11.683768,11.004888,10.837371,10.682757,10.894356,10.75157,10.736732,10.980588,10.712003,11.266592,11.775591,12.220508,11.108536,12.49791,12.600054,12.615536,12.426516,12.84778,12.940677,12.777462,12.76929,12.774022,13.206896,13.288396,12.518983,13.129912,12.667792,12.090839,13.04024,11.851715,11.625708,11.18122,11.759893,10.985319,10.825329,12.128902,11.050475,11.44959,11.34207,11.541842,11.519048,13.405809,12.501351,13.73783,13.760411,16.400456,17.430713,14.158664,13.379359,17.998418,19.132539,18.903522,16.078756,18.870406,19.066952,19.113401,18.980721,18.833849,19.162429,19.384781,19.332741,20.66556,20.674591,20.191396,20.303002,19.38134,19.234254,19.094478,19.672935,18.46613,18.271304,17.875846,18.722028,17.969173,17.479097,17.243844,17.968742,16.767314,16.509267,16.172298,16.840428,15.626096,14.882274,14.56939,15.697489,14.127913
2025,Punchbowl 33_11kV,2025-04-07,MW,13.973085,13.749442,13.576766,13.081958,12.623709,12.336199,13.201091,11.576034,11.362069,11.300998,12.013425,11.026607,10.855004,10.743183,11.083592,11.039938,11.187671,11.372391,10.850058,11.971922,12.342436,13.101527,11.506576,13.932871,14.579497,15.118818,13.54365,15.251927,15.083336,14.906573,15.080756,14.831094,14.250916,13.774818,14.947,12.687576,11.937731,11.813653,13.00906,11.360779,11.065314,10.99392,11.543133,10.861026,10.370304,10.772644,10.956073,11.193692,11.285514,11.284869,11.059078,11.668286,11.617106,12.074496,11.533026,13.057443,13.117441,13.640203,12.546724,14.893455,15.671256,16.763659,14.127483,18.509998,19.02975,19.768842,17.636505,20.653732,21.271112,21.763768,20.437402,21.918598,22.187612,21.47153,21.681624,20.853935,20.762112,20.612444,21.318851,20.097208,19.695515,19.228447,20.419123,18.354524,18.290658,17.767681,18.697944,17.483613,17.288786,16.716565,17.446411,15.851029,15.58825,15.485891,16.249713,14.836471
2025,Punchbowl 33_11kV,2025-04-08,MW,14.24683,14.091571,13.695898,13.469676,12.823695,12.38867,13.427743,11.768279,11.544423,11.417979,12.138363,11.250463,11.108751,11.079721,11.346585,11.257559,11.452601,11.549584,11.056712,12.129116,12.538982,13.28087,11.71624,14.240164,14.584228,14.963988,13.929431,15.756626,16.428626,16.825805,15.229778,16.996117,16.264552,16.167567,16.970312,16.843224,16.355082,16.217026,16.585605,15.372565,15.191286,14.446602,16.492708,11.025101,11.708928,13.191414,11.578398,12.559627,13.01121,15.528253,13.188188,14.234143,14.500363,15.29214,16.123054,15.200318,12.503931,13.97373,13.57612,16.044134,16.014029,16.617862,16.508191,17.641022,18.746973,20.492022,16.01661,20.315904,20.582554,21.429382,20.713943,21.31584,21.166388,21.459917,21.465508,20.858665,20.45998,19.835935,21.310464,19.281131,19.031256,18.52118,19.691428,18.155397,17.8709,17.711555,18.376889,17.259971,17.068156,16.510342,17.44555,16.102195,15.386328,15.062692,16.12284,14.443161
2025,Punchbowl 33_11kV,2025-04-09,MW,14.40338,14.105979,13.713961,13.280011,12.813589,12.401357,13.361296,11.93257,11.648717,11.320996,12.083743,11.079506,10.848769,10.827909,11.261646,11.225518,11.417764,11.74527,10.975212,12.318996,12.534251,12.774452,11.867842,14.121463,14.627451,15.349985,13.489028,15.621582,15.546532,15.649751,15.616636,15.557714,16.39422,16.662804,16.035318,14.801848,15.024844,16.096175,14.995599,15.631473,13.217219,12.113418,13.822127,14.075229,13.720197,14.885714,12.487803,14.320374,14.65347,15.093443,15.812752,13.430323,12.913798,13.94943,15.817912,14.080604,14.060176,14.298226,14.3279,14.419722,15.219241,16.171653,14.169201,18.028954,19.1134,20.053339,16.996977,20.626853,21.519053,21.855806,20.547288,22.002894,21.821614,21.204234,21.793229,21.131336,20.833291,20.493527,21.462498,19.143507,19.046308,18.902661,19.659387,18.465485,18.094756,17.528556,18.503762,17.542104,17.247928,17.063424,17.406843,15.815762,15.327836,15.360308,16.678287,14.606807
2025,Punchbowl 33_11kV,2025-04-10,MW,14.240594,14.098668,13.790515,13.645148,13.101742,12.589947,13.736109,11.85451,11.710649,11.592807,12.254484,11.468729,11.331317,11.081871,11.330888,11.469589,11.620117,11.650222,11.280138,12.310396,12.57167,12.897454,11.855586,14.18748,14.560144,14.610033,13.647729,15.37622,15.342244,15.213005,14.798408,14.953451,15.592121,15.571692,15.666955,13.820621,14.764647,14.96399,14.881843,15.687384,15.550403,14.958613,15.168276,14.784001,14.335642,15.321386,14.43284,15.039683,14.697554,15.391704,14.932379,14.675405,16.378952,16.249283,14.61928,16.709469,16.842363,16.592702,16.795914,14.717768,16.082197,18.187868,15.554919,18.283346,20.006032,20.313539,16.994181,20.47869,20.983173,21.779467,20.260854,22.192773,22.169119,22.449746,21.911716,22.028914,21.645926,21.313474,22.265242,20.409662,20.249887,19.853138,21.109403,19.416178,18.720522,18.025084,19.529933,17.785313,17.761659,17.50017,17.827892,16.370781,15.91382,15.412346,16.975258,14.862705
2025,Punchbowl 33_11kV,2025-04-11,MW,14.788946,14.561649,14.106194,13.584292,12.981105,12.599194,13.770302,11.995577,11.646136,11.621406,12.324588,11.165092,11.117139,11.048755,11.337555,11.080797,11.20982,11.436902,11.071119,12.210831,12.615321,13.396346,11.670006,14.428754,14.702501,14.499718,13.770947,15.099464,15.273216,15.313429,14.791526,15.3988,15.059251,14.950441,15.519437,14.025769,13.455268,13.285386,14.299945,13.183241,12.992932,12.925839,13.122602,13.004544,13.3628,13.822126,12.871434,14.327256,14.591109,14.829374,14.047058,15.3988,15.446754,16.095529,15.183114,16.839138,17.309,17.641022,16.324331,21.004462,20.308163,19.751424,21.085103,20.556749,21.22703,21.382933,19.714221,21.508301,22.057943,22.186322,21.508086,22.782198,22.151056,21.703558,22.73833,20.944682,20.033557,19.608207,21.185311,19.43424,19.077919,18.586553,19.478108,18.959647,18.645904,18.360116,18.656011,17.740156,17.597154,17.210942,18.145504,16.640226,16.165417,15.775335,16.617647,15.468902
2025,Punchbowl 33_11kV,2025-04-12,MW,15.403746,14.986568,14.541436,14.105764,13.425808,12.87251,14.143611,12.428022,12.080302,11.844403,12.628869,11.524209,11.405076,11.23498,11.726777,10.984888,11.030906,11.353682,11.09972,11.766344,12.056432,12.322223,11.465073,12.864123,13.203026,13.400433,12.569518,13.663642,13.310547,13.406885,13.651385,13.94986,13.953086,14.107054,13.627515,14.682072,16.245626,16.52819,14.409401,15.541156,14.72981,13.675039,14.744862,13.377423,14.017598,14.504878,13.559992,13.962332,14.130924,14.91152,14.200812,14.857544,14.70164,15.057102,14.467246,15.463311,15.779635,16.923648,14.930443,18.284851,18.633002,19.131464,17.607476,20.90963,21.63496,21.425296,20.18387,21.107896,21.296487,21.34358,21.584425,21.732588,22.082459,21.916878,21.550664,20.714158,20.13355,19.874212,21.466799,19.201998,19.071898,18.421617,19.495526,18.346137,18.019707,17.461033,18.285282,17.465334,17.658655,17.601885,17.236317,16.524964,16.330998,16.150149,17.148151,15.387618
2025,Punchbowl 33_11kV,2025-04-13,MW,15.201392,14.89238,14.653686,14.178663,13.651815,13.11357,14.378219,12.465869,12.134278,11.842253,12.779827,11.597323,11.477975,11.244657,11.784622,11.300137,11.417549,11.551518,11.18036,11.583345,11.688284,11.952138,11.493458,12.600914,12.87208,12.732304,12.28029,12.511241,12.772516,12.495974,12.722412,13.066476,13.236572,13.936958,13.03508,13.826212,13.694177,13.670092,13.888144,15.033016,14.417142,13.647944,14.098453,14.00319,14.466601,13.882553,13.196575,13.48989,13.450753,13.371403,13.802988,14.427463,15.448259,17.217824,14.122752,16.795485,15.390843,15.554703,18.293453,16.065209,16.93311,17.814129,15.555779,19.293819,19.855719,20.188815,18.565264,20.328376,20.763403,20.865332,20.461272,22.067405,21.801185,21.510666,21.257995,21.039084,20.822538,20.331172,21.420134,19.62498,19.644764,19.249736,19.789702,18.845246,18.54806,18.292593,18.873846,17.918639,17.837568,17.525545,18.129378,16.916122,15.850814,15.804581,17.056542,15.412778
2025,Punchbowl 33_11kV,2025-04-14,MW,15.071294,14.736046,14.248336,13.978891,13.327319,12.834663,14.122752,12.037079,11.7986,11.611085,12.521564,11.364004,11.277988,11.245087,11.551519,11.605494,11.747851,11.736884,11.28659,12.350607,12.644137,13.185178,11.882036,13.948354,13.9247,14.090281,13.548596,14.05824,14.590679,14.725294,13.971364,14.255002,14.620784,14.496922,14.64917,13.940183,13.461289,12.989922,14.381875,12.984331,12.674028,13.559778,13.509458,12.748431,13.799978,13.780193,14.147912,13.921045,13.701274,14.049423,13.061315,14.744433,15.280957,17.307925,13.991792,17.936057,16.308204,16.515502,21.413254,17.317386,17.207286,18.374739,16.963861,19.992269,20.733942,21.229824,19.048242,21.293046,21.493463,21.857526,21.251544,22.785423,22.468024,22.300079,22.332549,22.180087,22.404158,22.513828,21.775166,21.793443,21.773446,21.448735,21.951068,20.955433,20.66814,20.628142,20.819312,20.184084,19.950337,19.549072,20.252038,18.585908,17.703814,17.502967,18.903736,17.262122
2025,Punchbowl 33_11kV,2025-04-15,MW,16.90494,16.652912,16.17918,15.754046,14.938184,14.505954,15.904358,13.702134,13.353124,13.180878,14.144041,12.874444,12.724347,12.783483,13.010134,12.89939,13.000888,13.122171,12.838103,13.639988,13.882338,14.671104,13.270548,15.440302,15.640289,15.484815,14.986138,16.61012,16.765594,16.777636,15.867156,17.165138,18.910833,16.524319,17.180192,18.143139,16.563242,16.373576,17.828752,15.850168,15.102259,15.05151,17.004718,12.670157,16.301322,17.623818,13.638052,18.025083,16.048006,16.343255,17.968958,17.717576,16.118539,14.307901,12.89638,16.243262,17.395016,19.835935,16.39336,18.234102,18.654505,18.920724,19.310377,18.909972,20.817162,21.884405,19.572296,22.482002,22.621563,22.849936,22.265242,23.174646,22.675538,22.663926,23.192925,22.398567,22.070201,21.282079,22.588877,20.56148,20.366439,19.887115,20.956938,17.924875,17.750047,17.620593,18.843956,17.243843,17.212878,17.109443,17.450281,15.865221,15.494278,15.416649,16.616356,14.78271
2025,Punchbowl 33_11kV,2025-04-16,MW,14.480794,14.293709,13.865779,13.484083,12.933151,12.675748,13.65676,11.895368,11.485072,11.399271,12.213198,11.15305,11.076066,10.987254,11.283364,11.043594,11.357122,11.563561,10.953494,12.183306,12.496404,13.108839,11.669791,13.940613,14.164469,14.115011,13.423442,14.120602,13.697403,14.59369,14.403379,15.633194,16.729252,16.452066,15.575777,17.220188,17.577585,16.835912,17.161267,14.928508,14.804859,15.027211,16.390349,15.301602,14.837975,13.788795,15.05194,16.74323,15.855759,15.42568,15.750605,14.183824,12.725423,13.766001,14.324675,12.806277,12.976589,14.978827,13.490965,14.262312,14.780774,15.59298,14.462516,17.658655,18.482688,19.317259,16.702802,20.234405,20.64341,20.911565,20.245802,21.412608,20.823828,21.001022,21.34229,20.737382,20.040007,19.712502,21.055856,19.091681,18.623325,18.397963,19.478324,18.081853,17.648548,17.615217,18.348288,17.578445,17.685535,17.264056,17.420606,16.194233,15.608894,15.420088,16.520018,14.987858
2025,Punchbowl 33_11kV,2025-04-17,MW,14.979256,14.621,14.229627,13.581282,13.038306,12.63059,13.649019,11.840747,11.445074,11.287664,12.125461,11.12316,11.014134,10.933064,11.175844,11.236915,11.388734,11.406152,10.93586,12.152986,12.488447,12.926914,11.5298,13.899541,14.101033,14.415852,13.261087,14.314568,14.585088,14.533479,14.472622,14.960332,14.115226,14.999471,14.777979,12.941322,15.814042,16.781937,14.940334,15.818988,11.932354,12.154706,16.328632,12.882831,11.98848,12.17707,13.997814,12.691016,12.790794,12.803482,12.483502,13.054433,12.462858,12.534466,12.594893,13.658481,13.235497,16.338094,12.758324,14.864856,15.639644,15.994891,14.32618,17.754994,18.505913,19.531438,16.731832,20.387082,21.164021,21.112412,20.234834,21.63453,21.921608,21.579695,21.417984,20.742758,20.417834,20.489871,21.082092,19.713792,19.290163,19.261992,20.110972,18.530212,17.726178,17.747467,19.052544,18.019922,18.026373,17.680804,17.776282,16.604099,16.037898,15.732327,16.913756,15.572337
2025,Punchbowl 33_11kV,2025-04-18,MW,15.062692,14.76228,14.381231,13.715682,13.111204,12.741551,13.965342,11.886121,11.662049,11.336264,12.289752,11.045315,10.932634,10.842962,11.294546,10.867047,10.859521,10.80318,10.77759,11.159286,11.259064,11.382283,10.827264,12.054928,12.297707,12.406948,11.527219,11.776236,11.826555,11.697532,12.386304,12.06912,12.169114,11.999877,11.837092,12.31061,11.916011,11.661404,12.03966,11.85494,11.430022,11.293256,11.532165,12.176211,12.121589,12.289966,11.72355,13.06239,13.647943,13.941689,12.414044,13.528597,13.212918,13.076797,13.472256,13.157438,13.342802,13.773527,13.043896,13.899757,14.482514,15.215585,13.732024,16.870748,17.376523,18.054328,16.408628,18.310012,18.562684,18.963087,18.239478,19.623691,19.56821,19.398758,19.465636,18.494301,17.876276,17.481032,19.169956,17.44254,17.260401,16.938485,17.523825,16.845159,16.286915,16.407766,16.902359,16.764949,16.98386,16.720866,16.410132,15.86135,15.365898,15.58739,16.510772,14.876898
2025,Punchbowl 33_11kV,2025-04-19,MW,14.836256,14.599711,14.122538,13.710091,13.098301,12.720261,13.767507,11.957729,11.47432,11.21025,12.291257,11.033702,10.853285,10.756301,11.108751,10.934354,10.927258,11.053272,10.799738,11.434968,11.704627,11.849349,11.125525,12.753593,12.989061,12.997448,11.98633,13.092065,13.220014,13.632461,12.804127,13.532038,13.402799,13.210553,13.4157,13.773743,13.454407,13.011641,13.832878,12.474686,12.297922,12.14804,12.802621,15.23924,12.199434,12.300288,13.659986,12.998308,13.250765,13.60214,14.2464,14.198017,13.889864,14.08555,13.920614,15.18118,15.862426,17.525115,14.621214,16.971387,17.444476,18.419036,16.526685,20.057856,20.542342,21.137142,19.219846,20.888771,21.056932,21.0436,21.187031,21.283369,21.310034,21.28208,21.472175,20.556534,19.874642,19.620035,20.96468,18.766972,18.645904,18.373878,19.290163,17.826816,17.652634,17.8752,18.179266,18.022718,17.829182,17.416735,18.012826,16.195093,16.02177,15.714693,16.828601,15.419229
2025,Punchbowl 33_11kV,2025-04-20,MW,15.048498,14.741423,14.465095,14.191781,13.516124,13.118515,14.456064,12.387164,11.920312,11.812792,12.749937,11.394109,11.067034,11.214336,11.646137,11.055421,10.835866,11.011338,11.103806,11.248528,11.3954,11.749141,11.101225,12.265236,12.127181,12.013424,11.95816,11.651298,11.790213,11.672801,11.726131,11.846124,12.288676,12.259,11.766988,12.039015,11.920527,12.113848,12.145889,11.85193,11.502705,11.382498,11.69495,11.740755,11.832361,11.924829,11.610439,12.475546,12.798106,12.731874,12.086109,12.461569,12.881541,13.787075,12.235346,13.741056,13.967708,14.902487,15.026565,15.659644,15.96414,16.628829,15.955108,18.060995,18.65171,18.531932,17.367921,18.310441,18.504407,19.017922,18.300766,19.657451,19.681967,19.586918,19.424779,19.376179,19.119422,18.979,19.515956,18.646978,18.419036,18.191954,18.848902,18.129163,18.191309,18.155397,18.19561,17.960356,17.910252,17.55522,17.861652,17.295023,16.630979,16.170794,17.347492,15.67276
2025,Punchbowl 33_11kV,2025-04-21,MW,15.563949,15.35106,14.907218,14.413916,13.810085,13.493976,14.585518,12.79101,12.274484,12.024608,12.987771,11.63861,11.492383,11.379487,11.833652,11.300352,11.47776,11.602482,11.246377,11.468944,11.642481,11.778816,11.403786,12.574894,12.778107,12.420496,12.486513,12.774667,12.76198,13.368392,12.481567,13.208187,13.68321,14.230702,13.009704,13.55182,13.175286,13.109269,14.618419,13.189908,13.236788,13.223885,13.109269,14.551112,14.32403,14.542725,13.097441,15.735337,13.515049,15.799849,15.603087,17.144709,18.439035,15.434281,17.635861,13.173137,13.535478,16.747316,13.131633,18.517095,18.111529,18.250445,16.985365,18.394522,18.837504,19.388652,18.563114,19.199201,19.303926,19.823463,19.337903,19.617884,19.887975,20.095704,19.830773,19.119852,18.806324,18.670418,19.723684,18.413015,17.690266,17.448561,18.591714,16.878705,16.874404,16.955044,17.222339,16.920422,16.906445,16.493353,16.954614,15.18548,14.924636,14.511115,15.670825,14.175438
2025,Punchbowl 33_11kV,2025-04-22,MW,13.990502,13.63031,13.271839,12.763484,12.291042,11.945687,13.091635,11.189392,10.939085,10.67179,11.470878,10.51051,10.280632,10.37783,10.532445,10.403205,10.37224,10.456965,10.404926,11.094989,11.378842,12.356199,10.725765,12.963686,12.879606,12.750152,12.625214,13.44086,13.485589,13.486664,13.082818,12.87853,13.079163,12.105892,13.420646,12.857457,14.742068,14.264249,12.505866,12.141374,11.812147,12.702843,14.852383,12.811439,15.775979,15.595345,11.952999,15.049359,17.52619,17.464044,16.029082,18.487204,16.569907,11.700756,19.239628,14.088561,14.488536,17.208147,12.900035,15.398798,14.865285,18.265283,16.433142,18.815354,20.481055,21.288101,18.742887,21.084672,21.488733,21.941177,21.324227,21.658185,21.667646,21.592167,21.880536,21.085103,20.704696,20.351816,21.495183,19.45897,19.24823,18.790626,19.855074,18.086585,17.655214,17.528986,18.462045,17.759724,17.521244,17.245993,17.681879,16.011664,16.082626,15.749315,16.757207,15.170212
2025,Punchbowl 33_11kV,2025-04-23,MW,15.015169,14.708736,14.213284,13.902766,13.274634,12.808642,13.880186,12.239217,11.821394,11.66334,12.485223,11.349382,11.359704,11.387659,11.670866,11.472814,11.302502,11.474534,11.5055,11.909991,12.424582,13.052068,11.647212,13.78471,13.789441,13.809654,13.341942,14.358221,14.232853,15.328912,14.262528,14.907433,14.043618,14.605732,15.634054,14.32919,15.05452,16.088649,15.402025,15.702006,16.068648,15.3459,16.100906,14.308762,16.453355,16.233585,14.551973,18.831054,17.422326,16.138322,17.515869,16.015319,15.335793,14.9999,15.888661,16.262831,17.521675,18.190019,16.47744,17.912402,18.345062,18.711921,17.674138,19.072758,19.993345,19.971624,18.782024,21.032417,21.722051,21.654958,20.471163,21.476905,21.350892,20.647711,21.88075,20.317194,20.443208,19.868837,20.850279,18.771486,18.33689,18.174536,19.467571,18.096692,17.528556,17.396092,18.200126,17.302549,17.304269,17.09525,16.997837,16.246702,15.487396,15.339018,16.876769,15.037102
2025,Punchbowl 33_11kV,2025-04-24,MW,14.501222,14.254142,13.78772,13.565153,12.98347,12.421141,13.458279,11.946547,11.608289,11.393464,12.078582,11.074561,10.947686,10.967686,11.234765,11.043594,11.196488,11.319276,10.979942,11.670436,12.083742,12.530596,11.539046,13.726004,13.802127,13.957386,13.131848,14.11286,14.379296,15.070434,14.008565,16.226058,16.668826,17.298463,14.985708,16.805161,16.170148,16.50432,17.269863,13.496556,13.302374,16.609475,14.978612,15.462236,13.916099,14.354779,16.446044,14.519502,14.090712,14.513695,12.985621,14.607452,13.95373,14.35091,14.851308,14.697339,14.75626,15.388907,15.405035,16.048005,16.712264,17.09654,15.790388,19.24221,20.301712,20.764047,18.210878,20.83114,21.251328,21.721191,20.805766,21.93494,21.505936,21.355193,21.889137,21.040805,20.768349,20.298702,21.411533,19.493807,19.405209,19.237264,20.004526,18.881158,18.156903,17.925735,19.155549,18.055619,18.103358,17.868749,17.629409,16.661944,16.180255,16.064134,17.559951,15.456215
2025,Punchbowl 33_11kV,2025-04-25,MW,15.207415,14.931303,14.4909,13.956957,13.251625,12.855522,14.128773,12.049337,11.728282,11.408302,12.464364,11.231969,11.174339,11.002952,11.359704,10.818877,10.967256,11.141008,10.955214,11.348951,11.42787,11.937515,11.176489,12.456838,12.378348,12.033854,12.132342,12.238786,12.332759,12.465224,12.166963,14.116516,14.671964,14.878618,13.73439,14.361446,15.53578,13.690522,14.950656,12.749507,12.3362,12.295987,13.399573,13.355274,15.751466,17.235026,12.30717,21.279284,19.330806,16.936766,19.921736,19.860664,19.371449,19.282208,16.972247,18.906316,17.773916,17.28298,18.872555,17.448561,17.501891,16.889027,16.882791,17.829182,17.950894,18.222705,17.494365,18.744177,19.096198,19.731426,18.765895,19.931198,19.529934,19.5123,19.887544,18.882878,18.300765,18.013041,19.285863,17.7079,17.251584,17.252875,17.76596,16.87935,16.518943,16.635279,17.099336,16.701727,16.843223,16.898489,16.656784,15.72007,15.544812,15.255583,16.535716,15.210639
2025,Punchbowl 33_11kV,2025-04-26,MW,14.742928,14.523802,14.08082,13.918894,13.305815,12.711014,13.971579,12.036434,11.74871,11.574528,12.33362,11.17735,11.136922,11.113483,11.359918,10.859306,10.957793,11.129396,11.036498,11.421635,11.571088,11.98504,11.143158,12.398991,12.953579,12.892509,12.208681,12.752517,13.22023,13.833309,12.673598,13.518705,15.236874,15.332782,13.130342,14.919476,15.386757,14.093937,14.947861,15.707382,14.957968,12.909927,14.235218,15.906079,17.437594,16.990311,14.24296,15.871458,16.806452,18.257111,17.513073,17.638657,18.185934,16.732908,17.478022,17.687686,18.902232,18.437101,16.164987,18.137333,17.589412,17.864234,18.160343,19.346505,20.342784,20.85544,18.571716,20.993926,21.032848,20.824474,21.204234,20.452239,20.203008,20.305368,20.688139,20.097209,19.40908,18.935993,20.02474,18.362696,18.322268,17.907672,18.46484,17.397812,17.27696,17.354373,17.398242,17.026652,17.183631,16.831397,17.145354,16.305408,15.981342,15.90952,16.557005,15.726306
2025,Punchbowl 33_11kV,2025-04-27,MW,15.191287,14.789806,14.268764,13.957602,13.38925,12.756173,14.08684,12.134923,11.890422,11.720971,12.435118,11.393465,11.191758,10.93801,11.485072,11.318846,11.423355,11.240571,10.916721,11.309384,11.346156,11.733227,11.257129,12.291041,12.726928,12.894874,12.055358,13.280441,13.453333,13.885133,12.937452,15.305472,15.894251,16.283044,14.40983,17.550705,17.707038,18.371513,16.582595,19.074478,19.150173,19.302422,19.061575,19.491871,19.380696,19.094047,19.459399,19.036202,19.210384,19.534879,19.048458,20.102585,20.260639,19.822172,19.591865,19.222641,19.251886,19.413596,19.630786,19.378975,19.496386,19.582188,18.986526,19.27253,19.455959,19.88303,19.491872,20.638894,21.048546,21.55905,20.384072,21.23004,20.926618,20.778026,21.612166,20.264295,19.937003,20.074414,20.434821,19.606272,19.21834,18.677945,19.823033,17.901005,17.743381,17.748542,18.231092,17.310505,17.363405,17.041275,17.387919,16.379167,15.901564,15.826944,16.430991,15.434067
2025,Punchbowl 33_11kV,2025-04-28,MW,14.933883,14.619279,14.136515,13.819976,13.206466,12.807352,13.895671,11.957946,11.726562,11.563346,12.258142,11.224658,11.10101,11.121439,11.31906,11.136706,11.115848,11.405937,11.196272,12.105462,12.380498,12.784558,11.658824,13.636977,14.078668,14.404669,13.367532,14.564444,15.088712,15.202038,14.272634,15.945431,15.777915,14.45886,15.384822,17.642958,17.051812,16.188857,17.448775,16.396155,15.274292,12.942398,17.270507,16.621948,14.834319,16.437228,14.633042,17.970464,17.728543,16.967946,18.284637,19.302205,18.181417,18.096692,18.202276,17.378242,16.072735,16.077251,18.150667,16.049941,18.311732,18.588273,15.770389,19.819592,20.030976,20.496108,19.035126,21.820538,22.423942,22.347386,21.163592,22.129982,22.051062,21.63926,22.11794,21.770006,21.366804,20.875438,21.961606,20.658033,20.298056,19.895501,20.588576,19.03104,18.814495,18.765036,19.480474,18.518385,18.350223,18.139269,18.538168,16.5555,16.188426,16.093809,17.473936,15.29558
2025,Punchbowl 33_11kV,2025-04-29,MW,15.028286,14.642934,14.292204,13.953086,13.207542,12.610806,13.944054,11.88053,11.58098,11.446364,12.190618,11.231108,11.316266,11.326158,11.313685,11.171328,11.335188,11.523994,11.251753,12.088258,12.540704,13.223886,11.709358,14.076088,14.534554,14.764431,13.489889,15.13172,15.304397,15.299666,15.28698,14.593475,14.537564,13.924056,14.975386,14.310482,14.206618,13.697833,13.777184,12.858532,12.71381,12.706498,13.24453,12.694672,13.530748,14.777334,12.661341,15.840492,20.088392,20.312035,14.637343,20.675667,20.586209,15.912315,20.071618,18.126582,19.683472,20.440627,14.750024,20.506645,20.61438,20.697815,20.332247,21.316916,21.625068,22.145034,20.946616,22.3104,22.697687,23.185828,22.285886,22.264167,21.98827,21.741834,22.788864,21.786563,21.274552,21.06876,21.699471,20.23634,19.616379,19.233177,20.556749,18.500751,18.335601,18.072607,18.872341,17.68489,17.71005,17.353728,17.68489,16.244767,15.870167,15.601582,16.834407,15.253217
