PGE_Temp,PGE_Solar,SCE_Temp,SCE_Solar,SDGE_Temp,SDGE_Solar,VEA_Temp,VEA_Solar,Date,HR
7.2,0.0,9.8,0.0,9.5,0.0,7.3,0.0,2025-01-01,0
6.3,0.0,9.2,0.0,8.9,0.0,7.3,0.0,2025-01-01,1
5.5,0.0,9.3,0.0,8.8,0.0,7.1,0.0,2025-01-01,2
5.5,0.0,9.3,0.0,8.1,0.0,6.9,0.0,2025-01-01,3
5.2,0.0,9.6,0.0,7.3,0.0,6.8,0.0,2025-01-01,4
5.1,0.0,9.0,0.0,7.1,0.0,6.8,0.0,2025-01-01,5
5.1,0.0,9.4,0.0,8.6,0.0,5.7,0.0,2025-01-01,6
4.8,0.0,9.4,0.0,8.2,0.0,4.8,0.0,2025-01-01,7
4.8,0.0,8.9,0.0,7.1,0.0,4.8,0.0,2025-01-01,8
5.0,6.0,10.2,55.0,8.7,73.0,5.8,63.0,2025-01-01,9
5.5,37.0,11.9,212.0,11.7,239.0,7.7,224.0,2025-01-01,10
6.4,99.0,13.9,372.0,13.8,401.0,8.9,373.0,2025-01-01,11
8.3,268.0,16.4,492.0,15.3,520.0,10.5,478.0,2025-01-01,12
9.8,312.0,18.4,552.0,16.2,578.0,12.3,529.0,2025-01-01,13
10.1,182.0,19.7,542.0,16.6,569.0,13.1,517.0,2025-01-01,14
10.0,69.0,20.1,476.0,16.5,497.0,14.1,443.0,2025-01-01,15
10.1,53.0,20.0,358.0,15.9,371.0,14.2,318.0,2025-01-01,16
10.0,27.0,19.0,199.0,14.9,203.0,13.7,157.0,2025-01-01,17
10.5,5.0,16.3,42.0,13.3,42.0,11.9,19.0,2025-01-01,18
10.1,0.0,15.1,0.0,12.6,0.0,11.8,0.0,2025-01-01,19
9.4,0.0,13.9,0.0,12.3,0.0,11.5,0.0,2025-01-01,20
9.5,0.0,12.8,0.0,11.6,0.0,11.4,0.0,2025-01-01,21
8.9,0.0,12.4,0.0,11.1,0.0,10.7,0.0,2025-01-01,22
8.2,0.0,12.1,0.0,10.6,0.0,10.4,0.0,2025-01-01,23
8.2,0.0,12.1,0.0,9.8,0.0,9.9,0.0,2025-01-02,0
8.0,0.0,12.2,0.0,9.2,0.0,9.4,0.0,2025-01-02,1
8.0,0.0,12.3,0.0,8.9,0.0,9.1,0.0,2025-01-02,2
7.9,0.0,12.2,0.0,8.9,0.0,8.7,0.0,2025-01-02,3
7.8,0.0,11.7,0.0,8.3,0.0,8.2,0.0,2025-01-02,4
7.3,0.0,11.2,0.0,7.5,0.0,7.4,0.0,2025-01-02,5
7.4,0.0,10.4,0.0,6.2,0.0,6.4,0.0,2025-01-02,6
7.5,0.0,10.1,0.0,6.1,0.0,6.1,0.0,2025-01-02,7
7.2,0.0,9.8,0.0,6.5,0.0,5.9,0.0,2025-01-02,8
7.0,11.0,11.1,56.0,9.3,79.0,7.2,57.0,2025-01-02,9
8.2,116.0,14.1,220.0,12.9,256.0,9.3,199.0,2025-01-02,10
9.6,251.0,17.2,379.0,16.6,419.0,11.2,344.0,2025-01-02,11
11.0,329.0,20.2,497.0,19.1,535.0,12.9,467.0,2025-01-02,12
12.2,378.0,22.5,558.0,20.9,593.0,14.5,520.0,2025-01-02,13
12.9,362.0,24.3,557.0,21.2,585.0,15.6,513.0,2025-01-02,14
13.2,281.0,25.4,492.0,20.3,511.0,16.3,441.0,2025-01-02,15
13.4,237.0,25.6,370.0,18.9,380.0,16.5,316.0,2025-01-02,16
13.0,147.0,24.0,207.0,16.8,210.0,16.0,156.0,2025-01-02,17
11.6,34.0,19.6,45.0,14.8,44.0,15.0,20.0,2025-01-02,18
10.9,0.0,17.5,0.0,13.2,0.0,14.4,0.0,2025-01-02,19
10.7,0.0,16.3,0.0,12.7,0.0,13.7,0.0,2025-01-02,20
9.9,0.0,14.9,0.0,12.0,0.0,12.7,0.0,2025-01-02,21
9.4,0.0,14.0,0.0,12.1,0.0,11.9,0.0,2025-01-02,22
8.8,0.0,13.6,0.0,12.1,0.0,11.3,0.0,2025-01-02,23
8.2,0.0,13.2,0.0,12.5,0.0,10.7,0.0,2025-01-03,0
7.8,0.0,13.0,0.0,12.2,0.0,10.0,0.0,2025-01-03,1
8.1,0.0,12.8,0.0,11.9,0.0,9.8,0.0,2025-01-03,2
8.3,0.0,12.7,0.0,11.4,0.0,9.9,0.0,2025-01-03,3
8.5,0.0,12.8,0.0,10.9,0.0,10.0,0.0,2025-01-03,4
8.6,0.0,12.5,0.0,10.9,0.0,9.8,0.0,2025-01-03,5
9.0,0.0,10.2,0.0,9.6,0.0,8.8,0.0,2025-01-03,6
9.1,0.0,10.3,0.0,9.9,0.0,8.2,0.0,2025-01-03,7
9.0,0.0,9.5,0.0,9.4,0.0,8.1,0.0,2025-01-03,8
8.8,3.0,10.3,43.0,11.0,75.0,9.4,62.0,2025-01-03,9
9.0,14.0,12.3,157.0,13.5,240.0,12.3,174.0,2025-01-03,10
9.3,18.0,14.0,247.0,16.0,404.0,15.6,311.0,2025-01-03,11
9.6,33.0,16.0,324.0,17.7,517.0,17.9,414.0,2025-01-03,12
11.0,92.0,18.2,444.0,18.3,581.0,19.1,449.0,2025-01-03,13
11.0,64.0,19.3,492.0,17.2,548.0,20.1,464.0,2025-01-03,14
11.1,55.0,18.9,411.0,16.4,495.0,20.1,286.0,2025-01-03,15
12.7,213.0,19.1,349.0,14.7,187.0,19.3,188.0,2025-01-03,16
12.6,150.0,18.4,205.0,14.6,112.0,17.3,101.0,2025-01-03,17
11.0,36.0,15.8,44.0,13.1,42.0,15.7,20.0,2025-01-03,18
10.5,0.0,14.5,0.0,12.6,0.0,14.1,0.0,2025-01-03,19
9.7,0.0,12.4,0.0,11.8,0.0,13.1,0.0,2025-01-03,20
9.3,0.0,11.5,0.0,12.0,0.0,12.5,0.0,2025-01-03,21
9.0,0.0,10.8,0.0,11.9,0.0,11.4,0.0,2025-01-03,22
8.7,0.0,10.5,0.0,11.0,0.0,11.9,0.0,2025-01-03,23
8.3,0.0,10.7,0.0,9.9,0.0,11.8,0.0,2025-01-04,0
7.8,0.0,11.3,0.0,10.0,0.0,11.6,0.0,2025-01-04,1
7.5,0.0,10.9,0.0,9.2,0.0,10.4,0.0,2025-01-04,2
7.3,0.0,10.0,0.0,8.2,0.0,8.9,0.0,2025-01-04,3
7.0,0.0,9.4,0.0,9.5,0.0,8.0,0.0,2025-01-04,4
6.4,0.0,8.2,0.0,10.2,0.0,7.2,0.0,2025-01-04,5
5.5,0.0,9.9,0.0,8.4,0.0,6.6,0.0,2025-01-04,6
4.9,0.0,10.2,0.0,7.9,0.0,6.4,0.0,2025-01-04,7
4.5,0.0,10.1,0.0,7.9,0.0,6.5,0.0,2025-01-04,8
5.3,10.0,10.0,35.0,9.2,68.0,7.5,65.0,2025-01-04,9
6.6,96.0,10.4,130.0,12.2,223.0,11.2,232.0,2025-01-04,10
7.7,208.0,11.0,275.0,14.6,398.0,12.9,387.0,2025-01-04,11
8.8,268.0,11.8,394.0,15.9,514.0,14.0,496.0,2025-01-04,12
10.3,339.0,13.2,455.0,16.6,574.0,14.9,547.0,2025-01-04,13
11.7,402.0,15.6,521.0,17.0,563.0,15.2,535.0,2025-01-04,14
12.3,394.0,17.1,477.0,16.5,497.0,15.5,460.0,2025-01-04,15
12.4,300.0,17.3,342.0,15.8,371.0,15.5,331.0,2025-01-04,16
12.0,160.0,16.1,194.0,15.0,208.0,14.6,166.0,2025-01-04,17
10.2,38.0,14.4,30.0,13.2,45.0,12.3,23.0,2025-01-04,18
9.6,0.0,13.2,0.0,12.7,0.0,10.7,0.0,2025-01-04,19
8.9,0.0,12.6,0.0,12.5,0.0,9.5,0.0,2025-01-04,20
8.5,0.0,12.2,0.0,12.1,0.0,8.5,0.0,2025-01-04,21
7.9,0.0,11.6,0.0,11.7,0.0,7.9,0.0,2025-01-04,22
7.5,0.0,11.0,0.0,11.4,0.0,7.7,0.0,2025-01-04,23
7.1,0.0,10.3,0.0,10.7,0.0,7.4,0.0,2025-01-05,0
7.0,0.0,9.5,0.0,10.5,0.0,7.1,0.0,2025-01-05,1
6.6,0.0,8.9,0.0,10.5,0.0,6.5,0.0,2025-01-05,2
6.2,0.0,8.3,0.0,10.2,0.0,6.2,0.0,2025-01-05,3
5.7,0.0,7.8,0.0,9.3,0.0,5.8,0.0,2025-01-05,4
5.3,0.0,7.1,0.0,8.9,0.0,5.3,0.0,2025-01-05,5
4.2,0.0,8.2,0.0,8.3,0.0,4.6,0.0,2025-01-05,6
4.2,0.0,7.2,0.0,7.8,0.0,4.2,0.0,2025-01-05,7
3.8,0.0,6.6,0.0,7.7,0.0,4.2,0.0,2025-01-05,8
4.0,8.0,8.5,53.0,9.1,74.0,5.6,56.0,2025-01-05,9
5.7,69.0,12.7,211.0,12.6,245.0,7.4,212.0,2025-01-05,10
7.2,176.0,16.4,363.0,16.8,404.0,9.1,366.0,2025-01-05,11
8.9,285.0,19.4,475.0,19.3,518.0,10.3,477.0,2025-01-05,12
10.8,428.0,21.9,538.0,20.4,573.0,11.2,530.0,2025-01-05,13
12.3,457.0,23.4,542.0,20.6,563.0,12.2,520.0,2025-01-05,14
13.4,414.0,24.1,478.0,20.4,496.0,13.2,449.0,2025-01-05,15
13.8,296.0,24.1,362.0,19.6,375.0,13.5,326.0,2025-01-05,16
13.3,129.0,22.6,205.0,18.1,210.0,12.9,165.0,2025-01-05,17
11.6,43.0,18.5,44.0,17.7,47.0,11.8,24.0,2025-01-05,18
10.9,0.0,17.3,0.0,16.3,0.0,10.5,0.0,2025-01-05,19
9.9,0.0,16.5,0.0,15.8,0.0,9.3,0.0,2025-01-05,20
9.4,0.0,15.7,0.0,14.8,0.0,8.3,0.0,2025-01-05,21
8.8,0.0,14.4,0.0,14.0,0.0,7.9,0.0,2025-01-05,22
8.2,0.0,13.4,0.0,13.4,0.0,7.9,0.0,2025-01-05,23
7.6,0.0,12.4,0.0,12.6,0.0,7.7,0.0,2025-01-06,0
7.3,0.0,11.4,0.0,11.8,0.0,7.4,0.0,2025-01-06,1
6.8,0.0,10.7,0.0,10.9,0.0,7.0,0.0,2025-01-06,2
6.7,0.0,10.2,0.0,10.7,0.0,6.9,0.0,2025-01-06,3
6.6,0.0,10.1,0.0,10.2,0.0,6.7,0.0,2025-01-06,4
6.5,0.0,10.3,0.0,10.0,0.0,6.5,0.0,2025-01-06,5
6.1,0.0,9.4,0.0,9.7,0.0,6.1,0.0,2025-01-06,6
5.7,0.0,10.0,0.0,9.6,0.0,6.2,0.0,2025-01-06,7
4.8,0.0,10.3,0.0,9.4,0.0,6.1,0.0,2025-01-06,8
5.3,11.0,11.9,55.0,10.6,75.0,7.7,64.0,2025-01-06,9
6.3,99.0,14.8,219.0,13.8,249.0,9.5,229.0,2025-01-06,10
7.7,203.0,17.1,379.0,17.8,412.0,11.7,382.0,2025-01-06,11
9.2,295.0,19.4,497.0,19.3,531.0,13.3,490.0,2025-01-06,12
10.9,392.0,21.4,560.0,19.6,590.0,14.9,540.0,2025-01-06,13
12.4,447.0,22.6,559.0,19.1,583.0,15.7,529.0,2025-01-06,14
13.5,406.0,23.2,492.0,18.2,512.0,16.3,456.0,2025-01-06,15
14.1,295.0,23.1,373.0,17.5,384.0,16.3,330.0,2025-01-06,16
13.6,155.0,22.0,215.0,16.3,218.0,15.1,168.0,2025-01-06,17
12.8,44.0,19.3,37.0,15.4,48.0,13.8,25.0,2025-01-06,18
12.3,0.0,17.6,0.0,14.6,0.0,12.5,0.0,2025-01-06,19
12.0,0.0,16.8,0.0,14.4,0.0,10.7,0.0,2025-01-06,20
12.2,0.0,15.4,0.0,13.9,0.0,9.3,0.0,2025-01-06,21
12.0,0.0,14.5,0.0,14.2,0.0,8.5,0.0,2025-01-06,22
11.7,0.0,14.1,0.0,13.7,0.0,7.8,0.0,2025-01-06,23
12.0,0.0,13.6,0.0,13.5,0.0,8.2,0.0,2025-01-07,0
11.8,0.0,12.7,0.0,13.3,0.0,8.6,0.0,2025-01-07,1
10.9,0.0,11.1,0.0,13.1,0.0,8.2,0.0,2025-01-07,2
10.1,0.0,9.6,0.0,13.1,0.0,8.3,0.0,2025-01-07,3
10.0,0.0,8.5,0.0,13.1,0.0,7.9,0.0,2025-01-07,4
9.7,0.0,8.2,0.0,13.4,0.0,7.8,0.0,2025-01-07,5
10.8,0.0,9.9,0.0,12.9,0.0,8.3,0.0,2025-01-07,6
10.2,0.0,10.7,0.0,13.0,0.0,9.1,0.0,2025-01-07,7
9.7,0.0,11.2,0.0,12.1,0.0,8.8,0.0,2025-01-07,8
9.3,13.0,12.7,29.0,11.9,71.0,8.8,42.0,2025-01-07,9
10.2,134.0,15.0,155.0,14.3,234.0,10.2,165.0,2025-01-07,10
11.4,287.0,17.1,204.0,17.3,385.0,11.5,331.0,2025-01-07,11
13.4,408.0,18.5,288.0,18.3,517.0,12.3,458.0,2025-01-07,12
15.4,478.0,19.5,355.0,18.1,575.0,13.1,540.0,2025-01-07,13
16.9,490.0,21.1,466.0,17.8,570.0,13.6,530.0,2025-01-07,14
17.5,442.0,22.2,486.0,17.9,501.0,13.5,469.0,2025-01-07,15
17.3,341.0,21.9,369.0,18.1,371.0,13.0,340.0,2025-01-07,16
15.9,195.0,20.8,215.0,18.1,210.0,11.9,162.0,2025-01-07,17
15.2,41.0,19.5,54.0,16.5,41.0,10.6,27.0,2025-01-07,18
13.8,0.0,17.9,0.0,16.5,0.0,9.7,0.0,2025-01-07,19
13.6,0.0,18.0,0.0,17.4,0.0,8.0,0.0,2025-01-07,20
13.5,0.0,17.4,0.0,17.7,0.0,8.0,0.0,2025-01-07,21
13.4,0.0,17.0,0.0,17.5,0.0,8.0,0.0,2025-01-07,22
13.0,0.0,16.6,0.0,16.2,0.0,6.3,0.0,2025-01-07,23
13.0,0.0,14.3,0.0,15.1,0.0,5.3,0.0,2025-01-08,0
12.2,0.0,14.8,0.0,14.7,0.0,5.2,0.0,2025-01-08,1
11.5,0.0,14.6,0.0,14.3,0.0,4.7,0.0,2025-01-08,2
11.1,0.0,13.8,0.0,14.0,0.0,5.0,0.0,2025-01-08,3
11.0,0.0,13.3,0.0,13.6,0.0,5.1,0.0,2025-01-08,4
10.0,0.0,13.6,0.0,13.3,0.0,4.1,0.0,2025-01-08,5
10.2,0.0,14.7,0.0,14.6,0.0,3.6,0.0,2025-01-08,6
9.4,0.0,14.3,0.0,14.1,0.0,3.1,0.0,2025-01-08,7
9.1,0.0,13.3,0.0,13.4,0.0,3.0,0.0,2025-01-08,8
8.8,13.0,14.1,53.0,14.3,72.0,5.5,63.0,2025-01-08,9
9.6,133.0,16.4,209.0,16.4,244.0,9.3,219.0,2025-01-08,10
11.3,265.0,17.6,385.0,18.8,414.0,11.6,361.0,2025-01-08,11
12.6,405.0,19.2,496.0,21.5,534.0,12.7,483.0,2025-01-08,12
13.4,465.0,20.6,574.0,21.7,592.0,13.7,550.0,2025-01-08,13
14.2,487.0,21.4,573.0,21.9,588.0,14.5,541.0,2025-01-08,14
14.4,440.0,22.1,509.0,22.1,521.0,15.0,471.0,2025-01-08,15
14.1,340.0,21.9,388.0,21.8,395.0,14.8,347.0,2025-01-08,16
13.3,199.0,21.4,224.0,20.6,228.0,13.3,179.0,2025-01-08,17
12.3,51.0,20.2,56.0,18.6,54.0,10.7,29.0,2025-01-08,18
11.8,0.0,18.9,0.0,17.5,0.0,9.3,0.0,2025-01-08,19
10.7,0.0,17.7,0.0,16.5,0.0,7.4,0.0,2025-01-08,20
9.4,0.0,17.4,0.0,17.2,0.0,5.9,0.0,2025-01-08,21
8.8,0.0,16.0,0.0,16.1,0.0,5.4,0.0,2025-01-08,22
8.3,0.0,13.5,0.0,14.1,0.0,5.3,0.0,2025-01-08,23
7.4,0.0,12.3,0.0,12.6,0.0,5.0,0.0,2025-01-09,0
7.1,0.0,11.1,0.0,11.9,0.0,5.2,0.0,2025-01-09,1
6.7,0.0,10.6,0.0,11.4,0.0,4.6,0.0,2025-01-09,2
6.5,0.0,9.1,0.0,10.5,0.0,5.3,0.0,2025-01-09,3
6.2,0.0,8.4,0.0,9.9,0.0,6.0,0.0,2025-01-09,4
5.5,0.0,8.0,0.0,9.1,0.0,5.7,0.0,2025-01-09,5
4.9,0.0,6.1,0.0,7.8,0.0,6.8,0.0,2025-01-09,6
5.6,0.0,6.0,0.0,7.7,0.0,6.7,0.0,2025-01-09,7
7.2,0.0,5.8,0.0,7.8,0.0,6.5,0.0,2025-01-09,8
8.5,14.0,7.6,56.0,10.3,78.0,7.8,67.0,2025-01-09,9
10.7,136.0,11.9,226.0,13.9,257.0,10.4,237.0,2025-01-09,10
13.3,290.0,15.7,393.0,17.9,426.0,12.5,394.0,2025-01-09,11
15.5,411.0,18.7,516.0,19.7,549.0,13.8,507.0,2025-01-09,12
17.4,482.0,20.5,581.0,20.3,611.0,14.4,563.0,2025-01-09,13
18.8,495.0,22.0,582.0,20.3,605.0,14.8,555.0,2025-01-09,14
19.3,447.0,23.0,519.0,19.7,534.0,15.0,482.0,2025-01-09,15
18.9,344.0,22.7,396.0,18.3,405.0,14.7,354.0,2025-01-09,16
17.7,202.0,21.2,230.0,16.9,234.0,13.5,186.0,2025-01-09,17
15.9,53.0,19.1,59.0,15.9,58.0,12.7,31.0,2025-01-09,18
15.1,0.0,17.9,0.0,14.2,0.0,11.6,0.0,2025-01-09,19
13.9,0.0,17.1,0.0,13.3,0.0,10.6,0.0,2025-01-09,20
12.9,0.0,15.6,0.0,12.9,0.0,9.6,0.0,2025-01-09,21
10.9,0.0,13.8,0.0,12.6,0.0,8.7,0.0,2025-01-09,22
9.2,0.0,12.1,0.0,15.7,0.0,7.7,0.0,2025-01-09,23
7.9,0.0,10.7,0.0,17.7,0.0,6.6,0.0,2025-01-10,0
6.9,0.0,9.7,0.0,17.7,0.0,4.8,0.0,2025-01-10,1
7.2,0.0,8.9,0.0,17.1,0.0,4.2,0.0,2025-01-10,2
7.4,0.0,8.5,0.0,16.5,0.0,3.4,0.0,2025-01-10,3
6.7,0.0,7.7,0.0,15.9,0.0,3.1,0.0,2025-01-10,4
6.3,0.0,7.0,0.0,14.8,0.0,2.8,0.0,2025-01-10,5
5.7,0.0,7.8,0.0,14.4,0.0,1.9,0.0,2025-01-10,6
5.2,0.0,7.5,0.0,13.5,0.0,1.9,0.0,2025-01-10,7
5.2,0.0,7.3,0.0,12.0,0.0,1.6,0.0,2025-01-10,8
5.4,13.0,9.1,56.0,14.6,80.0,3.0,64.0,2025-01-10,9
7.3,129.0,12.3,224.0,17.5,261.0,4.3,233.0,2025-01-10,10
9.7,277.0,14.7,388.0,19.7,429.0,5.4,391.0,2025-01-10,11
11.6,395.0,16.8,509.0,20.6,551.0,6.8,503.0,2025-01-10,12
12.9,465.0,18.4,573.0,21.3,612.0,8.7,557.0,2025-01-10,13
14.0,478.0,19.8,574.0,20.7,607.0,9.8,548.0,2025-01-10,14
14.7,433.0,20.7,512.0,19.8,535.0,10.6,476.0,2025-01-10,15
15.1,328.0,20.6,391.0,19.5,407.0,10.9,350.0,2025-01-10,16
14.5,195.0,18.7,228.0,18.0,236.0,10.7,185.0,2025-01-10,17
13.2,54.0,17.3,60.0,16.1,60.0,10.0,32.0,2025-01-10,18
12.1,0.0,15.3,0.0,15.4,0.0,9.2,0.0,2025-01-10,19
10.8,0.0,14.1,0.0,14.9,0.0,8.3,0.0,2025-01-10,20
10.2,0.0,13.6,0.0,13.8,0.0,7.5,0.0,2025-01-10,21
9.2,0.0,13.0,0.0,13.0,0.0,6.9,0.0,2025-01-10,22
8.6,0.0,12.5,0.0,12.5,0.0,6.7,0.0,2025-01-10,23
8.2,0.0,11.6,0.0,11.7,0.0,6.4,0.0,2025-01-11,0
7.5,0.0,11.1,0.0,10.5,0.0,6.3,0.0,2025-01-11,1
7.1,0.0,10.6,0.0,9.7,0.0,6.0,0.0,2025-01-11,2
7.1,0.0,10.3,0.0,8.9,0.0,5.5,0.0,2025-01-11,3
7.6,0.0,10.3,0.0,8.9,0.0,4.7,0.0,2025-01-11,4
8.3,0.0,10.3,0.0,9.0,0.0,4.1,0.0,2025-01-11,5
9.2,0.0,9.8,0.0,7.7,0.0,4.6,0.0,2025-01-11,6
8.9,0.0,9.5,0.0,7.8,0.0,6.0,0.0,2025-01-11,7
8.2,0.0,8.8,0.0,7.7,0.0,5.1,0.0,2025-01-11,8
8.1,14.0,9.4,57.0,10.0,78.0,6.2,66.0,2025-01-11,9
9.5,140.0,11.3,225.0,13.1,256.0,10.0,236.0,2025-01-11,10
10.9,296.0,13.2,391.0,15.6,424.0,11.5,399.0,2025-01-11,11
12.6,419.0,15.2,515.0,16.7,546.0,12.6,515.0,2025-01-11,12
14.0,491.0,17.1,581.0,17.3,608.0,13.6,572.0,2025-01-11,13
15.0,506.0,19.0,581.0,17.6,603.0,14.1,564.0,2025-01-11,14
15.5,461.0,20.3,518.0,17.7,533.0,14.0,491.0,2025-01-11,15
15.5,358.0,20.7,396.0,17.3,406.0,13.2,362.0,2025-01-11,16
14.6,213.0,19.5,233.0,16.6,237.0,11.7,194.0,2025-01-11,17
13.8,60.0,17.2,62.0,14.8,61.0,11.3,34.0,2025-01-11,18
12.7,0.0,15.5,0.0,13.8,0.0,10.6,0.0,2025-01-11,19
11.8,0.0,14.8,0.0,13.2,0.0,9.8,0.0,2025-01-11,20
10.8,0.0,14.3,0.0,12.1,0.0,9.0,0.0,2025-01-11,21
10.3,0.0,13.8,0.0,12.1,0.0,8.5,0.0,2025-01-11,22
9.9,0.0,12.5,0.0,12.2,0.0,7.7,0.0,2025-01-11,23
8.8,0.0,10.7,0.0,11.5,0.0,6.6,0.0,2025-01-12,0
7.9,0.0,10.0,0.0,10.3,0.0,5.2,0.0,2025-01-12,1
7.8,0.0,10.5,0.0,10.4,0.0,4.1,0.0,2025-01-12,2
7.5,0.0,8.7,0.0,9.5,0.0,3.1,0.0,2025-01-12,3
6.8,0.0,7.5,0.0,9.3,0.0,2.4,0.0,2025-01-12,4
6.3,0.0,6.9,0.0,8.9,0.0,2.1,0.0,2025-01-12,5
6.6,0.0,7.1,0.0,7.6,0.0,2.4,0.0,2025-01-12,6
6.3,0.0,6.5,0.0,7.8,0.0,1.6,0.0,2025-01-12,7
5.9,0.0,6.0,0.0,6.9,0.0,0.8,0.0,2025-01-12,8
5.9,15.0,7.6,59.0,9.2,80.0,3.1,68.0,2025-01-12,9
7.6,140.0,11.1,231.0,12.5,262.0,6.1,239.0,2025-01-12,10
9.7,296.0,14.1,399.0,15.8,431.0,8.1,398.0,2025-01-12,11
11.8,420.0,16.8,523.0,17.3,555.0,9.3,512.0,2025-01-12,12
13.8,491.0,18.6,588.0,17.8,618.0,10.1,568.0,2025-01-12,13
14.7,506.0,19.8,589.0,17.7,613.0,10.7,560.0,2025-01-12,14
15.2,459.0,20.3,525.0,17.6,542.0,10.7,489.0,2025-01-12,15
14.9,357.0,20.3,403.0,17.1,415.0,10.2,362.0,2025-01-12,16
14.0,214.0,19.0,237.0,16.3,244.0,9.4,195.0,2025-01-12,17
12.7,61.0,16.2,65.0,14.6,65.0,8.2,35.0,2025-01-12,18
11.2,0.0,13.9,0.0,13.3,0.0,6.8,0.0,2025-01-12,19
10.3,0.0,13.3,0.0,12.6,0.0,5.7,0.0,2025-01-12,20
9.5,0.0,12.4,0.0,11.9,0.0,4.2,0.0,2025-01-12,21
7.8,0.0,10.8,0.0,11.5,0.0,3.2,0.0,2025-01-12,22
6.1,0.0,9.2,0.0,11.0,0.0,2.3,0.0,2025-01-12,23
5.9,0.0,7.8,0.0,10.1,0.0,1.8,0.0,2025-01-13,0
6.5,0.0,7.1,0.0,9.3,0.0,1.4,0.0,2025-01-13,1
6.1,0.0,6.1,0.0,8.6,0.0,1.1,0.0,2025-01-13,2
5.7,0.0,5.3,0.0,8.0,0.0,1.0,0.0,2025-01-13,3
5.0,0.0,4.7,0.0,7.7,0.0,0.8,0.0,2025-01-13,4
4.7,0.0,5.3,0.0,7.3,0.0,0.6,0.0,2025-01-13,5
4.9,0.0,7.2,0.0,7.0,0.0,0.5,0.0,2025-01-13,6
5.6,0.0,7.0,0.0,7.0,0.0,-0.1,0.0,2025-01-13,7
5.4,0.0,6.2,0.0,7.0,0.0,-0.2,0.0,2025-01-13,8
5.9,15.0,7.6,58.0,8.5,80.0,1.8,68.0,2025-01-13,9
7.4,140.0,11.1,228.0,11.5,261.0,4.8,240.0,2025-01-13,10
9.4,296.0,14.1,394.0,15.4,429.0,7.4,401.0,2025-01-13,11
11.8,420.0,16.2,518.0,17.9,551.0,9.1,516.0,2025-01-13,12
13.7,494.0,17.9,585.0,18.7,614.0,9.9,573.0,2025-01-13,13
14.6,505.0,18.9,589.0,18.5,611.0,10.7,567.0,2025-01-13,14
14.9,457.0,19.5,529.0,18.3,543.0,11.1,496.0,2025-01-13,15
14.7,359.0,19.5,408.0,17.9,416.0,10.9,368.0,2025-01-13,16
13.9,216.0,18.9,243.0,17.5,244.0,9.9,200.0,2025-01-13,17
12.6,63.0,16.5,68.0,14.7,66.0,8.1,37.0,2025-01-13,18
11.2,0.0,15.4,0.0,13.4,0.0,6.6,0.0,2025-01-13,19
10.0,0.0,13.5,0.0,12.5,0.0,5.4,0.0,2025-01-13,20
9.5,0.0,11.7,0.0,11.8,0.0,4.2,0.0,2025-01-13,21
8.7,0.0,10.3,0.0,11.3,0.0,3.5,0.0,2025-01-13,22
7.7,0.0,9.6,0.0,10.6,0.0,3.0,0.0,2025-01-13,23
6.4,0.0,8.4,0.0,10.0,0.0,2.5,0.0,2025-01-14,0
5.8,0.0,7.1,0.0,8.5,0.0,2.3,0.0,2025-01-14,1
4.8,0.0,6.2,0.0,7.6,0.0,2.1,0.0,2025-01-14,2
4.4,0.0,6.2,0.0,7.2,0.0,2.0,0.0,2025-01-14,3
3.8,0.0,6.0,0.0,6.4,0.0,1.7,0.0,2025-01-14,4
3.5,0.0,5.5,0.0,5.9,0.0,1.3,0.0,2025-01-14,5
3.1,0.0,4.3,0.0,5.7,0.0,0.4,0.0,2025-01-14,6
2.9,0.0,3.3,0.0,5.1,0.0,0.5,0.0,2025-01-14,7
2.6,0.0,2.8,0.0,4.6,0.0,0.4,0.0,2025-01-14,8
2.8,14.0,4.5,58.0,7.9,81.0,1.9,68.0,2025-01-14,9
4.8,136.0,8.7,228.0,11.5,264.0,3.6,239.0,2025-01-14,10
7.1,288.0,11.4,394.0,15.6,433.0,5.2,399.0,2025-01-14,11
9.0,411.0,14.2,518.0,18.8,557.0,6.9,515.0,2025-01-14,12
10.6,484.0,16.3,585.0,19.9,619.0,7.4,571.0,2025-01-14,13
11.8,501.0,18.0,589.0,20.3,616.0,8.0,564.0,2025-01-14,14
12.7,457.0,19.1,528.0,19.9,549.0,8.7,493.0,2025-01-14,15
12.9,357.0,18.8,407.0,19.0,423.0,8.8,367.0,2025-01-14,16
12.5,212.0,17.4,243.0,17.9,251.0,7.9,200.0,2025-01-14,17
11.4,65.0,15.0,69.0,17.4,70.0,5.9,39.0,2025-01-14,18
10.1,0.0,13.3,0.0,16.9,0.0,5.1,0.0,2025-01-14,19
9.1,0.0,12.6,0.0,16.0,0.0,4.3,0.0,2025-01-14,20
8.2,0.0,11.3,0.0,13.3,0.0,3.8,0.0,2025-01-14,21
7.5,0.0,10.3,0.0,11.6,0.0,4.1,0.0,2025-01-14,22
6.9,0.0,9.7,0.0,11.0,0.0,4.2,0.0,2025-01-14,23
6.4,0.0,9.4,0.0,10.4,0.0,3.9,0.0,2025-01-15,0
5.9,0.0,8.8,0.0,9.7,0.0,2.9,0.0,2025-01-15,1
5.4,0.0,8.7,0.0,9.1,0.0,2.6,0.0,2025-01-15,2
4.8,0.0,8.1,0.0,9.4,0.0,2.4,0.0,2025-01-15,3
4.4,0.0,7.4,0.0,9.1,0.0,2.1,0.0,2025-01-15,4
4.2,0.0,6.1,0.0,8.0,0.0,1.8,0.0,2025-01-15,5
2.9,0.0,5.6,0.0,7.3,0.0,1.0,0.0,2025-01-15,6
2.7,0.0,5.4,0.0,7.0,0.0,1.0,0.0,2025-01-15,7
2.8,0.0,4.9,0.0,6.3,0.0,0.5,0.0,2025-01-15,8
3.3,15.0,6.1,59.0,8.5,82.0,2.5,70.0,2025-01-15,9
5.2,138.0,10.2,231.0,11.9,265.0,4.6,243.0,2025-01-15,10
7.5,292.0,13.4,399.0,15.7,434.0,5.9,404.0,2025-01-15,11
9.9,416.0,16.1,524.0,17.8,558.0,6.9,520.0,2025-01-15,12
11.8,490.0,18.5,592.0,19.0,623.0,8.0,578.0,2025-01-15,13
13.3,506.0,20.3,594.0,19.9,621.0,9.0,570.0,2025-01-15,14
14.2,462.0,21.1,532.0,19.5,553.0,9.6,500.0,2025-01-15,15
14.4,363.0,21.2,411.0,18.7,426.0,9.7,373.0,2025-01-15,16
13.9,222.0,20.5,247.0,18.1,254.0,8.6,205.0,2025-01-15,17
12.4,68.0,18.6,72.0,15.6,72.0,8.6,41.0,2025-01-15,18
11.2,0.0,16.6,0.0,13.1,0.0,8.6,0.0,2025-01-15,19
10.3,0.0,15.3,0.0,11.8,0.0,7.9,0.0,2025-01-15,20
10.1,0.0,13.7,0.0,11.6,0.0,7.3,0.0,2025-01-15,21
9.0,0.0,11.6,0.0,11.3,0.0,6.8,0.0,2025-01-15,22
7.6,0.0,10.4,0.0,10.8,0.0,6.0,0.0,2025-01-15,23
6.5,0.0,9.5,0.0,10.1,0.0,5.4,0.0,2025-01-16,0
5.9,0.0,8.8,0.0,9.6,0.0,5.0,0.0,2025-01-16,1
5.2,0.0,8.0,0.0,8.8,0.0,4.5,0.0,2025-01-16,2
4.5,0.0,7.3,0.0,8.6,0.0,4.3,0.0,2025-01-16,3
3.9,0.0,6.4,0.0,8.0,0.0,4.0,0.0,2025-01-16,4
3.5,0.0,5.7,0.0,7.0,0.0,3.7,0.0,2025-01-16,5
1.9,0.0,4.5,0.0,6.2,0.0,2.5,0.0,2025-01-16,6
1.9,0.0,4.4,0.0,5.5,0.0,2.1,0.0,2025-01-16,7
1.8,0.0,4.0,0.0,5.4,0.0,1.7,0.0,2025-01-16,8
1.9,16.0,6.1,60.0,7.2,81.0,3.4,73.0,2025-01-16,9
3.7,140.0,10.8,233.0,11.1,263.0,6.3,249.0,2025-01-16,10
6.2,295.0,14.6,401.0,14.9,430.0,8.0,413.0,2025-01-16,11
9.0,419.0,17.2,526.0,15.8,516.0,9.2,530.0,2025-01-16,12
11.3,493.0,19.2,594.0,15.0,460.0,10.1,588.0,2025-01-16,13
13.1,509.0,20.5,597.0,15.0,336.0,11.0,581.0,2025-01-16,14
14.0,465.0,20.7,535.0,15.7,455.0,11.6,509.0,2025-01-16,15
14.4,366.0,19.4,414.0,15.0,276.0,11.8,381.0,2025-01-16,16
13.8,224.0,17.5,247.0,14.4,152.0,10.2,211.0,2025-01-16,17
12.1,70.0,15.7,72.0,13.6,61.0,10.5,44.0,2025-01-16,18
10.6,0.0,14.1,0.0,12.5,0.0,10.2,0.0,2025-01-16,19
9.9,0.0,12.9,0.0,12.0,0.0,9.3,0.0,2025-01-16,20
8.9,0.0,12.0,0.0,11.2,0.0,8.0,0.0,2025-01-16,21
8.0,0.0,11.4,0.0,11.0,0.0,7.3,0.0,2025-01-16,22
7.9,0.0,10.7,0.0,10.6,0.0,6.5,0.0,2025-01-16,23
7.4,0.0,10.0,0.0,10.3,0.0,5.9,0.0,2025-01-17,0
6.8,0.0,9.7,0.0,9.8,0.0,5.4,0.0,2025-01-17,1
6.3,0.0,9.1,0.0,9.3,0.0,5.0,0.0,2025-01-17,2
5.8,0.0,8.4,0.0,9.0,0.0,4.7,0.0,2025-01-17,3
5.2,0.0,7.8,0.0,8.7,0.0,4.3,0.0,2025-01-17,4
4.9,0.0,7.4,0.0,8.4,0.0,4.1,0.0,2025-01-17,5
3.2,0.0,6.9,0.0,8.7,0.0,4.3,0.0,2025-01-17,6
2.6,0.0,6.9,0.0,8.9,0.0,3.9,0.0,2025-01-17,7
2.2,0.0,7.6,0.0,9.0,0.0,3.3,0.0,2025-01-17,8
2.5,15.0,9.1,35.0,9.9,44.0,4.7,72.0,2025-01-17,9
3.8,124.0,10.7,98.0,11.7,169.0,7.4,244.0,2025-01-17,10
5.8,261.0,11.9,215.0,13.5,373.0,9.4,401.0,2025-01-17,11
8.0,399.0,13.1,353.0,14.7,511.0,10.7,515.0,2025-01-17,12
10.0,486.0,14.6,506.0,15.2,586.0,12.2,573.0,2025-01-17,13
11.5,504.0,15.7,537.0,15.3,598.0,13.4,571.0,2025-01-17,14
12.5,461.0,16.4,499.0,15.0,538.0,14.0,510.0,2025-01-17,15
13.0,362.0,16.5,391.0,14.6,416.0,14.0,381.0,2025-01-17,16
12.7,223.0,15.9,238.0,13.8,249.0,13.2,212.0,2025-01-17,17
11.7,71.0,14.6,72.0,12.9,73.0,11.4,46.0,2025-01-17,18
10.2,0.0,13.5,0.0,12.2,0.0,10.4,0.0,2025-01-17,19
8.8,0.0,12.4,0.0,11.4,0.0,9.4,0.0,2025-01-17,20
7.9,0.0,11.9,0.0,10.9,0.0,8.0,0.0,2025-01-17,21
7.5,0.0,11.2,0.0,10.8,0.0,7.1,0.0,2025-01-17,22
7.2,0.0,11.0,0.0,10.3,0.0,6.3,0.0,2025-01-17,23
6.4,0.0,10.6,0.0,9.8,0.0,5.8,0.0,2025-01-18,0
5.4,0.0,10.0,0.0,9.5,0.0,5.0,0.0,2025-01-18,1
4.6,0.0,9.1,0.0,9.1,0.0,4.5,0.0,2025-01-18,2
4.3,0.0,8.4,0.0,8.6,0.0,4.4,0.0,2025-01-18,3
3.9,0.0,7.6,0.0,8.2,0.0,4.3,0.0,2025-01-18,4
3.5,0.0,7.3,0.0,7.9,0.0,4.3,0.0,2025-01-18,5
2.4,0.0,8.6,0.0,9.2,0.0,3.0,0.0,2025-01-18,6
2.5,0.0,8.3,0.0,7.6,0.0,2.5,0.0,2025-01-18,7
2.2,0.0,7.9,0.0,7.2,0.0,2.4,0.0,2025-01-18,8
2.3,12.0,9.0,52.0,8.6,79.0,5.1,76.0,2025-01-18,9
3.2,90.0,10.4,210.0,11.5,254.0,8.5,255.0,2025-01-18,10
4.6,199.0,12.2,380.0,13.7,419.0,10.0,419.0,2025-01-18,11
6.9,333.0,14.1,510.0,14.8,540.0,11.4,538.0,2025-01-18,12
8.4,384.0,15.6,580.0,15.4,606.0,12.9,596.0,2025-01-18,13
9.6,435.0,16.9,585.0,15.7,605.0,14.3,589.0,2025-01-18,14
10.5,440.0,17.7,527.0,15.5,541.0,14.9,518.0,2025-01-18,15
10.9,366.0,17.8,410.0,15.1,418.0,14.7,390.0,2025-01-18,16
10.6,231.0,16.5,249.0,14.2,251.0,13.4,220.0,2025-01-18,17
9.5,77.0,14.4,77.0,13.1,75.0,11.2,49.0,2025-01-18,18
8.4,1.0,12.9,0.0,12.2,0.0,9.8,0.0,2025-01-18,19
7.7,0.0,11.9,0.0,11.8,0.0,8.4,0.0,2025-01-18,20
7.2,0.0,11.4,0.0,11.4,0.0,7.4,0.0,2025-01-18,21
6.6,0.0,10.7,0.0,10.7,0.0,6.2,0.0,2025-01-18,22
6.0,0.0,10.0,0.0,9.8,0.0,5.4,0.0,2025-01-18,23
5.4,0.0,9.5,0.0,9.0,0.0,4.8,0.0,2025-01-19,0
5.0,0.0,9.0,0.0,8.5,0.0,4.3,0.0,2025-01-19,1
4.6,0.0,8.4,0.0,8.1,0.0,4.1,0.0,2025-01-19,2
4.4,0.0,8.2,0.0,7.9,0.0,3.9,0.0,2025-01-19,3
4.1,0.0,7.9,0.0,7.4,0.0,3.8,0.0,2025-01-19,4
3.4,0.0,7.8,0.0,6.8,0.0,3.9,0.0,2025-01-19,5
2.2,0.0,7.0,0.0,6.2,0.0,3.0,0.0,2025-01-19,6
1.7,0.0,7.2,0.0,5.9,0.0,2.9,0.0,2025-01-19,7
1.1,0.0,7.2,0.0,5.8,0.0,3.0,0.0,2025-01-19,8
1.0,13.0,7.8,40.0,7.7,78.0,4.5,74.0,2025-01-19,9
1.7,89.0,9.3,142.0,10.7,239.0,7.1,249.0,2025-01-19,10
2.9,187.0,11.2,325.0,12.8,386.0,8.7,412.0,2025-01-19,11
4.7,290.0,13.6,508.0,13.9,473.0,9.9,530.0,2025-01-19,12
7.5,429.0,15.3,589.0,14.1,438.0,11.0,590.0,2025-01-19,13
9.0,486.0,16.5,593.0,14.5,543.0,11.7,585.0,2025-01-19,14
10.2,464.0,16.7,530.0,14.1,514.0,12.3,516.0,2025-01-19,15
10.9,375.0,16.4,410.0,13.6,424.0,12.4,389.0,2025-01-19,16
10.8,236.0,15.4,249.0,12.8,258.0,11.1,221.0,2025-01-19,17
10.2,80.0,13.1,78.0,12.3,79.0,10.7,51.0,2025-01-19,18
8.9,1.0,11.8,0.0,11.7,0.0,9.7,0.0,2025-01-19,19
8.2,0.0,10.9,0.0,11.2,0.0,8.7,0.0,2025-01-19,20
7.0,0.0,10.1,0.0,10.6,0.0,7.8,0.0,2025-01-19,21
6.0,0.0,9.7,0.0,10.3,0.0,7.1,0.0,2025-01-19,22
5.8,0.0,9.1,0.0,10.3,0.0,5.7,0.0,2025-01-19,23
5.5,0.0,8.9,0.0,9.8,0.0,4.2,0.0,2025-01-20,0
5.0,0.0,9.2,0.0,10.5,0.0,3.2,0.0,2025-01-20,1
5.0,0.0,9.8,0.0,10.4,0.0,3.1,0.0,2025-01-20,2
4.7,0.0,9.1,0.0,10.4,0.0,2.8,0.0,2025-01-20,3
4.6,0.0,8.2,0.0,9.9,0.0,2.4,0.0,2025-01-20,4
4.9,0.0,7.7,0.0,9.2,0.0,2.0,0.0,2025-01-20,5
5.9,0.0,7.5,0.0,10.7,0.0,1.2,0.0,2025-01-20,6
6.2,0.0,6.8,0.0,9.9,0.0,0.9,0.0,2025-01-20,7
5.9,0.0,5.6,0.0,9.0,0.0,1.0,0.0,2025-01-20,8
5.7,19.0,5.9,56.0,9.7,81.0,3.9,77.0,2025-01-20,9
7.1,157.0,8.9,233.0,11.9,256.0,7.3,257.0,2025-01-20,10
9.6,321.0,12.4,404.0,14.2,427.0,9.0,425.0,2025-01-20,11
12.0,451.0,16.3,534.0,16.0,552.0,10.0,548.0,2025-01-20,12
13.9,531.0,19.1,604.0,17.0,624.0,10.3,611.0,2025-01-20,13
14.6,547.0,20.8,612.0,18.2,626.0,10.4,606.0,2025-01-20,14
14.9,502.0,21.2,558.0,18.8,564.0,10.1,536.0,2025-01-20,15
14.9,399.0,20.8,443.0,19.7,442.0,9.9,405.0,2025-01-20,16
14.1,251.0,19.8,276.0,19.5,274.0,9.1,232.0,2025-01-20,17
13.0,86.0,18.0,90.0,17.6,87.0,7.2,55.0,2025-01-20,18
11.1,1.0,16.4,1.0,17.5,0.0,5.4,0.0,2025-01-20,19
9.8,0.0,13.9,0.0,16.2,0.0,3.7,0.0,2025-01-20,20
8.1,0.0,12.3,0.0,13.6,0.0,3.2,0.0,2025-01-20,21
6.0,0.0,11.0,0.0,12.8,0.0,2.4,0.0,2025-01-20,22
5.4,0.0,10.6,0.0,14.0,0.0,1.1,0.0,2025-01-20,23
5.3,0.0,9.6,0.0,13.5,0.0,0.2,0.0,2025-01-21,0
5.5,0.0,9.6,0.0,13.3,0.0,-0.2,0.0,2025-01-21,1
4.9,0.0,7.9,0.0,12.7,0.0,-1.0,0.0,2025-01-21,2
4.6,0.0,7.2,0.0,11.3,0.0,-1.4,0.0,2025-01-21,3
4.2,0.0,6.3,0.0,11.3,0.0,-1.0,0.0,2025-01-21,4
3.5,0.0,5.4,0.0,11.9,0.0,-0.9,0.0,2025-01-21,5
2.4,0.0,6.0,0.0,10.8,0.0,-2.0,0.0,2025-01-21,6
1.8,0.0,5.0,0.0,10.0,0.0,-2.3,0.0,2025-01-21,7
0.9,0.0,3.8,0.0,10.0,1.0,-2.2,0.0,2025-01-21,8
1.4,19.0,5.9,68.0,12.5,94.0,-0.5,78.0,2025-01-21,9
3.6,152.0,8.2,251.0,15.5,289.0,0.6,257.0,2025-01-21,10
6.7,312.0,10.5,425.0,17.9,469.0,1.9,423.0,2025-01-21,11
9.1,440.0,13.8,557.0,20.2,599.0,3.6,542.0,2025-01-21,12
10.8,518.0,17.1,628.0,21.5,665.0,5.2,602.0,2025-01-21,13
12.0,535.0,18.9,633.0,21.7,666.0,6.1,597.0,2025-01-21,14
12.8,493.0,19.7,571.0,21.5,594.0,6.8,528.0,2025-01-21,15
13.1,393.0,19.7,448.0,20.9,448.0,7.2,400.0,2025-01-21,16
12.7,249.0,19.1,278.0,20.3,259.0,6.9,231.0,2025-01-21,17
11.1,87.0,18.8,92.0,18.9,79.0,5.4,56.0,2025-01-21,18
9.5,1.0,16.5,1.0,16.2,1.0,4.7,0.0,2025-01-21,19
8.5,0.0,15.2,0.0,15.1,0.0,3.9,0.0,2025-01-21,20
7.4,0.0,13.6,0.0,14.2,0.0,3.4,0.0,2025-01-21,21
6.4,0.0,12.0,0.0,13.5,0.0,3.3,0.0,2025-01-21,22
5.5,0.0,11.1,0.0,13.3,0.0,3.1,0.0,2025-01-21,23
4.6,0.0,9.7,0.0,12.9,0.0,3.2,0.0,2025-01-22,0
3.7,0.0,8.9,0.0,11.5,0.0,3.2,0.0,2025-01-22,1
3.1,0.0,8.3,0.0,10.6,0.0,2.6,0.0,2025-01-22,2
2.8,0.0,8.1,0.0,9.9,0.0,1.7,0.0,2025-01-22,3
2.3,0.0,8.1,0.0,9.4,0.0,1.2,0.0,2025-01-22,4
2.0,0.0,7.4,0.0,8.6,0.0,1.5,0.0,2025-01-22,5
-0.3,0.0,8.4,0.0,8.4,0.0,0.8,0.0,2025-01-22,6
-0.5,0.0,7.8,0.0,8.3,0.0,0.8,0.0,2025-01-22,7
-0.5,0.0,7.0,0.0,8.4,1.0,0.4,0.0,2025-01-22,8
-0.5,15.0,8.3,49.0,9.8,74.0,2.9,81.0,2025-01-22,9
0.8,114.0,11.9,196.0,12.5,229.0,6.8,265.0,2025-01-22,10
3.0,272.0,16.3,369.0,16.4,408.0,9.3,432.0,2025-01-22,11
5.7,400.0,18.7,509.0,19.3,580.0,11.9,552.0,2025-01-22,12
8.3,521.0,21.2,587.0,19.9,643.0,13.9,612.0,2025-01-22,13
10.0,542.0,23.6,602.0,19.7,608.0,14.9,605.0,2025-01-22,14
11.3,498.0,24.9,555.0,19.7,537.0,15.3,534.0,2025-01-22,15
12.0,397.0,25.2,436.0,19.3,410.0,15.3,405.0,2025-01-22,16
11.9,251.0,23.8,277.0,18.1,236.0,13.1,235.0,2025-01-22,17
10.4,89.0,21.1,94.0,16.7,82.0,12.1,59.0,2025-01-22,18
9.2,2.0,19.5,1.0,14.9,1.0,9.1,0.0,2025-01-22,19
8.1,0.0,17.5,0.0,13.3,0.0,6.6,0.0,2025-01-22,20
7.3,0.0,16.3,0.0,13.0,0.0,5.2,0.0,2025-01-22,21
6.7,0.0,15.0,0.0,12.9,0.0,4.1,0.0,2025-01-22,22
6.0,0.0,13.2,0.0,12.8,0.0,3.0,0.0,2025-01-22,23
6.0,0.0,11.2,0.0,12.9,0.0,2.7,0.0,2025-01-23,0
5.9,0.0,9.9,0.0,12.5,0.0,2.2,0.0,2025-01-23,1
5.3,0.0,9.1,0.0,12.4,0.0,2.0,0.0,2025-01-23,2
4.7,0.0,8.3,0.0,14.1,0.0,2.2,0.0,2025-01-23,3
3.9,0.0,7.8,0.0,14.9,0.0,2.4,0.0,2025-01-23,4
3.2,0.0,7.7,0.0,14.8,0.0,2.5,0.0,2025-01-23,5
1.7,0.0,9.7,0.0,11.9,0.0,1.8,0.0,2025-01-23,6
1.5,0.0,9.0,0.0,12.1,0.0,1.4,0.0,2025-01-23,7
0.9,0.0,8.1,0.0,11.7,1.0,1.1,0.0,2025-01-23,8
0.6,18.0,9.7,70.0,14.0,95.0,2.7,81.0,2025-01-23,9
2.0,135.0,13.4,252.0,18.8,287.0,4.9,261.0,2025-01-23,10
5.3,297.0,16.5,426.0,21.8,463.0,6.3,427.0,2025-01-23,11
8.7,440.0,19.6,556.0,23.1,592.0,6.9,546.0,2025-01-23,12
11.1,520.0,22.3,627.0,23.7,659.0,7.6,607.0,2025-01-23,13
13.0,541.0,24.0,633.0,23.8,659.0,8.2,603.0,2025-01-23,14
14.0,498.0,24.8,572.0,23.6,592.0,8.6,534.0,2025-01-23,15
14.3,399.0,24.8,450.0,23.0,464.0,8.8,407.0,2025-01-23,16
13.6,254.0,24.0,281.0,21.9,289.0,8.1,236.0,2025-01-23,17
12.0,92.0,22.9,97.0,19.9,96.0,7.0,61.0,2025-01-23,18
10.5,2.0,20.3,1.0,18.6,1.0,7.1,0.0,2025-01-23,19
9.5,0.0,18.1,0.0,16.8,0.0,6.6,0.0,2025-01-23,20
8.3,0.0,16.2,0.0,15.8,0.0,5.1,0.0,2025-01-23,21
7.4,0.0,15.3,0.0,14.1,0.0,4.6,0.0,2025-01-23,22
7.3,0.0,14.3,0.0,13.5,0.0,4.0,0.0,2025-01-23,23
6.6,0.0,13.2,0.0,12.4,0.0,4.0,0.0,2025-01-24,0
6.1,0.0,11.6,0.0,11.5,0.0,4.1,0.0,2025-01-24,1
5.4,0.0,10.1,0.0,10.5,0.0,3.8,0.0,2025-01-24,2
5.0,0.0,8.9,0.0,10.8,0.0,3.6,0.0,2025-01-24,3
4.7,0.0,8.2,0.0,10.2,0.0,3.7,0.0,2025-01-24,4
4.2,0.0,7.9,0.0,9.6,0.0,3.7,0.0,2025-01-24,5
2.1,0.0,8.3,0.0,8.8,0.0,2.8,0.0,2025-01-24,6
1.4,0.0,7.1,0.0,8.4,0.0,2.6,0.0,2025-01-24,7
1.3,0.0,6.0,0.0,8.3,1.0,2.5,0.0,2025-01-24,8
1.5,18.0,8.3,71.0,9.7,90.0,4.2,83.0,2025-01-24,9
3.7,121.0,13.0,253.0,12.9,275.0,7.1,264.0,2025-01-24,10
6.1,232.0,17.3,427.0,16.5,442.0,8.8,431.0,2025-01-24,11
9.1,377.0,20.3,558.0,18.6,590.0,10.2,551.0,2025-01-24,12
11.7,483.0,22.1,631.0,20.3,659.0,11.2,613.0,2025-01-24,13
13.6,497.0,23.0,637.0,20.6,667.0,11.9,609.0,2025-01-24,14
14.6,428.0,23.4,576.0,19.9,592.0,12.4,540.0,2025-01-24,15
14.9,304.0,23.2,453.0,19.1,471.0,12.6,413.0,2025-01-24,16
14.0,159.0,21.9,282.0,17.7,290.0,11.6,242.0,2025-01-24,17
13.0,67.0,19.2,94.0,15.9,92.0,10.0,63.0,2025-01-24,18
10.8,2.0,16.4,2.0,14.1,1.0,9.4,0.0,2025-01-24,19
9.6,0.0,15.1,0.0,12.7,0.0,8.7,0.0,2025-01-24,20
8.7,0.0,14.0,0.0,11.9,0.0,7.6,0.0,2025-01-24,21
9.1,0.0,13.2,0.0,12.1,0.0,6.9,0.0,2025-01-24,22
8.1,0.0,12.3,0.0,13.0,0.0,6.2,0.0,2025-01-24,23
7.4,0.0,11.6,0.0,13.2,0.0,5.5,0.0,2025-01-25,0
6.8,0.0,11.6,0.0,12.5,0.0,5.1,0.0,2025-01-25,1
5.8,0.0,11.3,0.0,12.0,0.0,4.9,0.0,2025-01-25,2
5.5,0.0,10.9,0.0,11.6,0.0,4.9,0.0,2025-01-25,3
4.5,0.0,11.0,0.0,11.3,0.0,4.7,0.0,2025-01-25,4
3.9,0.0,10.5,0.0,10.9,0.0,4.5,0.0,2025-01-25,5
4.0,0.0,9.2,0.0,7.6,0.0,4.2,0.0,2025-01-25,6
3.9,0.0,8.6,0.0,7.7,0.0,4.2,0.0,2025-01-25,7
3.4,0.0,7.3,0.0,7.3,1.0,4.5,0.0,2025-01-25,8
3.9,21.0,9.3,70.0,9.6,67.0,6.1,36.0,2025-01-25,9
5.6,153.0,12.0,239.0,12.9,224.0,9.5,187.0,2025-01-25,10
8.1,318.0,14.1,406.0,14.8,363.0,12.0,353.0,2025-01-25,11
10.4,437.0,15.5,529.0,15.5,549.0,13.3,456.0,2025-01-25,12
12.4,521.0,16.5,539.0,15.6,621.0,13.9,468.0,2025-01-25,13
12.8,537.0,16.0,297.0,15.5,609.0,14.6,434.0,2025-01-25,14
12.7,480.0,15.7,256.0,15.1,385.0,14.7,363.0,2025-01-25,15
12.7,356.0,15.6,352.0,14.7,289.0,14.2,218.0,2025-01-25,16
12.1,190.0,15.2,247.0,14.4,187.0,13.3,90.0,2025-01-25,17
11.0,72.0,13.1,48.0,13.4,66.0,11.4,16.0,2025-01-25,18
9.7,2.0,12.3,1.0,12.9,1.0,9.9,0.0,2025-01-25,19
8.2,0.0,11.7,0.0,12.5,0.0,9.1,0.0,2025-01-25,20
6.9,0.0,11.0,0.0,12.0,0.0,9.1,0.0,2025-01-25,21
7.5,0.0,11.1,0.0,11.9,0.0,9.3,0.0,2025-01-25,22
6.7,0.0,10.7,0.0,12.3,0.0,8.8,0.0,2025-01-25,23
6.3,0.0,10.7,0.0,11.9,0.0,7.9,0.0,2025-01-26,0
5.2,0.0,10.2,0.0,12.2,0.0,6.6,0.0,2025-01-26,1
4.7,0.0,9.7,0.0,11.9,0.0,6.1,0.0,2025-01-26,2
3.7,0.0,9.0,0.0,11.5,0.0,5.9,0.0,2025-01-26,3
3.1,0.0,8.8,0.0,11.6,0.0,4.4,0.0,2025-01-26,4
3.3,0.0,8.8,0.0,11.3,0.0,3.7,0.0,2025-01-26,5
4.6,0.0,9.5,0.0,11.6,0.0,3.8,0.0,2025-01-26,6
3.5,0.0,9.2,0.0,11.2,0.0,2.8,0.0,2025-01-26,7
2.6,0.0,9.0,0.0,10.7,1.0,2.4,0.0,2025-01-26,8
2.9,22.0,9.5,37.0,11.5,78.0,3.6,55.0,2025-01-26,9
5.1,158.0,10.3,132.0,12.2,176.0,4.8,155.0,2025-01-26,10
7.5,319.0,11.4,218.0,13.0,254.0,6.1,325.0,2025-01-26,11
9.8,449.0,11.7,182.0,12.7,238.0,7.5,457.0,2025-01-26,12
11.8,528.0,11.8,191.0,13.5,344.0,8.2,480.0,2025-01-26,13
12.8,544.0,11.9,115.0,13.6,395.0,8.4,414.0,2025-01-26,14
13.5,507.0,11.4,199.0,13.7,326.0,9.1,408.0,2025-01-26,15
13.7,408.0,12.3,208.0,12.7,144.0,9.3,384.0,2025-01-26,16
13.1,264.0,11.9,139.0,12.0,146.0,8.7,232.0,2025-01-26,17
12.1,100.0,9.7,42.0,13.3,81.0,7.5,58.0,2025-01-26,18
10.5,3.0,9.9,1.0,11.9,1.0,6.3,0.0,2025-01-26,19
9.1,0.0,9.7,0.0,10.8,0.0,5.4,0.0,2025-01-26,20
8.6,0.0,9.1,0.0,10.2,0.0,4.8,0.0,2025-01-26,21
8.4,0.0,9.0,0.0,10.0,0.0,4.1,0.0,2025-01-26,22
7.4,0.0,8.3,0.0,10.1,0.0,3.8,0.0,2025-01-26,23
5.3,0.0,8.2,0.0,10.2,0.0,3.4,0.0,2025-01-27,0
4.5,0.0,8.0,0.0,9.9,0.0,3.1,0.0,2025-01-27,1
5.1,0.0,7.2,0.0,9.3,0.0,2.7,0.0,2025-01-27,2
5.1,0.0,6.9,0.0,9.6,0.0,2.5,0.0,2025-01-27,3
4.9,0.0,7.5,0.0,7.6,0.0,2.9,0.0,2025-01-27,4
4.7,0.0,6.9,0.0,8.4,0.0,2.3,0.0,2025-01-27,5
4.5,0.0,7.3,0.0,8.6,0.0,3.0,0.0,2025-01-27,6
4.2,0.0,6.4,0.0,8.4,0.0,2.7,0.0,2025-01-27,7
3.9,0.0,5.9,0.0,8.3,1.0,1.7,0.0,2025-01-27,8
4.0,25.0,7.8,65.0,9.4,77.0,3.2,76.0,2025-01-27,9
5.9,168.0,9.8,220.0,10.9,258.0,4.5,244.0,2025-01-27,10
8.1,333.0,11.0,347.0,12.4,422.0,6.4,405.0,2025-01-27,11
10.3,464.0,12.1,532.0,13.0,546.0,8.6,543.0,2025-01-27,12
12.7,543.0,12.7,574.0,13.3,606.0,10.4,603.0,2025-01-27,13
13.9,561.0,13.1,521.0,13.2,578.0,11.7,591.0,2025-01-27,14
14.3,518.0,13.4,497.0,13.3,528.0,12.4,481.0,2025-01-27,15
14.5,417.0,13.1,416.0,13.2,421.0,12.6,373.0,2025-01-27,16
13.6,271.0,12.1,260.0,12.8,269.0,12.4,171.0,2025-01-27,17
14.0,105.0,11.5,88.0,12.3,82.0,10.1,64.0,2025-01-27,18
11.1,4.0,10.4,2.0,11.0,2.0,8.6,0.0,2025-01-27,19
9.1,0.0,9.6,0.0,10.7,0.0,6.5,0.0,2025-01-27,20
8.2,0.0,8.6,0.0,9.9,0.0,6.3,0.0,2025-01-27,21
7.6,0.0,7.8,0.0,9.0,0.0,6.1,0.0,2025-01-27,22
6.6,0.0,7.2,0.0,8.3,0.0,5.8,0.0,2025-01-27,23
6.1,0.0,6.4,0.0,7.8,0.0,5.1,0.0,2025-01-28,0
5.3,0.0,5.5,0.0,7.7,0.0,4.3,0.0,2025-01-28,1
4.5,0.0,5.2,0.0,7.1,0.0,3.3,0.0,2025-01-28,2
4.0,0.0,5.2,0.0,6.5,0.0,2.4,0.0,2025-01-28,3
3.5,0.0,4.9,0.0,6.1,0.0,1.4,0.0,2025-01-28,4
3.0,0.0,4.5,0.0,5.9,0.0,1.1,0.0,2025-01-28,5
0.7,0.0,5.5,0.0,5.8,0.0,1.2,0.0,2025-01-28,6
0.3,0.0,5.3,0.0,5.3,0.0,0.7,0.0,2025-01-28,7
0.3,0.0,4.6,0.0,5.1,1.0,0.3,1.0,2025-01-28,8
1.3,24.0,6.0,63.0,6.9,91.0,2.5,85.0,2025-01-28,9
2.8,153.0,8.6,244.0,9.9,273.0,4.5,258.0,2025-01-28,10
5.6,330.0,10.6,422.0,12.3,442.0,5.9,310.0,2025-01-28,11
7.8,463.0,12.2,545.0,13.6,568.0,7.1,386.0,2025-01-28,12
9.7,543.0,13.4,619.0,14.0,636.0,8.9,492.0,2025-01-28,13
11.1,563.0,14.4,617.0,14.1,640.0,9.8,444.0,2025-01-28,14
12.1,522.0,15.1,539.0,14.4,538.0,9.6,292.0,2025-01-28,15
12.5,422.0,15.0,412.0,14.2,441.0,8.8,162.0,2025-01-28,16
12.4,277.0,14.4,253.0,13.7,269.0,8.4,110.0,2025-01-28,17
11.5,110.0,13.5,96.0,12.9,82.0,7.9,54.0,2025-01-28,18
9.8,5.0,12.1,3.0,12.2,2.0,7.1,0.0,2025-01-28,19
8.0,0.0,11.2,0.0,11.8,0.0,6.4,0.0,2025-01-28,20
7.3,0.0,10.3,0.0,11.7,0.0,5.5,0.0,2025-01-28,21
6.7,0.0,10.0,0.0,11.5,0.0,4.8,0.0,2025-01-28,22
6.4,0.0,9.9,0.0,10.8,0.0,4.1,0.0,2025-01-28,23
5.6,0.0,9.6,0.0,10.6,0.0,3.2,0.0,2025-01-29,0
5.0,0.0,9.4,0.0,10.4,0.0,2.4,0.0,2025-01-29,1
4.2,0.0,9.1,0.0,10.2,0.0,1.8,0.0,2025-01-29,2
3.7,0.0,8.4,0.0,10.2,0.0,1.6,0.0,2025-01-29,3
3.8,0.0,7.5,0.0,9.7,0.0,1.4,0.0,2025-01-29,4
4.0,0.0,7.3,0.0,9.3,0.0,1.2,0.0,2025-01-29,5
3.3,0.0,6.3,0.0,9.8,0.0,1.8,0.0,2025-01-29,6
3.2,0.0,6.0,0.0,9.7,0.0,1.6,0.0,2025-01-29,7
3.0,0.0,5.9,0.0,9.4,1.0,1.3,1.0,2025-01-29,8
3.8,21.0,7.6,72.0,10.4,86.0,3.5,89.0,2025-01-29,9
5.0,122.0,10.1,249.0,12.2,267.0,6.1,271.0,2025-01-29,10
7.1,248.0,12.0,427.0,13.7,430.0,8.1,440.0,2025-01-29,11
9.2,393.0,13.2,559.0,14.5,487.0,10.0,562.0,2025-01-29,12
10.8,512.0,14.1,601.0,14.9,511.0,11.4,626.0,2025-01-29,13
12.0,561.0,14.8,626.0,14.7,487.0,12.4,625.0,2025-01-29,14
12.8,521.0,15.2,547.0,14.4,377.0,13.3,559.0,2025-01-29,15
13.0,422.0,15.0,438.0,14.4,447.0,13.8,433.0,2025-01-29,16
12.7,277.0,14.0,271.0,13.6,288.0,13.9,262.0,2025-01-29,17
11.4,110.0,12.9,107.0,13.1,105.0,12.1,78.0,2025-01-29,18
9.6,5.0,11.3,3.0,12.0,3.0,10.9,0.0,2025-01-29,19
8.5,0.0,10.7,0.0,11.5,0.0,9.3,0.0,2025-01-29,20
7.9,0.0,10.2,0.0,10.5,0.0,7.6,0.0,2025-01-29,21
7.4,0.0,9.4,0.0,9.9,0.0,6.1,0.0,2025-01-29,22
6.8,0.0,8.4,0.0,9.3,0.0,5.1,0.0,2025-01-29,23
6.2,0.0,7.6,0.0,8.9,0.0,4.7,0.0,2025-01-30,0
5.3,0.0,7.1,0.0,8.5,0.0,4.3,0.0,2025-01-30,1
5.1,0.0,6.7,0.0,9.1,0.0,3.8,0.0,2025-01-30,2
4.4,0.0,6.4,0.0,9.3,0.0,3.5,0.0,2025-01-30,3
3.2,0.0,6.4,0.0,9.2,0.0,3.4,0.0,2025-01-30,4
2.6,0.0,6.6,0.0,9.2,0.0,3.3,0.0,2025-01-30,5
2.7,0.0,9.3,0.0,10.0,0.0,2.8,0.0,2025-01-30,6
2.3,0.0,9.7,0.0,10.2,0.0,2.7,0.0,2025-01-30,7
2.2,0.0,9.8,0.0,10.3,1.0,2.3,1.0,2025-01-30,8
2.5,23.0,10.3,35.0,10.8,49.0,4.0,95.0,2025-01-30,9
3.7,149.0,10.7,100.0,12.2,221.0,6.2,280.0,2025-01-30,10
6.4,292.0,11.7,204.0,13.7,372.0,8.2,450.0,2025-01-30,11
8.5,440.0,12.5,277.0,14.4,423.0,9.8,575.0,2025-01-30,12
10.4,545.0,13.4,377.0,14.2,382.0,11.4,640.0,2025-01-30,13
11.9,568.0,13.4,250.0,14.1,384.0,12.8,638.0,2025-01-30,14
12.8,531.0,14.0,341.0,14.0,337.0,13.7,570.0,2025-01-30,15
13.1,429.0,14.3,311.0,13.9,297.0,14.2,442.0,2025-01-30,16
12.9,282.0,14.1,215.0,13.5,190.0,14.1,269.0,2025-01-30,17
10.9,114.0,13.1,97.0,13.0,95.0,12.8,82.0,2025-01-30,18
9.0,6.0,11.5,4.0,11.9,3.0,10.9,0.0,2025-01-30,19
8.3,0.0,10.6,0.0,11.5,0.0,9.8,0.0,2025-01-30,20
7.9,0.0,10.2,0.0,10.9,0.0,8.7,0.0,2025-01-30,21
7.5,0.0,9.3,0.0,10.7,0.0,8.0,0.0,2025-01-30,22
7.1,0.0,8.3,0.0,10.1,0.0,7.3,0.0,2025-01-30,23
6.8,0.0,7.6,0.0,9.3,0.0,6.8,0.0,2025-01-31,0
6.8,0.0,7.3,0.0,8.7,0.0,6.6,0.0,2025-01-31,1
6.8,0.0,6.9,0.0,8.2,0.0,6.2,0.0,2025-01-31,2
6.8,0.0,6.8,0.0,7.8,0.0,5.7,0.0,2025-01-31,3
6.6,0.0,6.6,0.0,7.1,0.0,5.3,0.0,2025-01-31,4
6.7,0.0,6.5,0.0,7.1,0.0,4.6,0.0,2025-01-31,5
6.5,0.0,6.3,0.0,6.1,0.0,4.6,0.0,2025-01-31,6
6.4,0.0,5.8,0.0,5.6,0.0,4.1,0.0,2025-01-31,7
6.4,0.0,5.3,0.0,5.2,2.0,3.8,1.0,2025-01-31,8
6.6,5.0,7.1,67.0,7.1,102.0,5.8,98.0,2025-01-31,9
7.0,16.0,9.5,235.0,10.7,292.0,9.0,285.0,2025-01-31,10
7.5,34.0,12.1,410.0,13.0,461.0,10.8,421.0,2025-01-31,11
7.8,37.0,14.0,530.0,14.6,589.0,12.6,561.0,2025-01-31,12
8.0,32.0,15.4,607.0,15.6,661.0,14.0,621.0,2025-01-31,13
8.1,53.0,16.3,628.0,16.1,642.0,14.9,612.0,2025-01-31,14
8.1,38.0,16.6,546.0,15.9,580.0,15.5,551.0,2025-01-31,15
8.1,29.0,16.4,454.0,15.1,452.0,15.7,408.0,2025-01-31,16
8.3,27.0,15.4,288.0,14.3,282.0,14.7,243.0,2025-01-31,17
8.5,12.0,14.0,108.0,13.9,94.0,14.1,62.0,2025-01-31,18
8.5,1.0,12.0,4.0,12.6,4.0,13.1,0.0,2025-01-31,19
8.8,0.0,10.9,0.0,12.1,0.0,12.1,0.0,2025-01-31,20
8.9,0.0,10.6,0.0,11.4,0.0,10.9,0.0,2025-01-31,21
9.1,0.0,9.7,0.0,10.4,0.0,9.8,0.0,2025-01-31,22
9.3,0.0,9.2,0.0,9.9,0.0,9.2,0.0,2025-01-31,23
9.5,0.0,9.0,0.0,9.4,0.0,8.4,0.0,2025-02-01,0
9.5,0.0,8.9,0.0,8.8,0.0,8.0,0.0,2025-02-01,1
9.5,0.0,9.0,0.0,8.4,0.0,8.1,0.0,2025-02-01,2
9.4,0.0,8.9,0.0,8.0,0.0,7.8,0.0,2025-02-01,3
9.4,0.0,9.0,0.0,7.9,0.0,7.2,0.0,2025-02-01,4
9.5,0.0,8.7,0.0,7.7,0.0,6.7,0.0,2025-02-01,5
10.0,0.0,9.1,0.0,7.7,0.0,6.5,0.0,2025-02-01,6
10.0,0.0,8.9,0.0,7.5,0.0,6.0,0.0,2025-02-01,7
10.0,0.0,8.8,0.0,7.6,2.0,6.2,1.0,2025-02-01,8
10.0,2.0,10.4,75.0,9.3,98.0,7.7,87.0,2025-02-01,9
10.1,13.0,11.4,246.0,12.7,282.0,9.9,238.0,2025-02-01,10
10.3,24.0,13.4,414.0,15.1,452.0,11.7,341.0,2025-02-01,11
10.4,24.0,15.5,538.0,16.9,577.0,14.0,536.0,2025-02-01,12
10.7,42.0,17.3,609.0,18.2,644.0,15.6,607.0,2025-02-01,13
10.6,37.0,18.8,617.0,18.5,647.0,16.8,602.0,2025-02-01,14
10.7,39.0,19.8,561.0,17.9,582.0,17.8,529.0,2025-02-01,15
11.0,43.0,19.6,446.0,17.5,461.0,18.3,329.0,2025-02-01,16
11.6,49.0,18.4,287.0,16.5,294.0,18.4,247.0,2025-02-01,17
12.2,25.0,17.5,107.0,16.0,112.0,17.2,37.0,2025-02-01,18
12.3,1.0,15.5,5.0,14.7,4.0,15.5,0.0,2025-02-01,19
12.5,0.0,14.4,0.0,14.3,0.0,14.4,0.0,2025-02-01,20
12.7,0.0,13.6,0.0,14.0,0.0,13.8,0.0,2025-02-01,21
13.0,0.0,12.8,0.0,13.8,0.0,12.9,0.0,2025-02-01,22
13.3,0.0,12.5,0.0,13.1,0.0,11.9,0.0,2025-02-01,23
13.5,0.0,12.4,0.0,12.6,0.0,11.0,0.0,2025-02-02,0
14.0,0.0,12.0,0.0,12.2,0.0,10.7,0.0,2025-02-02,1
14.6,0.0,11.8,0.0,11.6,0.0,9.7,0.0,2025-02-02,2
14.9,0.0,12.1,0.0,10.8,0.0,9.4,0.0,2025-02-02,3
15.0,0.0,12.0,0.0,10.8,0.0,9.3,0.0,2025-02-02,4
14.9,0.0,11.4,0.0,10.5,0.0,8.8,0.0,2025-02-02,5
13.7,0.0,10.7,0.0,10.4,0.0,8.1,0.0,2025-02-02,6
14.0,0.0,10.1,0.0,10.0,0.0,7.7,0.0,2025-02-02,7
14.0,0.0,9.4,0.0,10.2,2.0,7.6,2.0,2025-02-02,8
13.6,5.0,11.9,79.0,12.0,101.0,10.1,97.0,2025-02-02,9
13.0,18.0,14.4,254.0,15.5,285.0,13.9,278.0,2025-02-02,10
13.6,55.0,16.6,424.0,18.4,461.0,17.3,444.0,2025-02-02,11
14.2,89.0,18.7,555.0,20.0,589.0,19.2,563.0,2025-02-02,12
14.4,78.0,20.5,629.0,20.6,657.0,20.4,624.0,2025-02-02,13
14.2,82.0,22.3,638.0,20.6,662.0,21.7,622.0,2025-02-02,14
14.6,89.0,23.3,582.0,20.3,597.0,22.4,556.0,2025-02-02,15
14.8,54.0,23.2,464.0,19.5,476.0,22.8,433.0,2025-02-02,16
15.3,59.0,21.6,301.0,18.5,304.0,22.6,267.0,2025-02-02,17
14.7,16.0,18.5,120.0,17.6,118.0,20.3,87.0,2025-02-02,18
14.4,1.0,15.8,6.0,15.9,5.0,17.8,1.0,2025-02-02,19
14.2,0.0,14.6,0.0,15.0,0.0,16.9,0.0,2025-02-02,20
14.3,0.0,14.1,0.0,14.2,0.0,16.4,0.0,2025-02-02,21
14.4,0.0,13.3,0.0,13.8,0.0,16.0,0.0,2025-02-02,22
14.3,0.0,12.6,0.0,13.3,0.0,15.8,0.0,2025-02-02,23
14.1,0.0,12.4,0.0,12.6,0.0,15.2,0.0,2025-02-03,0
13.4,0.0,12.0,0.0,12.4,0.0,14.4,0.0,2025-02-03,1
13.1,0.0,11.7,0.0,12.1,0.0,13.8,0.0,2025-02-03,2
13.4,0.0,11.7,0.0,11.9,0.0,13.6,0.0,2025-02-03,3
13.3,0.0,11.4,0.0,11.7,0.0,13.1,0.0,2025-02-03,4
13.1,0.0,10.9,0.0,11.5,0.0,12.5,0.0,2025-02-03,5
13.2,0.0,10.7,0.0,10.1,0.0,13.4,0.0,2025-02-03,6
12.8,0.0,10.5,0.0,10.0,0.0,12.5,0.0,2025-02-03,7
12.5,0.0,10.0,1.0,9.5,2.0,12.0,2.0,2025-02-03,8
12.6,13.0,10.4,47.0,10.4,75.0,14.9,96.0,2025-02-03,9
13.2,83.0,11.3,159.0,12.6,224.0,18.9,268.0,2025-02-03,10
13.9,159.0,13.4,316.0,15.2,416.0,21.7,443.0,2025-02-03,11
14.8,262.0,15.8,502.0,16.8,549.0,22.9,552.0,2025-02-03,12
15.5,323.0,17.9,557.0,17.7,607.0,23.8,619.0,2025-02-03,13
15.8,344.0,19.7,614.0,17.7,565.0,24.5,616.0,2025-02-03,14
16.0,378.0,19.8,550.0,17.7,519.0,24.9,548.0,2025-02-03,15
16.2,213.0,18.6,453.0,17.5,470.0,24.7,418.0,2025-02-03,16
16.0,169.0,16.9,278.0,16.9,300.0,24.0,249.0,2025-02-03,17
14.4,57.0,15.6,107.0,16.0,121.0,22.0,68.0,2025-02-03,18
13.7,2.0,14.4,6.0,14.4,5.0,20.4,1.0,2025-02-03,19
13.1,0.0,13.5,0.0,13.8,0.0,18.8,0.0,2025-02-03,20
12.2,0.0,13.2,0.0,13.4,0.0,17.6,0.0,2025-02-03,21
12.0,0.0,13.0,0.0,13.5,0.0,16.9,0.0,2025-02-03,22
11.8,0.0,12.3,0.0,13.1,0.0,16.5,0.0,2025-02-03,23
11.7,0.0,11.4,0.0,12.2,0.0,16.6,0.0,2025-02-04,0
11.6,0.0,11.3,0.0,12.2,0.0,16.5,0.0,2025-02-04,1
11.5,0.0,11.2,0.0,11.6,0.0,15.4,0.0,2025-02-04,2
11.6,0.0,10.9,0.0,11.5,0.0,14.2,0.0,2025-02-04,3
11.5,0.0,10.3,0.0,11.0,0.0,13.6,0.0,2025-02-04,4
11.5,0.0,9.9,0.0,11.2,0.0,12.7,0.0,2025-02-04,5
11.1,0.0,8.8,0.0,11.2,0.0,12.7,0.0,2025-02-04,6
11.1,0.0,9.1,0.0,11.0,0.0,12.2,0.0,2025-02-04,7
11.2,0.0,9.4,0.0,10.6,2.0,11.8,2.0,2025-02-04,8
11.0,6.0,9.9,43.0,11.2,86.0,14.2,92.0,2025-02-04,9
11.0,19.0,10.9,129.0,12.6,212.0,17.7,290.0,2025-02-04,10
11.4,43.0,12.6,268.0,14.3,345.0,19.9,459.0,2025-02-04,11
11.6,61.0,14.5,497.0,15.7,535.0,20.5,580.0,2025-02-04,12
12.7,87.0,16.2,550.0,16.2,635.0,20.9,641.0,2025-02-04,13
13.4,137.0,17.5,586.0,16.4,655.0,21.4,639.0,2025-02-04,14
14.3,101.0,17.9,418.0,16.3,607.0,21.5,574.0,2025-02-04,15
14.5,92.0,17.8,387.0,15.9,488.0,21.2,441.0,2025-02-04,16
13.9,41.0,17.2,302.0,15.2,316.0,20.4,275.0,2025-02-04,17
13.8,14.0,15.7,103.0,13.9,125.0,19.7,94.0,2025-02-04,18
13.4,1.0,14.5,6.0,13.0,6.0,18.6,1.0,2025-02-04,19
13.1,0.0,14.1,0.0,12.4,0.0,17.8,0.0,2025-02-04,20
11.6,0.0,13.7,0.0,12.1,0.0,16.6,0.0,2025-02-04,21
10.0,0.0,13.6,0.0,12.2,0.0,15.6,0.0,2025-02-04,22
8.9,0.0,13.4,0.0,12.2,0.0,15.1,0.0,2025-02-04,23
7.8,0.0,13.3,0.0,11.6,0.0,14.8,0.0,2025-02-05,0
6.7,0.0,13.1,0.0,11.2,0.0,14.5,0.0,2025-02-05,1
5.6,0.0,12.7,0.0,10.8,0.0,13.9,0.0,2025-02-05,2
5.1,0.0,12.6,0.0,10.3,0.0,13.6,0.0,2025-02-05,3
4.3,0.0,12.5,0.0,9.9,0.0,13.4,0.0,2025-02-05,4
3.9,0.0,12.3,0.0,9.9,0.0,13.6,0.0,2025-02-05,5
3.8,0.0,11.9,0.0,9.9,0.0,13.7,0.0,2025-02-05,6
3.5,0.0,12.0,0.0,9.9,0.0,13.9,0.0,2025-02-05,7
3.5,0.0,12.1,0.0,10.9,2.0,13.8,2.0,2025-02-05,8
4.1,38.0,12.4,17.0,12.2,41.0,14.4,76.0,2025-02-05,9
6.3,194.0,12.9,50.0,14.9,169.0,15.6,242.0,2025-02-05,10
8.8,364.0,13.7,95.0,17.8,384.0,17.0,432.0,2025-02-05,11
10.5,500.0,14.6,152.0,19.4,548.0,17.9,544.0,2025-02-05,12
11.6,583.0,14.6,85.0,20.4,662.0,18.9,599.0,2025-02-05,13
12.3,606.0,14.9,120.0,20.1,669.0,19.6,570.0,2025-02-05,14
12.7,559.0,15.4,140.0,18.8,604.0,20.4,506.0,2025-02-05,15
12.8,461.0,15.5,131.0,17.7,485.0,20.2,393.0,2025-02-05,16
12.6,314.0,15.3,71.0,17.0,316.0,19.4,267.0,2025-02-05,17
11.1,141.0,15.3,67.0,15.5,126.0,18.9,96.0,2025-02-05,18
9.4,12.0,14.5,5.0,14.6,6.0,17.2,1.0,2025-02-05,19
8.1,0.0,14.5,0.0,14.3,0.0,16.0,0.0,2025-02-05,20
7.2,0.0,14.6,0.0,14.1,0.0,14.8,0.0,2025-02-05,21
6.6,0.0,14.6,0.0,14.1,0.0,13.9,0.0,2025-02-05,22
5.7,0.0,14.5,0.0,14.8,0.0,12.8,0.0,2025-02-05,23
4.7,0.0,13.8,0.0,15.1,0.0,11.8,0.0,2025-02-06,0
4.5,0.0,14.0,0.0,15.1,0.0,11.1,0.0,2025-02-06,1
4.4,0.0,13.9,0.0,14.5,0.0,10.5,0.0,2025-02-06,2
3.9,0.0,13.6,0.0,14.6,0.0,10.0,0.0,2025-02-06,3
3.9,0.0,13.6,0.0,15.0,0.0,9.5,0.0,2025-02-06,4
3.6,0.0,13.5,0.0,14.6,0.0,8.8,0.0,2025-02-06,5
3.6,0.0,13.7,0.0,12.5,0.0,8.2,0.0,2025-02-06,6
4.3,0.0,13.4,0.0,12.1,0.0,7.9,0.0,2025-02-06,7
4.6,0.0,13.3,0.0,12.4,3.0,7.4,3.0,2025-02-06,8
4.4,6.0,13.5,12.0,13.8,87.0,10.3,110.0,2025-02-06,9
4.8,17.0,14.0,43.0,14.8,108.0,13.6,295.0,2025-02-06,10
6.1,50.0,15.4,162.0,15.7,174.0,15.5,463.0,2025-02-06,11
6.7,50.0,15.7,180.0,17.1,333.0,17.1,582.0,2025-02-06,12
9.2,133.0,16.6,328.0,18.1,559.0,17.6,556.0,2025-02-06,13
10.7,164.0,17.2,384.0,18.7,640.0,17.9,570.0,2025-02-06,14
11.5,127.0,17.6,430.0,18.4,610.0,18.1,439.0,2025-02-06,15
13.2,111.0,17.4,292.0,17.4,397.0,18.3,256.0,2025-02-06,16
14.2,77.0,16.7,86.0,16.5,234.0,18.0,252.0,2025-02-06,17
13.0,39.0,15.5,40.0,15.1,30.0,17.1,84.0,2025-02-06,18
12.6,2.0,14.9,1.0,15.0,2.0,16.5,1.0,2025-02-06,19
12.6,0.0,14.7,0.0,15.1,0.0,15.7,0.0,2025-02-06,20
12.5,0.0,14.6,0.0,14.9,0.0,15.2,0.0,2025-02-06,21
12.6,0.0,14.4,0.0,14.7,0.0,15.0,0.0,2025-02-06,22
12.7,0.0,14.3,0.0,14.2,0.0,15.1,0.0,2025-02-06,23
12.5,0.0,14.1,0.0,14.2,0.0,14.9,0.0,2025-02-07,0
11.0,0.0,14.0,0.0,14.5,0.0,14.8,0.0,2025-02-07,1
9.1,0.0,13.9,0.0,14.7,0.0,14.5,0.0,2025-02-07,2
8.6,0.0,13.6,0.0,14.9,0.0,14.0,0.0,2025-02-07,3
8.3,0.0,13.4,0.0,14.9,0.0,13.7,0.0,2025-02-07,4
7.8,0.0,13.4,0.0,14.8,0.0,13.6,0.0,2025-02-07,5
8.6,0.0,13.7,0.0,14.6,0.0,13.2,0.0,2025-02-07,6
8.1,0.0,13.7,0.0,14.7,0.0,13.2,0.0,2025-02-07,7
7.8,0.0,13.7,0.0,15.0,2.0,13.6,2.0,2025-02-07,8
8.4,32.0,13.9,17.0,15.3,22.0,14.3,67.0,2025-02-07,9
9.6,145.0,14.6,56.0,15.1,63.0,15.3,204.0,2025-02-07,10
10.9,260.0,15.5,107.0,15.4,112.0,16.6,365.0,2025-02-07,11
11.9,398.0,16.7,279.0,15.5,158.0,17.5,531.0,2025-02-07,12
12.3,392.0,16.8,340.0,15.9,205.0,18.7,568.0,2025-02-07,13
12.1,255.0,17.2,585.0,16.7,294.0,19.4,627.0,2025-02-07,14
12.7,316.0,17.2,621.0,17.3,384.0,19.7,582.0,2025-02-07,15
13.5,457.0,16.4,494.0,16.7,428.0,19.4,458.0,2025-02-07,16
13.4,292.0,15.5,321.0,15.5,211.0,18.8,292.0,2025-02-07,17
12.8,121.0,14.2,134.0,14.4,48.0,17.6,105.0,2025-02-07,18
10.9,12.0,12.7,9.0,13.9,4.0,16.3,2.0,2025-02-07,19
10.3,0.0,12.3,0.0,13.6,0.0,15.1,0.0,2025-02-07,20
9.6,0.0,12.0,0.0,13.6,0.0,13.9,0.0,2025-02-07,21
8.5,0.0,11.3,0.0,13.4,0.0,12.9,0.0,2025-02-07,22
8.2,0.0,10.6,0.0,13.1,0.0,11.6,0.0,2025-02-07,23
6.8,0.0,10.5,0.0,12.7,0.0,10.9,0.0,2025-02-08,0
6.5,0.0,10.2,0.0,11.9,0.0,10.0,0.0,2025-02-08,1
5.8,0.0,10.1,0.0,11.8,0.0,8.7,0.0,2025-02-08,2
5.1,0.0,9.7,0.0,11.8,0.0,7.6,0.0,2025-02-08,3
4.7,0.0,9.6,0.0,11.4,0.0,7.0,0.0,2025-02-08,4
4.5,0.0,9.7,0.0,10.8,0.0,6.5,0.0,2025-02-08,5
3.8,0.0,8.7,0.0,10.4,0.0,6.3,0.0,2025-02-08,6
3.7,0.0,8.3,0.0,10.2,0.0,5.9,0.0,2025-02-08,7
3.6,0.0,7.7,1.0,9.9,4.0,5.5,4.0,2025-02-08,8
3.9,39.0,9.2,83.0,11.3,106.0,7.4,119.0,2025-02-08,9
5.6,198.0,10.9,246.0,13.4,313.0,9.1,311.0,2025-02-08,10
7.4,374.0,12.4,455.0,15.1,489.0,11.2,483.0,2025-02-08,11
9.4,511.0,13.8,586.0,16.6,608.0,12.8,607.0,2025-02-08,12
11.3,595.0,15.4,661.0,17.4,669.0,14.2,671.0,2025-02-08,13
12.4,621.0,16.4,643.0,17.7,665.0,15.1,668.0,2025-02-08,14
12.8,581.0,16.7,615.0,17.1,581.0,15.8,592.0,2025-02-08,15
12.9,479.0,15.9,405.0,16.8,453.0,16.1,467.0,2025-02-08,16
12.6,328.0,14.8,206.0,16.2,319.0,16.0,282.0,2025-02-08,17
11.6,151.0,14.3,144.0,14.5,78.0,14.3,111.0,2025-02-08,18
9.7,15.0,12.4,10.0,14.0,5.0,12.8,3.0,2025-02-08,19
8.5,0.0,11.7,0.0,13.5,0.0,12.1,0.0,2025-02-08,20
7.5,0.0,10.6,0.0,12.9,0.0,10.8,0.0,2025-02-08,21
6.8,0.0,10.0,0.0,12.2,0.0,9.6,0.0,2025-02-08,22
6.4,0.0,9.5,0.0,11.7,0.0,8.5,0.0,2025-02-08,23
6.4,0.0,8.9,0.0,11.4,0.0,7.2,0.0,2025-02-09,0
6.1,0.0,8.6,0.0,10.8,0.0,6.3,0.0,2025-02-09,1
5.3,0.0,8.6,0.0,10.3,0.0,5.6,0.0,2025-02-09,2
4.3,0.0,8.9,0.0,10.0,0.0,5.4,0.0,2025-02-09,3
3.5,0.0,8.9,0.0,9.5,0.0,4.7,0.0,2025-02-09,4
3.0,0.0,8.7,0.0,9.5,0.0,4.4,0.0,2025-02-09,5
2.7,0.0,6.5,0.0,9.3,0.0,3.9,0.0,2025-02-09,6
2.2,0.0,6.4,0.0,9.1,0.0,3.4,0.0,2025-02-09,7
1.6,0.0,6.1,2.0,9.5,4.0,3.0,5.0,2025-02-09,8
2.2,48.0,8.4,84.0,11.1,76.0,5.5,118.0,2025-02-09,9
3.9,215.0,11.9,281.0,13.7,211.0,7.3,308.0,2025-02-09,10
5.8,391.0,14.3,420.0,16.9,444.0,9.0,490.0,2025-02-09,11
7.6,529.0,16.7,560.0,18.5,565.0,10.9,600.0,2025-02-09,12
9.2,612.0,18.5,634.0,19.5,678.0,12.3,661.0,2025-02-09,13
10.5,633.0,19.8,671.0,19.4,678.0,13.6,645.0,2025-02-09,14
11.5,591.0,20.5,603.0,18.8,584.0,14.3,583.0,2025-02-09,15
11.9,488.0,20.5,496.0,18.2,449.0,14.8,462.0,2025-02-09,16
11.8,336.0,18.7,274.0,17.4,272.0,14.7,286.0,2025-02-09,17
10.9,157.0,16.9,148.0,15.4,77.0,13.5,91.0,2025-02-09,18
8.6,17.0,13.9,11.0,14.4,7.0,12.0,3.0,2025-02-09,19
7.5,0.0,12.7,0.0,13.3,0.0,11.4,0.0,2025-02-09,20
6.9,0.0,11.8,0.0,12.7,0.0,10.5,0.0,2025-02-09,21
6.2,0.0,10.7,0.0,12.2,0.0,10.0,0.0,2025-02-09,22
5.7,0.0,10.6,0.0,11.5,0.0,9.7,0.0,2025-02-09,23
5.0,0.0,10.8,0.0,11.1,0.0,9.2,0.0,2025-02-10,0
4.0,0.0,10.3,0.0,10.8,0.0,8.7,0.0,2025-02-10,1
3.4,0.0,9.8,0.0,10.3,0.0,8.2,0.0,2025-02-10,2
2.7,0.0,8.9,0.0,10.2,0.0,7.5,0.0,2025-02-10,3
2.1,0.0,8.8,0.0,9.7,0.0,6.7,0.0,2025-02-10,4
1.6,0.0,8.7,0.0,9.5,0.0,6.5,0.0,2025-02-10,5
1.5,0.0,7.9,0.0,11.1,0.0,5.9,0.0,2025-02-10,6
0.8,0.0,7.6,0.0,11.1,0.0,4.8,0.0,2025-02-10,7
0.0,0.0,7.9,2.0,11.2,2.0,4.3,6.0,2025-02-10,8
0.9,49.0,9.0,76.0,11.7,57.0,6.9,131.0,2025-02-10,9
3.1,216.0,10.7,192.0,12.4,145.0,9.8,329.0,2025-02-10,10
5.1,389.0,12.3,319.0,13.7,298.0,11.3,506.0,2025-02-10,11
6.9,517.0,14.2,461.0,14.9,442.0,12.8,634.0,2025-02-10,12
8.4,597.0,15.5,586.0,15.3,481.0,14.0,699.0,2025-02-10,13
9.8,615.0,15.9,559.0,15.6,626.0,14.9,698.0,2025-02-10,14
10.8,563.0,16.3,579.0,15.1,619.0,15.4,628.0,2025-02-10,15
11.5,478.0,16.3,495.0,14.5,512.0,15.5,497.0,2025-02-10,16
11.6,333.0,16.0,329.0,14.1,341.0,15.3,319.0,2025-02-10,17
10.7,146.0,14.5,145.0,12.9,147.0,13.6,121.0,2025-02-10,18
8.4,18.0,12.2,12.0,12.4,10.0,12.1,4.0,2025-02-10,19
7.3,0.0,11.5,0.0,12.1,0.0,11.0,0.0,2025-02-10,20
6.9,0.0,11.5,0.0,11.7,0.0,9.5,0.0,2025-02-10,21
6.0,0.0,11.1,0.0,11.4,0.0,8.2,0.0,2025-02-10,22
5.0,0.0,10.8,0.0,11.6,0.0,7.7,0.0,2025-02-10,23
4.2,0.0,10.6,0.0,11.7,0.0,7.3,0.0,2025-02-11,0
4.0,0.0,10.0,0.0,11.6,0.0,6.6,0.0,2025-02-11,1
3.1,0.0,9.0,0.0,10.7,0.0,6.1,0.0,2025-02-11,2
2.5,0.0,8.3,0.0,10.1,0.0,5.5,0.0,2025-02-11,3
2.3,0.0,7.9,0.0,9.9,0.0,5.2,0.0,2025-02-11,4
1.4,0.0,7.5,0.0,10.1,0.0,4.8,0.0,2025-02-11,5
0.9,0.0,9.8,0.0,11.6,0.0,5.1,0.0,2025-02-11,6
-0.1,0.0,10.2,0.0,11.7,0.0,4.6,0.0,2025-02-11,7
-0.3,0.0,10.0,1.0,11.7,2.0,4.2,5.0,2025-02-11,8
0.8,50.0,11.0,59.0,12.4,48.0,5.8,133.0,2025-02-11,9
3.1,212.0,12.4,259.0,13.7,237.0,8.0,330.0,2025-02-11,10
5.5,388.0,13.4,468.0,14.1,372.0,9.5,507.0,2025-02-11,11
7.3,505.0,14.3,583.0,14.6,574.0,10.9,634.0,2025-02-11,12
8.9,592.0,15.0,637.0,14.5,473.0,12.3,700.0,2025-02-11,13
10.0,556.0,15.9,669.0,14.0,359.0,13.3,699.0,2025-02-11,14
10.6,466.0,16.0,629.0,14.4,489.0,13.9,631.0,2025-02-11,15
10.7,316.0,15.0,460.0,14.1,468.0,13.9,501.0,2025-02-11,16
10.5,182.0,14.1,331.0,14.0,339.0,13.4,323.0,2025-02-11,17
9.5,74.0,14.0,135.0,13.0,108.0,12.1,122.0,2025-02-11,18
8.6,8.0,12.5,12.0,13.0,7.0,10.9,4.0,2025-02-11,19
8.0,0.0,11.9,0.0,12.9,0.0,9.8,0.0,2025-02-11,20
7.3,0.0,11.0,0.0,12.2,0.0,8.0,0.0,2025-02-11,21
6.9,0.0,10.0,0.0,12.1,0.0,6.5,0.0,2025-02-11,22
6.1,0.0,9.8,0.0,12.3,0.0,5.2,0.0,2025-02-11,23
5.8,0.0,9.4,0.0,12.5,0.0,4.3,0.0,2025-02-12,0
5.4,0.0,9.1,0.0,12.3,0.0,3.5,0.0,2025-02-12,1
4.6,0.0,9.3,0.0,12.2,0.0,2.9,0.0,2025-02-12,2
3.6,0.0,9.2,0.0,12.3,0.0,2.2,0.0,2025-02-12,3
3.0,0.0,9.2,0.0,12.3,0.0,2.3,0.0,2025-02-12,4
2.6,0.0,9.4,0.0,12.1,0.0,2.1,0.0,2025-02-12,5
1.7,0.0,10.4,0.0,12.1,0.0,2.2,0.0,2025-02-12,6
1.4,0.0,10.4,0.0,11.9,0.0,1.9,0.0,2025-02-12,7
0.7,0.0,10.4,1.0,11.7,1.0,2.1,6.0,2025-02-12,8
1.0,32.0,10.4,19.0,12.1,26.0,3.9,135.0,2025-02-12,9
2.5,147.0,10.7,53.0,12.3,58.0,5.5,334.0,2025-02-12,10
4.4,271.0,11.0,93.0,12.4,68.0,7.3,510.0,2025-02-12,11
6.5,398.0,11.4,120.0,13.0,173.0,9.0,641.0,2025-02-12,12
8.1,445.0,11.9,143.0,12.8,128.0,10.1,676.0,2025-02-12,13
9.5,505.0,12.0,105.0,13.1,160.0,11.0,622.0,2025-02-12,14
10.5,543.0,12.1,117.0,12.7,67.0,11.7,582.0,2025-02-12,15
10.8,455.0,12.1,107.0,12.5,67.0,12.2,497.0,2025-02-12,16
10.6,245.0,11.8,65.0,12.6,57.0,12.2,324.0,2025-02-12,17
10.3,71.0,11.8,47.0,12.7,24.0,11.0,127.0,2025-02-12,18
9.4,8.0,11.9,3.0,12.8,3.0,9.2,5.0,2025-02-12,19
8.8,0.0,11.8,0.0,13.2,0.0,8.3,0.0,2025-02-12,20
8.5,0.0,11.8,0.0,13.4,0.0,7.5,0.0,2025-02-12,21
8.7,0.0,12.2,0.0,13.5,0.0,7.0,0.0,2025-02-12,22
8.7,0.0,12.2,0.0,13.6,0.0,6.4,0.0,2025-02-12,23
8.7,0.0,12.3,0.0,13.5,0.0,6.3,0.0,2025-02-13,0
8.8,0.0,12.1,0.0,13.3,0.0,7.9,0.0,2025-02-13,1
9.4,0.0,12.2,0.0,13.4,0.0,8.4,0.0,2025-02-13,2
10.1,0.0,12.3,0.0,13.6,0.0,8.7,0.0,2025-02-13,3
10.4,0.0,12.0,0.0,13.6,0.0,9.0,0.0,2025-02-13,4
10.8,0.0,12.0,0.0,13.8,0.0,9.5,0.0,2025-02-13,5
11.3,0.0,12.2,0.0,13.6,0.0,9.1,0.0,2025-02-13,6
11.4,0.0,12.5,0.0,13.5,0.0,8.8,0.0,2025-02-13,7
11.0,0.0,12.8,0.0,13.3,1.0,8.6,1.0,2025-02-13,8
12.1,5.0,13.1,20.0,13.5,27.0,8.6,17.0,2025-02-13,9
12.5,141.0,13.6,66.0,13.8,59.0,9.3,47.0,2025-02-13,10
12.7,166.0,14.3,102.0,14.4,118.0,9.6,87.0,2025-02-13,11
14.8,421.0,14.5,109.0,14.7,154.0,9.9,94.0,2025-02-13,12
13.8,238.0,14.4,94.0,15.3,262.0,10.4,96.0,2025-02-13,13
13.4,164.0,14.4,72.0,15.3,250.0,11.4,135.0,2025-02-13,14
13.4,192.0,14.2,38.0,14.6,113.0,12.4,174.0,2025-02-13,15
13.7,240.0,15.1,195.0,14.5,78.0,12.2,67.0,2025-02-13,16
12.8,159.0,14.2,37.0,14.5,52.0,11.9,59.0,2025-02-13,17
11.9,37.0,13.7,7.0,14.2,74.0,10.0,16.0,2025-02-13,18
11.8,5.0,13.8,1.0,14.1,3.0,10.2,1.0,2025-02-13,19
11.8,0.0,13.4,0.0,13.9,0.0,9.9,0.0,2025-02-13,20
11.4,0.0,13.5,0.0,13.9,0.0,9.6,0.0,2025-02-13,21
11.4,0.0,13.7,0.0,14.2,0.0,10.0,0.0,2025-02-13,22
10.7,0.0,13.4,0.0,14.1,0.0,9.7,0.0,2025-02-13,23
10.8,0.0,13.2,0.0,14.1,0.0,9.4,0.0,2025-02-14,0
11.1,0.0,12.8,0.0,14.1,0.0,9.4,0.0,2025-02-14,1
11.0,0.0,12.5,0.0,14.1,0.0,8.9,0.0,2025-02-14,2
10.6,0.0,11.9,0.0,14.2,0.0,7.6,0.0,2025-02-14,3
10.3,0.0,11.6,0.0,13.7,0.0,7.5,0.0,2025-02-14,4
9.9,0.0,11.1,0.0,13.4,0.0,7.5,0.0,2025-02-14,5
9.7,0.0,11.6,0.0,13.0,0.0,7.1,0.0,2025-02-14,6
9.2,0.0,11.7,0.0,13.0,0.0,7.0,0.0,2025-02-14,7
9.0,0.0,11.6,2.0,13.1,7.0,7.8,6.0,2025-02-14,8
9.4,41.0,12.5,88.0,14.3,124.0,8.7,65.0,2025-02-14,9
10.7,192.0,13.2,180.0,15.1,298.0,9.6,184.0,2025-02-14,10
11.9,343.0,14.1,291.0,15.7,483.0,10.8,370.0,2025-02-14,11
13.1,479.0,15.4,502.0,15.8,591.0,11.6,425.0,2025-02-14,12
14.0,509.0,16.0,466.0,15.7,628.0,12.0,503.0,2025-02-14,13
14.6,484.0,16.8,602.0,15.8,618.0,12.5,484.0,2025-02-14,14
14.8,460.0,16.6,576.0,15.8,608.0,12.8,403.0,2025-02-14,15
14.8,358.0,16.3,468.0,15.4,508.0,13.3,385.0,2025-02-14,16
14.8,258.0,15.6,309.0,14.6,342.0,13.4,261.0,2025-02-14,17
14.2,147.0,14.7,148.0,13.5,135.0,12.1,117.0,2025-02-14,18
12.2,21.0,13.2,14.0,12.9,13.0,10.1,5.0,2025-02-14,19
11.6,0.0,12.4,0.0,12.5,0.0,9.1,0.0,2025-02-14,20
10.3,0.0,12.0,0.0,12.3,0.0,8.3,0.0,2025-02-14,21
9.4,0.0,12.6,0.0,12.2,0.0,8.8,0.0,2025-02-14,22
8.3,0.0,12.5,0.0,11.8,0.0,7.4,0.0,2025-02-14,23
7.7,0.0,11.8,0.0,11.2,0.0,6.3,0.0,2025-02-15,0
7.3,0.0,10.9,0.0,10.5,0.0,5.5,0.0,2025-02-15,1
6.5,0.0,9.5,0.0,10.0,0.0,5.0,0.0,2025-02-15,2
6.2,0.0,9.0,0.0,9.4,0.0,4.7,0.0,2025-02-15,3
5.5,0.0,8.4,0.0,9.6,0.0,4.3,0.0,2025-02-15,4
4.9,0.0,8.2,0.0,9.9,0.0,4.0,0.0,2025-02-15,5
5.2,0.0,7.6,0.0,8.9,0.0,5.1,0.0,2025-02-15,6
5.2,0.0,7.6,0.0,8.7,0.0,4.1,0.0,2025-02-15,7
4.9,0.0,7.4,4.0,8.4,9.0,3.5,10.0,2025-02-15,8
5.4,51.0,9.0,115.0,9.9,140.0,6.6,147.0,2025-02-15,9
6.7,194.0,10.9,302.0,12.4,334.0,8.8,345.0,2025-02-15,10
8.3,294.0,12.7,488.0,14.0,521.0,10.8,519.0,2025-02-15,11
9.9,375.0,14.3,624.0,15.3,656.0,12.4,644.0,2025-02-15,12
11.9,516.0,15.6,692.0,16.2,730.0,13.4,706.0,2025-02-15,13
13.3,562.0,16.8,683.0,16.5,733.0,14.2,701.0,2025-02-15,14
14.1,538.0,17.8,647.0,16.8,668.0,15.0,625.0,2025-02-15,15
14.4,407.0,17.7,497.0,16.4,515.0,15.2,493.0,2025-02-15,16
14.4,346.0,16.4,357.0,15.6,359.0,14.5,302.0,2025-02-15,17
13.5,171.0,15.0,165.0,14.9,162.0,12.9,96.0,2025-02-15,18
11.5,23.0,12.8,17.0,13.8,15.0,11.0,6.0,2025-02-15,19
10.4,0.0,12.5,0.0,12.9,0.0,10.2,0.0,2025-02-15,20
9.7,0.0,12.4,0.0,12.2,0.0,9.3,0.0,2025-02-15,21
9.8,0.0,11.7,0.0,11.5,0.0,8.2,0.0,2025-02-15,22
9.4,0.0,10.8,0.0,11.2,0.0,7.2,0.0,2025-02-15,23
8.7,0.0,10.0,0.0,10.6,0.0,7.0,0.0,2025-02-16,0
8.3,0.0,9.2,0.0,10.0,0.0,7.1,0.0,2025-02-16,1
8.1,0.0,8.4,0.0,9.5,0.0,7.2,0.0,2025-02-16,2
8.2,0.0,8.3,0.0,8.8,0.0,7.2,0.0,2025-02-16,3
7.5,0.0,8.7,0.0,8.4,0.0,7.0,0.0,2025-02-16,4
7.1,0.0,9.4,0.0,8.1,0.0,6.8,0.0,2025-02-16,5
7.9,0.0,11.1,0.0,8.7,0.0,6.8,0.0,2025-02-16,6
7.7,0.0,10.6,0.0,8.8,0.0,7.0,0.0,2025-02-16,7
7.6,0.0,10.6,5.0,9.3,8.0,7.0,9.0,2025-02-16,8
8.0,9.0,13.1,113.0,11.1,112.0,9.1,106.0,2025-02-16,9
9.0,43.0,15.7,317.0,14.3,255.0,11.6,247.0,2025-02-16,10
10.0,111.0,17.4,402.0,18.0,478.0,13.1,358.0,2025-02-16,11
11.5,249.0,18.6,476.0,19.7,643.0,14.7,456.0,2025-02-16,12
12.3,237.0,19.9,599.0,19.3,726.0,16.2,568.0,2025-02-16,13
13.7,440.0,20.3,587.0,18.1,681.0,17.1,656.0,2025-02-16,14
14.0,387.0,20.9,575.0,17.5,523.0,17.7,621.0,2025-02-16,15
14.4,409.0,20.9,454.0,17.5,458.0,17.8,507.0,2025-02-16,16
14.3,257.0,20.3,340.0,17.2,324.0,17.3,332.0,2025-02-16,17
13.7,121.0,18.3,148.0,16.2,113.0,14.9,134.0,2025-02-16,18
11.8,22.0,15.5,18.0,14.7,12.0,13.0,7.0,2025-02-16,19
10.9,0.0,14.1,0.0,14.0,0.0,12.2,0.0,2025-02-16,20
10.9,0.0,13.7,0.0,13.5,0.0,11.9,0.0,2025-02-16,21
9.9,0.0,12.8,0.0,12.7,0.0,11.1,0.0,2025-02-16,22
9.9,0.0,12.1,0.0,12.2,0.0,10.2,0.0,2025-02-16,23
9.5,0.0,11.6,0.0,11.9,0.0,9.6,0.0,2025-02-17,0
8.2,0.0,11.7,0.0,11.3,0.0,9.4,0.0,2025-02-17,1
7.6,0.0,11.9,0.0,10.9,0.0,9.2,0.0,2025-02-17,2
7.4,0.0,11.8,0.0,10.5,0.0,8.9,0.0,2025-02-17,3
6.9,0.0,11.6,0.0,10.5,0.0,8.5,0.0,2025-02-17,4
6.3,0.0,11.4,0.0,10.2,0.0,8.5,0.0,2025-02-17,5
5.7,0.0,11.0,0.0,9.0,0.0,8.1,0.0,2025-02-17,6
6.2,0.0,9.4,0.0,9.3,0.0,7.9,0.0,2025-02-17,7
6.2,0.0,9.7,6.0,9.3,9.0,8.0,9.0,2025-02-17,8
6.8,28.0,11.9,127.0,11.3,141.0,10.3,138.0,2025-02-17,9
7.6,104.0,13.4,322.0,13.9,353.0,11.9,346.0,2025-02-17,10
8.8,178.0,14.9,502.0,15.9,531.0,13.2,520.0,2025-02-17,11
10.6,340.0,16.5,637.0,16.7,666.0,14.5,637.0,2025-02-17,12
12.6,490.0,17.9,712.0,16.9,739.0,15.6,699.0,2025-02-17,13
13.4,493.0,19.0,721.0,16.3,742.0,16.3,694.0,2025-02-17,14
14.2,496.0,19.5,661.0,15.8,677.0,16.8,596.0,2025-02-17,15
14.5,385.0,19.6,538.0,15.6,549.0,17.0,452.0,2025-02-17,16
14.2,281.0,18.4,322.0,15.1,371.0,16.8,300.0,2025-02-17,17
13.6,166.0,16.6,162.0,13.9,165.0,15.6,138.0,2025-02-17,18
12.2,24.0,14.1,19.0,13.0,16.0,13.4,8.0,2025-02-17,19
10.9,0.0,13.1,0.0,12.6,0.0,12.4,0.0,2025-02-17,20
9.9,0.0,12.3,0.0,12.2,0.0,11.2,0.0,2025-02-17,21
8.9,0.0,12.1,0.0,12.3,0.0,10.6,0.0,2025-02-17,22
7.8,0.0,11.5,0.0,12.2,0.0,10.9,0.0,2025-02-17,23
7.4,0.0,10.9,0.0,12.2,0.0,10.0,0.0,2025-02-18,0
7.3,0.0,10.5,0.0,12.2,0.0,9.2,0.0,2025-02-18,1
7.2,0.0,10.1,0.0,12.1,0.0,8.5,0.0,2025-02-18,2
6.8,0.0,9.7,0.0,12.0,0.0,7.2,0.0,2025-02-18,3
6.4,0.0,9.7,0.0,12.1,0.0,5.8,0.0,2025-02-18,4
6.1,0.0,10.8,0.0,12.2,0.0,5.5,0.0,2025-02-18,5
6.2,0.0,10.8,0.0,12.0,0.0,6.5,0.0,2025-02-18,6
6.0,0.0,10.5,0.0,11.9,0.0,5.8,0.0,2025-02-18,7
5.3,0.0,10.0,3.0,12.0,5.0,5.8,13.0,2025-02-18,8
6.4,68.0,10.3,69.0,12.3,48.0,9.1,158.0,2025-02-18,9
8.4,232.0,10.7,190.0,13.3,187.0,11.6,363.0,2025-02-18,10
10.5,391.0,11.5,370.0,14.5,401.0,13.5,540.0,2025-02-18,11
12.4,533.0,12.9,589.0,15.7,653.0,15.1,668.0,2025-02-18,12
14.2,622.0,14.7,702.0,16.4,736.0,16.2,732.0,2025-02-18,13
15.6,625.0,16.5,723.0,16.5,740.0,16.8,728.0,2025-02-18,14
16.5,588.0,17.8,663.0,16.0,673.0,17.0,657.0,2025-02-18,15
16.6,391.0,17.6,542.0,15.6,545.0,16.9,524.0,2025-02-18,16
16.3,218.0,16.3,372.0,15.3,369.0,16.4,348.0,2025-02-18,17
15.5,96.0,15.0,175.0,14.7,169.0,14.1,147.0,2025-02-18,18
14.3,16.0,13.4,19.0,13.6,18.0,12.2,9.0,2025-02-18,19
12.9,0.0,12.8,0.0,13.2,0.0,10.4,0.0,2025-02-18,20
12.7,0.0,12.2,0.0,13.0,0.0,9.1,0.0,2025-02-18,21
12.2,0.0,11.2,0.0,12.4,0.0,8.2,0.0,2025-02-18,22
12.0,0.0,10.6,0.0,11.9,0.0,7.7,0.0,2025-02-18,23
11.6,0.0,9.9,0.0,11.1,0.0,7.5,0.0,2025-02-19,0
11.0,0.0,9.2,0.0,10.7,0.0,7.3,0.0,2025-02-19,1
11.0,0.0,8.6,0.0,10.1,0.0,6.8,0.0,2025-02-19,2
10.8,0.0,8.4,0.0,10.1,0.0,6.2,0.0,2025-02-19,3
10.2,0.0,8.2,0.0,9.5,0.0,6.2,0.0,2025-02-19,4
10.5,0.0,8.8,0.0,9.1,0.0,6.1,0.0,2025-02-19,5
11.0,0.0,8.2,0.0,9.0,0.0,7.2,0.0,2025-02-19,6
10.4,0.0,8.2,0.0,8.6,0.0,6.7,0.0,2025-02-19,7
9.9,0.0,8.3,7.0,9.0,13.0,6.8,11.0,2025-02-19,8
10.7,41.0,11.0,131.0,11.7,157.0,9.8,136.0,2025-02-19,9
12.3,197.0,13.8,310.0,14.9,359.0,11.8,328.0,2025-02-19,10
13.0,209.0,15.8,464.0,16.8,540.0,13.5,515.0,2025-02-19,11
12.9,144.0,18.1,631.0,17.9,671.0,14.9,634.0,2025-02-19,12
12.3,74.0,20.2,709.0,18.6,720.0,16.0,698.0,2025-02-19,13
13.2,130.0,21.4,719.0,19.0,704.0,17.0,685.0,2025-02-19,14
15.0,366.0,21.7,656.0,18.8,681.0,17.5,578.0,2025-02-19,15
15.2,197.0,20.8,538.0,18.2,552.0,17.7,457.0,2025-02-19,16
15.8,267.0,19.5,369.0,17.7,375.0,17.7,315.0,2025-02-19,17
14.5,176.0,18.7,176.0,16.9,174.0,15.8,127.0,2025-02-19,18
12.9,23.0,16.0,22.0,15.4,19.0,13.8,9.0,2025-02-19,19
12.2,0.0,14.7,0.0,14.4,0.0,13.1,0.0,2025-02-19,20
11.0,0.0,13.6,0.0,14.1,0.0,12.4,0.0,2025-02-19,21
10.3,0.0,12.5,0.0,13.6,0.0,11.5,0.0,2025-02-19,22
9.6,0.0,11.6,0.0,13.2,0.0,11.0,0.0,2025-02-19,23
9.3,0.0,10.9,0.0,12.4,0.0,10.7,0.0,2025-02-20,0
9.0,0.0,10.2,0.0,11.9,0.0,10.0,0.0,2025-02-20,1
9.1,0.0,9.5,0.0,11.4,0.0,8.4,0.0,2025-02-20,2
9.0,0.0,9.0,0.0,10.7,0.0,8.4,0.0,2025-02-20,3
8.9,0.0,9.0,0.0,10.2,0.0,9.4,0.0,2025-02-20,4
8.8,0.0,8.7,0.0,9.9,0.0,8.0,0.0,2025-02-20,5
9.3,0.0,8.8,0.0,9.7,0.0,6.8,0.0,2025-02-20,6
8.3,0.0,9.0,0.0,9.3,0.0,5.8,0.0,2025-02-20,7
7.6,0.0,9.2,8.0,10.0,14.0,5.8,16.0,2025-02-20,8
8.2,79.0,11.1,131.0,12.8,153.0,9.4,172.0,2025-02-20,9
9.8,261.0,13.7,334.0,15.9,350.0,12.4,375.0,2025-02-20,10
11.7,439.0,15.9,517.0,17.8,533.0,14.7,550.0,2025-02-20,11
13.7,577.0,17.9,657.0,19.3,657.0,16.1,675.0,2025-02-20,12
15.6,660.0,19.5,732.0,20.3,757.0,17.1,740.0,2025-02-20,13
16.7,680.0,20.9,740.0,20.2,763.0,17.7,737.0,2025-02-20,14
17.4,634.0,21.9,679.0,19.7,697.0,17.8,665.0,2025-02-20,15
17.6,516.0,21.6,555.0,19.2,568.0,17.7,533.0,2025-02-20,16
17.3,376.0,20.0,382.0,18.3,388.0,17.0,356.0,2025-02-20,17
16.2,174.0,18.3,185.0,15.3,182.0,15.7,153.0,2025-02-20,18
14.7,23.0,16.7,24.0,14.1,21.0,12.9,11.0,2025-02-20,19
13.2,0.0,15.8,0.0,13.8,0.0,11.0,0.0,2025-02-20,20
12.2,0.0,13.8,0.0,13.6,0.0,9.7,0.0,2025-02-20,21
11.3,0.0,12.9,0.0,12.8,0.0,8.8,0.0,2025-02-20,22
10.5,0.0,11.7,0.0,12.4,0.0,7.7,0.0,2025-02-20,23
9.3,0.0,10.6,0.0,12.3,0.0,6.9,0.0,2025-02-21,0
8.2,0.0,9.9,0.0,12.0,0.0,6.1,0.0,2025-02-21,1
7.4,0.0,9.1,0.0,12.1,0.0,5.7,0.0,2025-02-21,2
6.6,0.0,7.8,0.0,12.0,0.0,5.6,0.0,2025-02-21,3
6.2,0.0,7.8,0.0,11.9,0.0,6.2,0.0,2025-02-21,4
6.0,0.0,7.6,0.0,11.7,0.0,6.3,0.0,2025-02-21,5
6.6,0.0,8.6,0.0,11.5,0.0,6.3,0.0,2025-02-21,6
6.4,0.0,7.9,0.0,11.3,0.0,4.9,0.0,2025-02-21,7
6.4,0.0,8.8,10.0,11.6,11.0,4.7,17.0,2025-02-21,8
7.1,46.0,11.8,147.0,13.0,131.0,8.4,173.0,2025-02-21,9
8.8,189.0,15.2,350.0,15.5,359.0,10.9,376.0,2025-02-21,10
11.4,428.0,17.2,533.0,17.8,543.0,12.6,553.0,2025-02-21,11
13.5,565.0,18.9,668.0,19.4,688.0,14.1,678.0,2025-02-21,12
14.9,629.0,20.6,742.0,19.8,761.0,15.3,741.0,2025-02-21,13
16.0,665.0,22.2,730.0,19.2,764.0,16.1,736.0,2025-02-21,14
16.7,630.0,23.0,617.0,18.0,696.0,17.0,666.0,2025-02-21,15
17.1,528.0,22.9,524.0,17.5,568.0,17.5,537.0,2025-02-21,16
17.1,377.0,21.6,397.0,17.0,389.0,17.3,359.0,2025-02-21,17
16.6,196.0,18.7,188.0,15.8,181.0,16.0,158.0,2025-02-21,18
14.0,35.0,17.0,25.0,14.6,21.0,13.1,12.0,2025-02-21,19
12.7,0.0,16.5,0.0,14.2,0.0,10.5,0.0,2025-02-21,20
11.9,0.0,14.4,0.0,13.9,0.0,8.5,0.0,2025-02-21,21
11.2,0.0,13.0,0.0,13.8,0.0,7.5,0.0,2025-02-21,22
10.1,0.0,12.1,0.0,13.4,0.0,7.0,0.0,2025-02-21,23
9.2,0.0,10.6,0.0,12.8,0.0,6.7,0.0,2025-02-22,0
8.7,0.0,9.5,0.0,12.3,0.0,6.6,0.0,2025-02-22,1
8.4,0.0,9.0,0.0,11.7,0.0,6.4,0.0,2025-02-22,2
9.2,0.0,8.7,0.0,10.8,0.0,5.8,0.0,2025-02-22,3
7.9,0.0,8.6,0.0,10.4,0.0,5.6,0.0,2025-02-22,4
7.4,0.0,8.7,0.0,9.8,0.0,5.1,0.0,2025-02-22,5
7.5,0.0,8.1,0.0,9.4,0.0,5.6,0.0,2025-02-22,6
6.9,0.0,7.3,0.0,9.3,0.0,5.3,0.0,2025-02-22,7
6.7,1.0,7.4,11.0,10.0,17.0,5.5,19.0,2025-02-22,8
8.0,83.0,10.6,151.0,12.4,171.0,8.7,174.0,2025-02-22,9
10.5,262.0,15.2,354.0,16.1,380.0,11.2,370.0,2025-02-22,10
13.0,436.0,18.3,539.0,19.6,565.0,12.8,529.0,2025-02-22,11
14.8,572.0,20.6,672.0,21.6,701.0,14.9,647.0,2025-02-22,12
16.4,652.0,22.2,728.0,22.1,774.0,16.4,728.0,2025-02-22,13
17.6,674.0,23.4,752.0,21.3,777.0,17.4,742.0,2025-02-22,14
18.4,633.0,24.1,692.0,20.4,710.0,18.2,657.0,2025-02-22,15
19.0,532.0,24.3,564.0,20.3,580.0,18.8,544.0,2025-02-22,16
18.8,342.0,23.7,376.0,19.5,399.0,18.9,361.0,2025-02-22,17
18.2,189.0,20.6,185.0,18.6,192.0,18.0,161.0,2025-02-22,18
16.6,30.0,17.7,26.0,16.2,24.0,16.3,13.0,2025-02-22,19
15.8,0.0,16.4,0.0,15.6,0.0,15.1,0.0,2025-02-22,20
15.6,0.0,14.8,0.0,15.0,0.0,13.5,0.0,2025-02-22,21
14.7,0.0,12.9,0.0,14.5,0.0,12.2,0.0,2025-02-22,22
14.9,0.0,11.3,0.0,13.9,0.0,11.3,0.0,2025-02-22,23
14.5,0.0,10.3,0.0,13.3,0.0,10.8,0.0,2025-02-23,0
13.8,0.0,9.9,0.0,12.7,0.0,10.2,0.0,2025-02-23,1
12.4,0.0,9.7,0.0,11.8,0.0,9.4,0.0,2025-02-23,2
12.0,0.0,9.5,0.0,11.1,0.0,8.9,0.0,2025-02-23,3
11.4,0.0,9.5,0.0,10.8,0.0,8.5,0.0,2025-02-23,4
11.1,0.0,9.5,0.0,10.4,0.0,8.0,0.0,2025-02-23,5
11.6,0.0,8.2,0.0,9.7,0.0,7.5,0.0,2025-02-23,6
11.2,0.0,7.5,0.0,9.1,0.0,6.9,0.0,2025-02-23,7
11.5,0.0,8.2,12.0,9.8,19.0,7.7,20.0,2025-02-23,8
11.9,27.0,12.1,155.0,12.7,179.0,11.3,179.0,2025-02-23,9
12.7,101.0,16.7,359.0,16.6,389.0,13.8,380.0,2025-02-23,10
14.0,209.0,19.4,541.0,20.1,573.0,15.4,553.0,2025-02-23,11
14.7,196.0,21.5,675.0,22.0,708.0,17.3,676.0,2025-02-23,12
15.0,173.0,23.4,749.0,22.8,780.0,18.8,739.0,2025-02-23,13
16.4,311.0,24.7,755.0,23.0,784.0,20.3,737.0,2025-02-23,14
16.1,193.0,25.4,691.0,22.4,717.0,20.9,668.0,2025-02-23,15
15.8,119.0,25.4,563.0,21.2,587.0,21.3,538.0,2025-02-23,16
16.1,181.0,23.3,389.0,19.5,404.0,21.3,362.0,2025-02-23,17
17.2,96.0,20.4,191.0,18.4,194.0,20.7,161.0,2025-02-23,18
15.7,30.0,18.0,28.0,16.7,25.0,18.8,14.0,2025-02-23,19
14.5,0.0,17.5,0.0,15.3,0.0,17.6,0.0,2025-02-23,20
14.2,0.0,16.4,0.0,14.6,0.0,16.7,0.0,2025-02-23,21
13.7,0.0,15.0,0.0,14.0,0.0,15.6,0.0,2025-02-23,22
13.1,0.0,14.6,0.0,13.3,0.0,14.7,0.0,2025-02-23,23
12.4,0.0,13.8,0.0,13.0,0.0,14.0,0.0,2025-02-24,0
11.9,0.0,13.3,0.0,12.3,0.0,13.2,0.0,2025-02-24,1
11.8,0.0,13.4,0.0,12.1,0.0,12.5,0.0,2025-02-24,2
11.4,0.0,13.5,0.0,11.7,0.0,11.6,0.0,2025-02-24,3
11.2,0.0,13.4,0.0,11.4,0.0,11.2,0.0,2025-02-24,4
11.0,0.0,12.9,0.0,10.7,0.0,11.0,0.0,2025-02-24,5
10.9,0.0,13.4,0.0,10.0,0.0,10.3,0.0,2025-02-24,6
10.4,0.0,13.0,0.0,9.5,0.0,9.9,0.0,2025-02-24,7
10.1,1.0,13.3,13.0,10.4,20.0,10.4,21.0,2025-02-24,8
10.6,23.0,16.1,154.0,13.5,181.0,13.8,181.0,2025-02-24,9
11.5,96.0,18.0,354.0,17.1,388.0,16.7,380.0,2025-02-24,10
13.8,194.0,19.7,534.0,19.7,570.0,18.8,553.0,2025-02-24,11
15.7,368.0,21.4,667.0,21.0,702.0,20.5,677.0,2025-02-24,12
17.0,517.0,22.8,740.0,21.5,772.0,21.8,740.0,2025-02-24,13
17.5,518.0,23.9,747.0,21.6,772.0,22.7,738.0,2025-02-24,14
18.4,522.0,24.2,686.0,21.0,705.0,23.5,669.0,2025-02-24,15
18.7,389.0,23.1,564.0,20.9,576.0,24.0,539.0,2025-02-24,16
18.1,253.0,20.7,393.0,20.2,397.0,23.9,361.0,2025-02-24,17
17.4,145.0,19.8,195.0,17.6,193.0,23.2,162.0,2025-02-24,18
15.7,36.0,17.3,29.0,16.1,26.0,20.9,15.0,2025-02-24,19
15.0,0.0,16.0,0.0,15.6,0.0,19.0,0.0,2025-02-24,20
14.4,0.0,15.2,0.0,14.9,0.0,17.4,0.0,2025-02-24,21
13.6,0.0,14.6,0.0,14.4,0.0,16.2,0.0,2025-02-24,22
13.1,0.0,13.7,0.0,14.3,0.0,15.6,0.0,2025-02-24,23
12.6,0.0,13.0,0.0,13.5,0.0,14.9,0.0,2025-02-25,0
11.3,0.0,12.1,0.0,12.9,0.0,14.3,0.0,2025-02-25,1
10.4,0.0,11.4,0.0,12.6,0.0,14.2,0.0,2025-02-25,2
9.7,0.0,10.8,0.0,11.9,0.0,14.0,0.0,2025-02-25,3
8.5,0.0,10.5,0.0,11.7,0.0,13.4,0.0,2025-02-25,4
8.1,0.0,10.5,0.0,11.1,0.0,12.9,0.0,2025-02-25,5
7.7,0.0,9.5,0.0,10.3,0.0,12.1,0.0,2025-02-25,6
7.4,0.0,9.0,0.0,9.9,0.0,11.2,0.0,2025-02-25,7
7.2,1.0,9.3,14.0,11.0,21.0,11.3,24.0,2025-02-25,8
7.5,54.0,12.0,159.0,13.9,180.0,14.6,190.0,2025-02-25,9
8.5,154.0,15.4,366.0,17.4,388.0,17.5,395.0,2025-02-25,10
11.3,336.0,17.9,555.0,20.5,572.0,20.0,573.0,2025-02-25,11
13.7,564.0,20.5,692.0,21.3,705.0,22.1,699.0,2025-02-25,12
15.5,656.0,22.5,763.0,20.9,774.0,23.7,763.0,2025-02-25,13
17.3,689.0,23.1,766.0,20.8,776.0,24.9,757.0,2025-02-25,14
18.3,659.0,23.3,705.0,20.2,711.0,25.7,685.0,2025-02-25,15
18.5,556.0,23.3,580.0,19.9,583.0,26.0,553.0,2025-02-25,16
18.2,403.0,22.0,405.0,19.5,405.0,25.8,374.0,2025-02-25,17
17.4,217.0,19.8,203.0,18.5,198.0,24.6,173.0,2025-02-25,18
14.9,45.0,17.0,31.0,16.6,27.0,20.8,17.0,2025-02-25,19
13.4,0.0,16.0,0.0,15.5,0.0,18.8,0.0,2025-02-25,20
12.1,0.0,15.0,0.0,14.8,0.0,16.5,0.0,2025-02-25,21
11.5,0.0,14.3,0.0,14.4,0.0,15.0,0.0,2025-02-25,22
10.7,0.0,13.6,0.0,13.8,0.0,14.1,0.0,2025-02-25,23
9.9,0.0,12.6,0.0,13.2,0.0,12.7,0.0,2025-02-26,0
9.1,0.0,11.2,0.0,12.8,0.0,12.1,0.0,2025-02-26,1
8.2,0.0,10.5,0.0,12.2,0.0,11.7,0.0,2025-02-26,2
7.7,0.0,10.1,0.0,11.8,0.0,11.0,0.0,2025-02-26,3
7.5,0.0,9.9,0.0,10.9,0.0,10.5,0.0,2025-02-26,4
7.3,0.0,9.7,0.0,10.7,0.0,10.1,0.0,2025-02-26,5
5.2,0.0,9.2,0.0,9.8,0.0,9.3,0.0,2025-02-26,6
5.0,0.0,8.3,0.0,9.9,0.0,8.6,0.0,2025-02-26,7
4.9,2.0,8.7,16.0,11.1,24.0,9.8,27.0,2025-02-26,8
6.6,103.0,11.6,167.0,13.5,192.0,13.8,201.0,2025-02-26,9
9.0,291.0,15.4,376.0,16.7,404.0,16.3,410.0,2025-02-26,10
11.3,469.0,18.0,562.0,19.3,590.0,19.4,589.0,2025-02-26,11
13.4,606.0,20.8,702.0,20.7,725.0,21.5,715.0,2025-02-26,12
15.0,689.0,23.4,779.0,21.1,796.0,22.7,779.0,2025-02-26,13
16.2,710.0,25.2,786.0,21.3,796.0,23.6,775.0,2025-02-26,14
17.2,666.0,26.1,726.0,21.4,726.0,24.1,704.0,2025-02-26,15
17.6,561.0,26.2,600.0,21.3,594.0,24.3,572.0,2025-02-26,16
17.5,406.0,25.1,420.0,20.9,412.0,24.0,390.0,2025-02-26,17
17.8,221.0,22.7,213.0,20.6,204.0,22.7,179.0,2025-02-26,18
15.1,47.0,19.9,34.0,18.6,29.0,18.5,18.0,2025-02-26,19
13.7,0.0,17.8,0.0,17.7,0.0,16.5,0.0,2025-02-26,20
12.6,0.0,16.1,0.0,17.2,0.0,14.0,0.0,2025-02-26,21
11.9,0.0,14.5,0.0,16.7,0.0,12.8,0.0,2025-02-26,22
11.5,0.0,13.2,0.0,16.2,0.0,12.0,0.0,2025-02-26,23
10.6,0.0,12.7,0.0,15.7,0.0,11.4,0.0,2025-02-27,0
9.9,0.0,11.7,0.0,15.0,0.0,10.7,0.0,2025-02-27,1
9.4,0.0,10.4,0.0,14.2,0.0,9.0,0.0,2025-02-27,2
8.4,0.0,10.2,0.0,13.1,0.0,8.0,0.0,2025-02-27,3
7.4,0.0,9.9,0.0,12.5,0.0,8.4,0.0,2025-02-27,4
7.0,0.0,9.6,0.0,12.4,0.0,7.9,0.0,2025-02-27,5
7.1,0.0,10.7,0.0,11.2,0.0,7.3,0.0,2025-02-27,6
7.0,0.0,9.6,0.0,10.5,0.0,7.1,0.0,2025-02-27,7
6.7,3.0,9.3,18.0,11.9,23.0,7.7,30.0,2025-02-27,8
8.1,105.0,12.4,177.0,13.6,178.0,9.7,208.0,2025-02-27,9
10.1,287.0,17.3,356.0,18.6,412.0,10.5,418.0,2025-02-27,10
12.2,438.0,20.1,524.0,24.6,586.0,12.6,598.0,2025-02-27,11
14.4,590.0,22.4,635.0,28.0,670.0,14.4,724.0,2025-02-27,12
16.3,673.0,23.9,617.0,29.4,714.0,16.1,787.0,2025-02-27,13
18.1,699.0,24.9,678.0,28.5,656.0,17.7,781.0,2025-02-27,14
19.4,632.0,25.4,616.0,26.7,625.0,18.9,708.0,2025-02-27,15
20.0,526.0,25.2,438.0,26.1,543.0,19.7,574.0,2025-02-27,16
19.9,358.0,24.3,382.0,25.4,390.0,19.8,383.0,2025-02-27,17
18.8,174.0,23.2,196.0,23.3,214.0,19.1,166.0,2025-02-27,18
16.7,39.0,21.4,34.0,20.7,32.0,16.3,18.0,2025-02-27,19
14.7,0.0,18.5,0.0,19.5,0.0,15.0,0.0,2025-02-27,20
13.3,0.0,17.2,0.0,18.4,0.0,14.0,0.0,2025-02-27,21
12.0,0.0,16.5,0.0,19.1,0.0,13.2,0.0,2025-02-27,22
11.2,0.0,15.6,0.0,19.1,0.0,12.5,0.0,2025-02-27,23
10.9,0.0,14.9,0.0,17.7,0.0,11.6,0.0,2025-02-28,0
10.3,0.0,14.0,0.0,17.0,0.0,11.0,0.0,2025-02-28,1
9.9,0.0,13.1,0.0,17.2,0.0,10.7,0.0,2025-02-28,2
9.4,0.0,12.7,0.0,15.3,0.0,10.9,0.0,2025-02-28,3
9.6,0.0,11.8,0.0,14.6,0.0,10.4,0.0,2025-02-28,4
8.6,0.0,10.9,0.0,13.7,0.0,9.9,0.0,2025-02-28,5
7.9,0.0,10.6,0.0,13.6,0.0,9.2,0.0,2025-02-28,6
7.5,0.0,9.6,0.0,13.4,0.0,8.8,0.0,2025-02-28,7
7.0,4.0,9.9,18.0,13.3,15.0,9.5,31.0,2025-02-28,8
8.7,107.0,13.4,175.0,15.0,124.0,12.9,209.0,2025-02-28,9
10.9,278.0,17.3,372.0,17.3,312.0,15.1,418.0,2025-02-28,10
13.5,470.0,20.3,561.0,19.5,526.0,17.2,595.0,2025-02-28,11
15.6,612.0,22.6,685.0,20.0,547.0,19.2,712.0,2025-02-28,12
17.2,696.0,23.6,771.0,18.5,733.0,21.1,773.0,2025-02-28,13
18.2,716.0,21.7,770.0,17.4,788.0,22.1,770.0,2025-02-28,14
19.0,670.0,21.2,703.0,17.7,685.0,22.3,690.0,2025-02-28,15
19.7,565.0,21.1,581.0,17.3,396.0,22.2,565.0,2025-02-28,16
19.8,410.0,20.0,392.0,17.2,354.0,22.1,388.0,2025-02-28,17
19.4,226.0,18.6,187.0,16.3,178.0,20.7,166.0,2025-02-28,18
16.8,51.0,16.4,22.0,15.1,28.0,17.9,20.0,2025-02-28,19
15.4,0.0,14.6,0.0,14.2,0.0,16.4,0.0,2025-02-28,20
14.6,0.0,13.8,0.0,13.5,0.0,14.9,0.0,2025-02-28,21
13.9,0.0,13.3,0.0,13.1,0.0,13.9,0.0,2025-02-28,22
13.2,0.0,13.2,0.0,12.7,0.0,12.7,0.0,2025-02-28,23
12.2,0.0,13.1,0.0,12.4,0.0,11.9,0.0,2025-03-01,0
11.6,0.0,12.7,0.0,12.2,0.0,11.7,0.0,2025-03-01,1
10.7,0.0,12.0,0.0,12.3,0.0,11.3,0.0,2025-03-01,2
10.1,0.0,11.6,0.0,12.9,0.0,10.8,0.0,2025-03-01,3
9.8,0.0,11.1,0.0,12.5,0.0,11.2,0.0,2025-03-01,4
8.5,0.0,10.8,0.0,11.7,0.0,11.4,0.0,2025-03-01,5
8.4,0.0,10.1,0.0,12.7,0.0,12.3,0.0,2025-03-01,6
7.2,0.0,11.1,0.0,12.3,0.0,11.0,0.0,2025-03-01,7
6.9,4.0,11.7,8.0,12.6,11.0,11.4,27.0,2025-03-01,8
8.0,78.0,11.9,54.0,13.4,88.0,13.9,137.0,2025-03-01,9
9.1,224.0,12.0,126.0,14.9,355.0,14.7,196.0,2025-03-01,10
11.5,356.0,13.6,278.0,15.5,380.0,15.8,254.0,2025-03-01,11
14.1,559.0,15.3,395.0,15.9,575.0,17.6,409.0,2025-03-01,12
16.3,684.0,17.3,523.0,15.7,452.0,19.8,620.0,2025-03-01,13
17.4,709.0,18.7,674.0,16.3,544.0,20.6,567.0,2025-03-01,14
17.6,617.0,18.4,609.0,16.5,626.0,21.6,641.0,2025-03-01,15
17.5,560.0,18.4,520.0,16.4,571.0,21.9,532.0,2025-03-01,16
16.9,394.0,16.0,327.0,15.9,388.0,21.8,366.0,2025-03-01,17
15.6,214.0,15.1,121.0,14.4,135.0,21.0,169.0,2025-03-01,18
13.7,52.0,14.5,26.0,14.0,23.0,17.9,21.0,2025-03-01,19
13.1,0.0,14.0,0.0,13.7,0.0,16.0,0.0,2025-03-01,20
12.6,0.0,13.5,0.0,13.4,0.0,15.4,0.0,2025-03-01,21
12.0,0.0,13.2,0.0,13.3,0.0,13.8,0.0,2025-03-01,22
11.8,0.0,12.9,0.0,13.0,0.0,12.7,0.0,2025-03-01,23
11.8,0.0,12.8,0.0,13.1,0.0,12.5,0.0,2025-03-02,0
11.8,0.0,12.7,0.0,12.7,0.0,12.1,0.0,2025-03-02,1
10.8,0.0,12.1,0.0,13.0,0.0,11.2,0.0,2025-03-02,2
10.1,0.0,12.0,0.0,13.1,0.0,10.9,0.0,2025-03-02,3
9.5,0.0,12.5,0.0,13.1,0.0,11.6,0.0,2025-03-02,4
8.8,0.0,12.5,0.0,13.1,0.0,11.8,0.0,2025-03-02,5
9.0,0.0,12.2,0.0,13.5,0.0,12.6,0.0,2025-03-02,6
8.5,0.0,11.5,0.0,13.1,0.0,12.0,0.0,2025-03-02,7
8.1,5.0,11.8,10.0,13.0,29.0,12.7,34.0,2025-03-02,8
9.3,98.0,12.9,107.0,14.3,166.0,13.4,212.0,2025-03-02,9
10.9,249.0,14.0,259.0,15.3,300.0,13.1,413.0,2025-03-02,10
12.0,368.0,15.5,389.0,15.9,353.0,14.3,590.0,2025-03-02,11
12.5,341.0,17.1,662.0,17.0,609.0,14.8,722.0,2025-03-02,12
11.2,108.0,16.6,750.0,17.1,712.0,15.5,792.0,2025-03-02,13
13.4,522.0,16.0,762.0,16.5,643.0,15.9,790.0,2025-03-02,14
13.8,509.0,15.5,627.0,16.4,665.0,15.6,722.0,2025-03-02,15
14.2,448.0,15.1,530.0,15.8,590.0,15.4,586.0,2025-03-02,16
12.0,341.0,14.5,393.0,15.2,424.0,14.7,399.0,2025-03-02,17
10.4,96.0,13.8,171.0,14.4,213.0,13.2,191.0,2025-03-02,18
9.7,32.0,12.4,33.0,13.6,32.0,11.7,23.0,2025-03-02,19
9.1,0.0,11.6,0.0,13.7,0.0,10.7,0.0,2025-03-02,20
8.5,0.0,11.3,0.0,12.7,0.0,10.0,0.0,2025-03-02,21
8.2,0.0,10.7,0.0,12.3,0.0,9.2,0.0,2025-03-02,22
7.7,0.0,10.0,0.0,11.9,0.0,8.0,0.0,2025-03-02,23
7.4,0.0,9.8,0.0,12.4,0.0,7.7,0.0,2025-03-03,0
7.1,0.0,8.8,0.0,12.1,0.0,7.3,0.0,2025-03-03,1
6.0,0.0,7.8,0.0,12.3,0.0,6.1,0.0,2025-03-03,2
5.8,0.0,7.2,0.0,12.3,0.0,5.3,0.0,2025-03-03,3
5.5,0.0,7.3,0.0,12.2,0.0,4.9,0.0,2025-03-03,4
4.7,0.0,7.3,0.0,12.0,0.0,4.1,0.0,2025-03-03,5
5.5,0.0,7.4,0.0,12.2,0.0,4.7,0.0,2025-03-03,6
5.1,0.0,7.1,0.0,12.3,0.0,3.9,0.0,2025-03-03,7
5.1,5.0,7.4,22.0,12.0,24.0,4.6,36.0,2025-03-03,8
6.7,109.0,10.3,179.0,13.2,140.0,6.9,118.0,2025-03-03,9
8.4,272.0,12.6,361.0,13.5,268.0,7.8,157.0,2025-03-03,10
10.4,472.0,14.1,549.0,14.2,476.0,8.5,281.0,2025-03-03,11
12.2,627.0,15.2,700.0,14.7,648.0,9.6,355.0,2025-03-03,12
13.0,593.0,16.6,757.0,15.1,686.0,11.4,550.0,2025-03-03,13
14.0,639.0,17.4,791.0,15.1,718.0,12.3,449.0,2025-03-03,14
14.9,621.0,18.3,714.0,15.4,739.0,14.4,253.0,2025-03-03,15
15.1,459.0,18.9,571.0,15.1,540.0,13.9,93.0,2025-03-03,16
14.9,308.0,18.2,420.0,14.8,355.0,15.5,143.0,2025-03-03,17
15.1,199.0,16.7,220.0,13.7,198.0,15.2,74.0,2025-03-03,18
13.0,52.0,15.0,40.0,13.1,33.0,14.2,15.0,2025-03-03,19
12.1,0.0,14.2,0.0,12.8,0.0,12.8,0.0,2025-03-03,20
11.5,0.0,13.2,0.0,11.9,0.0,11.8,0.0,2025-03-03,21
10.8,0.0,12.5,0.0,11.8,0.0,11.0,0.0,2025-03-03,22
10.2,0.0,11.6,0.0,11.4,0.0,10.2,0.0,2025-03-03,23
10.0,0.0,11.1,0.0,10.7,0.0,9.5,0.0,2025-03-04,0
9.6,0.0,11.0,0.0,10.3,0.0,8.6,0.0,2025-03-04,1
9.4,0.0,10.6,0.0,10.3,0.0,7.2,0.0,2025-03-04,2
8.7,0.0,10.2,0.0,10.2,0.0,6.0,0.0,2025-03-04,3
8.5,0.0,9.8,0.0,10.0,0.0,5.4,0.0,2025-03-04,4
8.5,0.0,9.6,0.0,9.8,0.0,5.0,0.0,2025-03-04,5
9.2,0.0,9.7,0.0,9.8,0.0,4.8,0.0,2025-03-04,6
8.8,0.0,9.7,0.0,9.6,0.0,4.5,0.0,2025-03-04,7
8.5,6.0,10.0,20.0,9.9,31.0,6.3,40.0,2025-03-04,8
9.6,57.0,11.7,152.0,12.2,204.0,9.1,223.0,2025-03-04,9
10.0,62.0,13.2,321.0,14.2,414.0,10.5,429.0,2025-03-04,10
10.4,90.0,14.6,547.0,15.6,593.0,12.3,605.0,2025-03-04,11
11.2,150.0,16.2,704.0,17.1,725.0,14.0,728.0,2025-03-04,12
12.3,284.0,18.0,773.0,18.0,802.0,15.6,789.0,2025-03-04,13
12.2,197.0,19.6,781.0,17.3,803.0,17.0,782.0,2025-03-04,14
12.7,255.0,20.7,710.0,16.8,730.0,17.9,709.0,2025-03-04,15
12.6,173.0,20.3,586.0,16.6,598.0,18.2,577.0,2025-03-04,16
12.5,121.0,17.3,415.0,16.0,410.0,18.1,396.0,2025-03-04,17
14.6,223.0,16.4,206.0,14.8,188.0,17.7,191.0,2025-03-04,18
12.8,53.0,15.2,37.0,14.2,31.0,15.7,25.0,2025-03-04,19
12.0,0.0,14.0,0.0,13.9,0.0,14.7,0.0,2025-03-04,20
11.1,0.0,12.9,0.0,13.4,0.0,13.4,0.0,2025-03-04,21
10.7,0.0,12.3,0.0,13.0,0.0,12.2,0.0,2025-03-04,22
10.0,0.0,12.0,0.0,12.6,0.0,11.6,0.0,2025-03-04,23
9.5,0.0,11.3,0.0,12.4,0.0,10.8,0.0,2025-03-05,0
9.2,0.0,11.2,0.0,11.9,0.0,10.5,0.0,2025-03-05,1
9.1,0.0,10.9,0.0,11.0,0.0,10.1,0.0,2025-03-05,2
8.8,0.0,10.6,0.0,10.3,0.0,9.4,0.0,2025-03-05,3
8.7,0.0,10.4,0.0,9.7,0.0,8.6,0.0,2025-03-05,4
8.7,0.0,9.8,0.0,9.3,0.0,8.5,0.0,2025-03-05,5
9.1,0.0,10.1,0.0,9.5,0.0,8.1,0.0,2025-03-05,6
9.0,0.0,9.7,0.0,9.3,0.0,8.7,0.0,2025-03-05,7
8.9,2.0,10.4,18.0,10.2,28.0,9.7,34.0,2025-03-05,8
9.1,21.0,11.4,98.0,12.3,158.0,12.6,156.0,2025-03-05,9
9.9,63.0,12.3,141.0,14.0,315.0,15.1,272.0,2025-03-05,10
10.5,95.0,13.4,227.0,15.5,418.0,15.9,203.0,2025-03-05,11
10.7,108.0,12.2,48.0,16.4,492.0,16.7,257.0,2025-03-05,12
10.9,149.0,12.4,78.0,16.5,661.0,16.8,201.0,2025-03-05,13
11.2,168.0,13.1,122.0,16.1,480.0,15.9,207.0,2025-03-05,14
11.1,194.0,12.7,85.0,14.9,286.0,14.5,139.0,2025-03-05,15
11.0,166.0,12.6,63.0,14.8,247.0,12.6,78.0,2025-03-05,16
11.3,200.0,12.5,48.0,14.3,140.0,12.2,43.0,2025-03-05,17
11.1,119.0,12.2,18.0,13.5,41.0,11.7,24.0,2025-03-05,18
10.7,33.0,12.0,5.0,13.3,4.0,10.4,3.0,2025-03-05,19
9.9,0.0,11.9,0.0,13.1,0.0,10.1,0.0,2025-03-05,20
9.1,0.0,11.8,0.0,12.7,0.0,10.3,0.0,2025-03-05,21
8.2,0.0,11.7,0.0,12.7,0.0,10.6,0.0,2025-03-05,22
7.6,0.0,11.4,0.0,12.4,0.0,10.6,0.0,2025-03-05,23
7.1,0.0,11.0,0.0,12.7,0.0,10.3,0.0,2025-03-06,0
6.7,0.0,10.0,0.0,12.4,0.0,9.3,0.0,2025-03-06,1
6.2,0.0,9.6,0.0,12.6,0.0,8.8,0.0,2025-03-06,2
5.7,0.0,9.0,0.0,12.2,0.0,8.6,0.0,2025-03-06,3
5.6,0.0,7.5,0.0,11.7,0.0,8.5,0.0,2025-03-06,4
5.7,0.0,7.2,0.0,11.6,0.0,7.6,0.0,2025-03-06,5
5.7,0.0,8.1,0.0,11.2,0.0,7.0,0.0,2025-03-06,6
5.4,0.0,8.1,0.0,11.2,0.0,5.8,0.0,2025-03-06,7
5.5,5.0,8.9,26.0,11.2,26.0,5.9,44.0,2025-03-06,8
6.3,56.0,10.5,184.0,12.3,115.0,6.8,155.0,2025-03-06,9
8.3,325.0,11.5,353.0,13.1,357.0,7.4,258.0,2025-03-06,10
9.3,391.0,12.5,541.0,13.8,552.0,7.5,367.0,2025-03-06,11
10.4,469.0,12.3,491.0,14.3,692.0,6.8,319.0,2025-03-06,12
11.1,509.0,11.5,362.0,14.4,715.0,7.5,445.0,2025-03-06,13
11.5,433.0,10.7,201.0,14.4,727.0,8.9,562.0,2025-03-06,14
12.1,403.0,10.1,134.0,13.6,365.0,9.0,586.0,2025-03-06,15
12.5,394.0,9.5,85.0,12.6,139.0,9.4,464.0,2025-03-06,16
12.7,312.0,8.7,39.0,11.7,59.0,9.6,327.0,2025-03-06,17
12.3,230.0,9.4,31.0,11.5,47.0,9.5,185.0,2025-03-06,18
10.8,60.0,9.0,5.0,10.9,4.0,7.8,26.0,2025-03-06,19
9.7,0.0,8.7,0.0,10.6,0.0,6.1,0.0,2025-03-06,20
8.9,0.0,8.4,0.0,10.7,0.0,4.5,0.0,2025-03-06,21
8.6,0.0,7.6,0.0,11.3,0.0,3.2,0.0,2025-03-06,22
8.0,0.0,7.1,0.0,7.9,0.0,2.1,0.0,2025-03-06,23
7.5,0.0,6.7,0.0,8.2,0.0,2.1,0.0,2025-03-07,0
6.5,0.0,6.5,0.0,9.0,0.0,2.3,0.0,2025-03-07,1
6.4,0.0,6.2,0.0,9.2,0.0,2.6,0.0,2025-03-07,2
5.8,0.0,6.1,0.0,7.8,0.0,2.4,0.0,2025-03-07,3
4.9,0.0,5.8,0.0,7.5,0.0,2.2,0.0,2025-03-07,4
4.0,0.0,5.1,0.0,6.9,0.0,2.1,0.0,2025-03-07,5
3.5,0.0,5.5,0.0,7.8,0.0,3.8,0.0,2025-03-07,6
3.4,0.0,4.7,0.0,7.5,0.0,4.5,0.0,2025-03-07,7
3.7,11.0,5.1,31.0,8.1,37.0,5.0,39.0,2025-03-07,8
5.7,144.0,7.4,204.0,9.9,216.0,6.9,205.0,2025-03-07,9
8.0,340.0,9.5,415.0,11.8,419.0,8.1,432.0,2025-03-07,10
10.6,528.0,11.2,599.0,13.3,595.0,9.7,614.0,2025-03-07,11
13.2,670.0,12.9,739.0,13.9,669.0,10.9,744.0,2025-03-07,12
15.3,753.0,14.8,776.0,14.3,767.0,11.8,775.0,2025-03-07,13
16.6,768.0,16.3,762.0,14.5,794.0,12.5,782.0,2025-03-07,14
17.2,721.0,17.4,656.0,14.6,718.0,12.8,650.0,2025-03-07,15
17.5,614.0,17.7,562.0,14.6,593.0,12.7,491.0,2025-03-07,16
17.2,453.0,16.9,324.0,14.1,415.0,12.3,364.0,2025-03-07,17
16.1,259.0,15.1,202.0,13.6,226.0,11.6,176.0,2025-03-07,18
13.8,71.0,12.3,46.0,12.2,40.0,9.7,29.0,2025-03-07,19
12.4,0.0,11.1,0.0,11.7,0.0,8.4,0.0,2025-03-07,20
11.0,0.0,10.5,0.0,11.0,0.0,7.2,0.0,2025-03-07,21
9.8,0.0,9.9,0.0,10.2,0.0,6.4,0.0,2025-03-07,22
8.9,0.0,8.6,0.0,9.6,0.0,5.5,0.0,2025-03-07,23
7.6,0.0,7.5,0.0,9.2,0.0,4.7,0.0,2025-03-08,0
6.9,0.0,6.8,0.0,8.7,0.0,3.8,0.0,2025-03-08,1
6.7,0.0,6.5,0.0,8.2,0.0,3.2,0.0,2025-03-08,2
5.9,0.0,6.1,0.0,7.7,0.0,2.6,0.0,2025-03-08,3
5.2,0.0,5.5,0.0,7.2,0.0,1.7,0.0,2025-03-08,4
5.0,0.0,4.6,0.0,7.0,0.0,1.1,0.0,2025-03-08,5
5.2,0.0,5.3,0.0,7.3,0.0,1.6,0.0,2025-03-08,6
5.0,0.0,4.8,0.0,7.1,0.0,1.1,0.0,2025-03-08,7
5.2,12.0,5.7,34.0,7.8,45.0,2.8,54.0,2025-03-08,8
6.9,148.0,8.9,211.0,10.5,235.0,6.1,251.0,2025-03-08,9
9.0,344.0,11.1,425.0,13.2,450.0,9.0,463.0,2025-03-08,10
11.3,524.0,13.2,612.0,15.0,635.0,11.7,642.0,2025-03-08,11
13.4,660.0,14.9,749.0,16.3,769.0,13.5,768.0,2025-03-08,12
15.0,742.0,16.6,822.0,17.1,838.0,14.6,829.0,2025-03-08,13
16.0,760.0,17.8,825.0,17.4,837.0,15.2,818.0,2025-03-08,14
16.6,714.0,18.4,756.0,17.1,767.0,15.5,741.0,2025-03-08,15
16.8,607.0,18.4,625.0,16.7,633.0,15.6,605.0,2025-03-08,16
16.7,449.0,17.5,446.0,15.9,448.0,15.2,421.0,2025-03-08,17
16.7,259.0,16.5,239.0,15.1,232.0,14.6,211.0,2025-03-08,18
14.4,72.0,13.9,50.0,13.6,43.0,11.5,32.0,2025-03-08,19
13.4,0.0,12.8,0.0,12.6,0.0,10.1,0.0,2025-03-08,20
12.4,0.0,12.1,0.0,11.8,0.0,8.8,0.0,2025-03-08,21
11.5,0.0,11.4,0.0,11.3,0.0,8.2,0.0,2025-03-08,22
10.7,0.0,9.9,0.0,10.9,0.0,7.6,0.0,2025-03-08,23
10.1,0.0,8.4,0.0,10.3,0.0,7.4,0.0,2025-03-09,0
9.5,0.0,7.6,0.0,9.7,0.0,7.0,0.0,2025-03-09,1
8.8,0.0,7.0,0.0,9.2,0.0,6.6,0.0,2025-03-09,2
8.2,0.0,6.7,0.0,8.5,0.0,6.4,0.0,2025-03-09,3
7.6,0.0,6.8,0.0,7.9,0.0,6.2,0.0,2025-03-09,4
6.9,0.0,7.5,0.0,7.2,0.0,6.1,0.0,2025-03-09,5
6.0,0.0,6.4,0.0,7.3,0.0,6.2,0.0,2025-03-09,6
5.7,0.0,6.1,0.0,6.9,0.0,5.9,0.0,2025-03-09,7
6.3,13.0,7.6,38.0,7.7,49.0,7.0,57.0,2025-03-09,8
8.2,153.0,11.6,222.0,11.1,246.0,10.3,257.0,2025-03-09,9
11.0,352.0,15.2,437.0,15.2,465.0,11.9,469.0,2025-03-09,10
13.4,533.0,18.0,624.0,17.9,654.0,13.1,649.0,2025-03-09,11
15.4,671.0,20.0,761.0,19.6,788.0,14.5,774.0,2025-03-09,12
17.1,749.0,21.5,833.0,19.7,852.0,15.8,836.0,2025-03-09,13
18.1,762.0,22.2,836.0,19.1,846.0,17.0,829.0,2025-03-09,14
18.9,713.0,22.6,768.0,18.3,775.0,18.1,754.0,2025-03-09,15
19.0,602.0,21.8,636.0,17.7,640.0,18.6,618.0,2025-03-09,16
18.6,444.0,19.7,457.0,17.3,454.0,18.5,432.0,2025-03-09,17
18.3,256.0,18.2,248.0,17.2,240.0,17.2,218.0,2025-03-09,18
16.1,72.0,15.2,53.0,14.9,46.0,14.0,34.0,2025-03-09,19
14.8,0.0,13.8,0.0,13.8,0.0,12.2,0.0,2025-03-09,20
13.1,0.0,13.3,0.0,13.1,0.0,10.9,0.0,2025-03-09,21
11.7,0.0,12.4,0.0,12.4,0.0,11.3,0.0,2025-03-09,22
10.3,0.0,11.6,0.0,11.9,0.0,11.0,0.0,2025-03-09,23
10.0,0.0,11.0,0.0,11.2,0.0,10.1,0.0,2025-03-10,0
9.5,0.0,10.8,0.0,10.6,0.0,9.3,0.0,2025-03-10,1
9.2,0.0,10.4,0.0,9.7,0.0,8.5,0.0,2025-03-10,2
8.9,0.0,10.1,0.0,9.1,0.0,8.0,0.0,2025-03-10,3
8.6,0.0,9.8,0.0,8.5,0.0,7.6,0.0,2025-03-10,4
8.3,0.0,9.6,0.0,8.1,0.0,7.3,0.0,2025-03-10,5
7.2,0.0,7.0,0.0,7.6,0.0,7.9,0.0,2025-03-10,6
6.6,0.0,6.7,0.0,7.1,0.0,7.3,0.0,2025-03-10,7
6.9,13.0,8.9,40.0,8.0,53.0,8.7,62.0,2025-03-10,8
8.1,147.0,12.5,225.0,11.6,251.0,12.1,265.0,2025-03-10,9
10.0,329.0,15.3,439.0,16.2,470.0,14.1,479.0,2025-03-10,10
12.4,515.0,18.1,624.0,18.9,657.0,16.1,659.0,2025-03-10,11
14.6,645.0,20.4,759.0,19.9,791.0,17.9,785.0,2025-03-10,12
16.6,723.0,21.7,830.0,19.2,859.0,19.2,849.0,2025-03-10,13
17.8,694.0,22.3,820.0,18.9,857.0,20.1,841.0,2025-03-10,14
18.5,594.0,21.7,718.0,18.6,785.0,20.5,766.0,2025-03-10,15
19.0,537.0,20.5,542.0,17.7,596.0,20.5,620.0,2025-03-10,16
19.2,444.0,19.1,424.0,16.7,440.0,20.3,431.0,2025-03-10,17
19.4,265.0,18.3,213.0,16.2,237.0,18.5,220.0,2025-03-10,18
17.1,77.0,16.0,51.0,14.9,42.0,16.3,34.0,2025-03-10,19
15.2,0.0,14.4,0.0,14.3,0.0,14.1,0.0,2025-03-10,20
14.6,0.0,13.8,0.0,13.8,0.0,11.8,0.0,2025-03-10,21
13.9,0.0,13.6,0.0,13.5,0.0,10.7,0.0,2025-03-10,22
12.8,0.0,13.4,0.0,13.2,0.0,10.4,0.0,2025-03-10,23
11.2,0.0,12.8,0.0,12.9,0.0,10.7,0.0,2025-03-11,0
10.2,0.0,11.4,0.0,12.6,0.0,11.0,0.0,2025-03-11,1
9.4,0.0,11.1,0.0,12.6,0.0,10.7,0.0,2025-03-11,2
8.9,0.0,11.2,0.0,12.1,0.0,10.5,0.0,2025-03-11,3
8.5,0.0,11.5,0.0,11.6,0.0,9.8,0.0,2025-03-11,4
7.9,0.0,11.4,0.0,10.4,0.0,9.6,0.0,2025-03-11,5
7.0,0.0,12.7,0.0,12.2,0.0,9.4,0.0,2025-03-11,6
6.5,0.0,12.4,0.0,11.5,0.0,9.2,0.0,2025-03-11,7
7.0,16.0,11.6,12.0,10.7,26.0,10.3,56.0,2025-03-11,8
8.9,159.0,11.5,30.0,12.5,84.0,12.8,215.0,2025-03-11,9
11.8,355.0,13.5,144.0,13.6,199.0,15.0,461.0,2025-03-11,10
14.5,534.0,14.2,355.0,14.4,324.0,16.4,540.0,2025-03-11,11
16.6,671.0,13.6,291.0,14.6,236.0,18.0,733.0,2025-03-11,12
18.3,752.0,14.3,239.0,13.8,124.0,17.7,565.0,2025-03-11,13
19.3,767.0,15.9,310.0,14.5,188.0,17.1,500.0,2025-03-11,14
19.4,718.0,16.0,271.0,14.8,256.0,17.1,501.0,2025-03-11,15
18.7,608.0,16.0,315.0,14.8,224.0,17.2,436.0,2025-03-11,16
17.8,446.0,16.5,416.0,14.3,122.0,16.8,259.0,2025-03-11,17
17.0,257.0,14.7,103.0,13.5,21.0,14.8,124.0,2025-03-11,18
15.1,72.0,13.7,45.0,13.3,3.0,12.7,30.0,2025-03-11,19
13.9,0.0,13.1,0.0,13.2,0.0,11.9,0.0,2025-03-11,20
12.8,0.0,12.9,0.0,13.2,0.0,11.1,0.0,2025-03-11,21
11.8,0.0,11.3,0.0,12.6,0.0,10.1,0.0,2025-03-11,22
11.0,0.0,11.5,0.0,12.3,0.0,9.1,0.0,2025-03-11,23
10.5,0.0,11.5,0.0,12.7,0.0,8.1,0.0,2025-03-12,0
10.6,0.0,11.2,0.0,13.3,0.0,7.5,0.0,2025-03-12,1
10.8,0.0,10.3,0.0,13.3,0.0,7.3,0.0,2025-03-12,2
10.9,0.0,10.5,0.0,13.2,0.0,7.0,0.0,2025-03-12,3
10.8,0.0,11.6,0.0,13.3,0.0,6.3,0.0,2025-03-12,4
10.7,0.0,12.0,0.0,13.2,0.0,5.6,0.0,2025-03-12,5
11.5,0.0,11.7,0.0,13.7,0.0,5.8,0.0,2025-03-12,6
11.5,0.0,12.0,0.0,13.6,0.0,5.9,0.0,2025-03-12,7
11.4,8.0,12.4,11.0,14.1,25.0,8.5,63.0,2025-03-12,8
12.2,64.0,13.0,54.0,15.0,116.0,11.0,249.0,2025-03-12,9
12.3,80.0,13.7,126.0,15.5,293.0,13.0,417.0,2025-03-12,10
12.8,152.0,15.5,314.0,15.8,428.0,14.5,573.0,2025-03-12,11
14.7,326.0,17.0,569.0,15.7,510.0,15.1,516.0,2025-03-12,12
14.5,258.0,17.7,597.0,15.9,446.0,16.1,458.0,2025-03-12,13
13.5,172.0,17.2,461.0,15.9,431.0,16.7,552.0,2025-03-12,14
13.0,102.0,16.7,557.0,16.6,665.0,16.4,365.0,2025-03-12,15
12.3,45.0,16.7,513.0,15.9,597.0,16.4,287.0,2025-03-12,16
11.4,22.0,15.8,323.0,15.4,387.0,16.5,231.0,2025-03-12,17
9.8,23.0,14.4,173.0,14.1,187.0,15.9,121.0,2025-03-12,18
9.8,9.0,13.8,34.0,13.7,30.0,14.6,26.0,2025-03-12,19
9.1,0.0,13.2,0.0,13.2,0.0,14.0,0.0,2025-03-12,20
8.9,0.0,12.3,0.0,12.9,0.0,13.2,0.0,2025-03-12,21
8.5,0.0,12.3,0.0,12.7,0.0,12.5,0.0,2025-03-12,22
8.1,0.0,12.3,0.0,12.6,0.0,12.2,0.0,2025-03-12,23
7.6,0.0,11.9,0.0,12.3,0.0,11.7,0.0,2025-03-13,0
7.2,0.0,12.1,0.0,12.7,0.0,11.5,0.0,2025-03-13,1
7.0,0.0,11.9,0.0,12.8,0.0,11.1,0.0,2025-03-13,2
6.9,0.0,12.1,0.0,13.0,0.0,10.5,0.0,2025-03-13,3
6.6,0.0,11.8,0.0,13.0,0.0,9.6,0.0,2025-03-13,4
6.6,0.0,11.4,0.0,12.8,0.0,9.4,0.0,2025-03-13,5
6.6,0.0,9.5,0.0,13.1,0.0,9.7,0.0,2025-03-13,6
6.1,0.0,9.4,0.0,10.3,0.0,9.2,0.0,2025-03-13,7
6.4,14.0,9.6,14.0,10.4,4.0,8.2,7.0,2025-03-13,8
7.5,119.0,9.8,97.0,10.5,25.0,6.8,25.0,2025-03-13,9
8.7,300.0,9.9,184.0,10.5,85.0,7.4,80.0,2025-03-13,10
10.1,498.0,12.2,610.0,10.8,163.0,8.3,181.0,2025-03-13,11
11.0,532.0,12.1,604.0,11.0,511.0,9.0,667.0,2025-03-13,12
11.1,336.0,12.9,692.0,12.8,639.0,9.7,679.0,2025-03-13,13
10.4,198.0,12.9,681.0,12.6,474.0,10.4,739.0,2025-03-13,14
11.5,286.0,13.3,667.0,12.5,675.0,11.4,699.0,2025-03-13,15
11.9,276.0,12.9,515.0,12.1,602.0,11.2,572.0,2025-03-13,16
10.7,381.0,12.4,395.0,12.3,385.0,7.3,317.0,2025-03-13,17
11.9,239.0,11.8,255.0,12.0,212.0,5.3,122.0,2025-03-13,18
10.3,76.0,10.7,56.0,11.5,47.0,5.4,17.0,2025-03-13,19
9.2,1.0,10.1,0.0,11.5,0.0,4.4,0.0,2025-03-13,20
8.0,0.0,9.2,0.0,11.4,0.0,4.1,0.0,2025-03-13,21
7.3,0.0,8.4,0.0,11.2,0.0,4.1,0.0,2025-03-13,22
7.0,0.0,7.9,0.0,11.1,0.0,3.6,0.0,2025-03-13,23
6.9,0.0,7.5,0.0,11.2,0.0,3.3,0.0,2025-03-14,0
6.7,0.0,7.0,0.0,11.2,0.0,2.5,0.0,2025-03-14,1
6.4,0.0,6.1,0.0,11.3,0.0,2.0,0.0,2025-03-14,2
6.2,0.0,5.9,0.0,11.0,0.0,1.9,0.0,2025-03-14,3
6.4,0.0,5.4,0.0,10.9,0.0,1.6,0.0,2025-03-14,4
6.6,0.0,4.6,0.0,11.0,0.0,1.3,0.0,2025-03-14,5
6.5,0.0,5.6,0.0,10.8,0.0,0.7,0.0,2025-03-14,6
6.0,0.0,6.0,0.0,10.7,0.0,1.0,0.0,2025-03-14,7
5.6,4.0,7.3,8.0,11.2,20.0,2.6,56.0,2025-03-14,8
5.9,24.0,7.8,29.0,12.2,126.0,3.7,196.0,2025-03-14,9
6.2,66.0,8.5,84.0,12.2,91.0,4.8,365.0,2025-03-14,10
6.1,82.0,9.4,190.0,12.4,158.0,6.0,420.0,2025-03-14,11
7.1,320.0,9.2,165.0,12.1,136.0,5.8,283.0,2025-03-14,12
8.0,314.0,9.4,153.0,11.9,138.0,6.9,513.0,2025-03-14,13
9.1,415.0,10.5,224.0,12.0,151.0,7.5,556.0,2025-03-14,14
9.7,437.0,10.5,167.0,12.2,152.0,7.5,478.0,2025-03-14,15
9.7,265.0,10.3,123.0,12.5,145.0,6.6,262.0,2025-03-14,16
9.3,259.0,10.1,67.0,12.2,74.0,7.0,143.0,2025-03-14,17
10.9,204.0,10.0,59.0,11.9,46.0,6.9,49.0,2025-03-14,18
9.1,64.0,9.7,15.0,12.2,9.0,6.5,16.0,2025-03-14,19
7.5,1.0,9.9,0.0,12.9,0.0,6.0,0.0,2025-03-14,20
7.0,0.0,10.1,0.0,13.7,0.0,6.3,0.0,2025-03-14,21
7.0,0.0,9.5,0.0,13.7,0.0,5.4,0.0,2025-03-14,22
7.0,0.0,9.1,0.0,12.9,0.0,4.5,0.0,2025-03-14,23
6.9,0.0,8.8,0.0,12.5,0.0,4.0,0.0,2025-03-15,0
6.7,0.0,8.5,0.0,12.0,0.0,3.5,0.0,2025-03-15,1
6.4,0.0,8.4,0.0,11.8,0.0,2.6,0.0,2025-03-15,2
6.1,0.0,8.4,0.0,11.6,0.0,1.7,0.0,2025-03-15,3
5.9,0.0,8.2,0.0,11.5,0.0,1.1,0.0,2025-03-15,4
5.6,0.0,8.8,0.0,11.5,0.0,0.9,0.0,2025-03-15,5
7.4,0.0,6.4,0.0,10.7,0.0,2.3,0.0,2025-03-15,6
7.5,0.0,7.3,0.0,10.0,0.0,2.5,0.0,2025-03-15,7
7.7,9.0,9.9,47.0,11.1,56.0,4.0,76.0,2025-03-15,8
8.5,98.0,11.8,219.0,12.4,211.0,7.0,278.0,2025-03-15,9
8.8,88.0,12.5,404.0,13.8,462.0,8.9,484.0,2025-03-15,10
11.2,291.0,13.8,590.0,14.9,632.0,10.5,662.0,2025-03-15,11
13.4,615.0,15.5,734.0,15.7,688.0,11.7,783.0,2025-03-15,12
14.1,550.0,17.2,824.0,15.9,758.0,12.8,841.0,2025-03-15,13
15.0,556.0,17.6,835.0,15.9,852.0,13.6,831.0,2025-03-15,14
15.0,464.0,16.8,769.0,16.0,778.0,14.2,757.0,2025-03-15,15
14.5,280.0,16.0,637.0,15.8,643.0,14.7,621.0,2025-03-15,16
14.4,316.0,15.3,455.0,15.2,460.0,14.4,432.0,2025-03-15,17
14.0,169.0,14.5,253.0,14.2,249.0,13.4,226.0,2025-03-15,18
12.7,62.0,12.9,61.0,12.9,54.0,10.8,42.0,2025-03-15,19
11.1,1.0,12.0,0.0,12.4,0.0,9.2,0.0,2025-03-15,20
10.5,0.0,11.6,0.0,11.8,0.0,8.1,0.0,2025-03-15,21
9.8,0.0,10.7,0.0,10.8,0.0,7.1,0.0,2025-03-15,22
9.1,0.0,10.0,0.0,10.2,0.0,6.7,0.0,2025-03-15,23
8.4,0.0,9.5,0.0,9.7,0.0,7.0,0.0,2025-03-16,0
8.0,0.0,9.1,0.0,9.2,0.0,6.9,0.0,2025-03-16,1
7.6,0.0,9.0,0.0,8.5,0.0,6.7,0.0,2025-03-16,2
7.2,0.0,9.0,0.0,8.0,0.0,6.3,0.0,2025-03-16,3
6.7,0.0,8.8,0.0,7.9,0.0,5.9,0.0,2025-03-16,4
6.3,0.0,8.4,0.0,7.3,0.0,5.5,0.0,2025-03-16,5
6.8,0.0,8.1,0.0,7.4,0.0,5.6,0.0,2025-03-16,6
6.3,0.0,8.1,0.0,7.3,0.0,5.1,0.0,2025-03-16,7
6.8,24.0,9.5,54.0,8.8,69.0,6.8,82.0,2025-03-16,8
8.4,160.0,11.5,218.0,11.6,233.0,9.2,286.0,2025-03-16,9
10.9,373.0,13.5,396.0,13.8,416.0,11.5,492.0,2025-03-16,10
13.4,550.0,15.3,568.0,15.5,651.0,14.0,662.0,2025-03-16,11
14.7,588.0,16.9,717.0,16.6,770.0,16.0,755.0,2025-03-16,12
16.0,609.0,18.2,769.0,16.7,800.0,16.9,750.0,2025-03-16,13
16.5,508.0,19.3,808.0,16.3,801.0,17.8,751.0,2025-03-16,14
16.4,320.0,19.7,754.0,16.1,718.0,18.5,655.0,2025-03-16,15
16.8,253.0,19.0,557.0,16.0,620.0,18.8,556.0,2025-03-16,16
16.5,102.0,17.3,355.0,15.4,438.0,18.6,391.0,2025-03-16,17
16.2,105.0,16.1,214.0,15.1,232.0,17.3,216.0,2025-03-16,18
15.0,31.0,14.4,54.0,13.4,50.0,14.2,40.0,2025-03-16,19
14.4,0.0,13.4,0.0,12.3,0.0,13.2,0.0,2025-03-16,20
13.5,0.0,12.5,0.0,11.9,0.0,12.6,0.0,2025-03-16,21
12.9,0.0,11.4,0.0,11.6,0.0,12.4,0.0,2025-03-16,22
12.7,0.0,10.9,0.0,11.6,0.0,11.6,0.0,2025-03-16,23
12.6,0.0,10.5,0.0,11.3,0.0,11.3,0.0,2025-03-17,0
12.2,0.0,10.4,0.0,10.8,0.0,10.5,0.0,2025-03-17,1
12.0,0.0,9.8,0.0,10.6,0.0,10.6,0.0,2025-03-17,2
11.9,0.0,9.9,0.0,9.9,0.0,10.7,0.0,2025-03-17,3
11.6,0.0,9.9,0.0,9.8,0.0,10.8,0.0,2025-03-17,4
11.3,0.0,9.6,0.0,9.5,0.0,10.9,0.0,2025-03-17,5
10.0,0.0,9.9,0.0,10.2,0.0,11.7,0.0,2025-03-17,6
9.8,0.0,9.8,0.0,10.2,0.0,11.9,0.0,2025-03-17,7
9.9,5.0,10.4,41.0,11.5,46.0,12.8,56.0,2025-03-17,8
10.4,72.0,12.0,203.0,12.8,152.0,14.8,195.0,2025-03-17,9
10.9,162.0,13.9,427.0,14.1,319.0,16.3,410.0,2025-03-17,10
11.3,316.0,15.7,619.0,15.2,593.0,17.5,660.0,2025-03-17,11
13.7,640.0,17.3,770.0,15.9,738.0,18.8,761.0,2025-03-17,12
12.5,619.0,18.5,854.0,16.0,736.0,19.4,840.0,2025-03-17,13
13.3,626.0,18.6,775.0,15.8,743.0,20.0,840.0,2025-03-17,14
12.4,487.0,15.4,297.0,16.3,774.0,20.9,763.0,2025-03-17,15
13.1,410.0,14.5,138.0,16.1,645.0,20.0,604.0,2025-03-17,16
12.0,378.0,14.3,104.0,15.6,458.0,19.1,416.0,2025-03-17,17
10.3,126.0,14.3,69.0,14.5,250.0,15.1,130.0,2025-03-17,18
9.3,46.0,13.8,49.0,14.1,27.0,13.7,29.0,2025-03-17,19
9.0,1.0,12.5,0.0,13.9,0.0,12.2,0.0,2025-03-17,20
8.3,0.0,11.3,0.0,13.7,0.0,11.5,0.0,2025-03-17,21
7.4,0.0,10.8,0.0,13.2,0.0,10.0,0.0,2025-03-17,22
7.4,0.0,10.3,0.0,12.6,0.0,8.2,0.0,2025-03-17,23
7.0,0.0,9.7,0.0,12.3,0.0,6.7,0.0,2025-03-18,0
7.3,0.0,8.9,0.0,12.0,0.0,7.5,0.0,2025-03-18,1
6.1,0.0,7.9,0.0,11.7,0.0,7.3,0.0,2025-03-18,2
5.6,0.0,7.6,0.0,11.4,0.0,5.6,0.0,2025-03-18,3
5.1,0.0,7.6,0.0,11.3,0.0,5.1,0.0,2025-03-18,4
4.6,0.0,7.9,0.0,11.2,0.0,4.7,0.0,2025-03-18,5
4.1,0.0,8.1,0.0,11.4,0.0,4.2,0.0,2025-03-18,6
3.4,0.0,7.9,0.0,11.2,0.0,6.0,0.0,2025-03-18,7
4.6,29.0,8.9,60.0,11.6,68.0,7.2,74.0,2025-03-18,8
6.1,163.0,10.8,243.0,12.8,256.0,8.9,295.0,2025-03-18,9
8.0,342.0,12.8,462.0,14.0,496.0,10.2,508.0,2025-03-18,10
10.4,525.0,14.7,652.0,14.7,680.0,11.9,693.0,2025-03-18,11
11.9,663.0,16.9,789.0,15.2,814.0,13.4,821.0,2025-03-18,12
13.1,756.0,18.5,855.0,15.6,882.0,14.6,883.0,2025-03-18,13
14.0,793.0,19.7,858.0,15.7,878.0,15.0,876.0,2025-03-18,14
14.8,757.0,20.2,792.0,15.8,801.0,15.1,797.0,2025-03-18,15
15.0,645.0,20.2,665.0,15.8,665.0,15.6,653.0,2025-03-18,16
14.9,481.0,19.7,485.0,15.4,478.0,15.4,463.0,2025-03-18,17
14.3,274.0,18.2,271.0,15.0,258.0,15.1,246.0,2025-03-18,18
12.6,99.0,15.5,70.0,13.8,59.0,13.3,50.0,2025-03-18,19
11.6,2.0,14.1,0.0,13.1,0.0,11.4,0.0,2025-03-18,20
10.7,0.0,13.1,0.0,12.5,0.0,9.9,0.0,2025-03-18,21
10.0,0.0,11.8,0.0,11.7,0.0,8.4,0.0,2025-03-18,22
9.2,0.0,10.4,0.0,10.9,0.0,6.8,0.0,2025-03-18,23
8.6,0.0,9.0,0.0,10.1,0.0,6.0,0.0,2025-03-19,0
7.7,0.0,8.0,0.0,9.5,0.0,5.5,0.0,2025-03-19,1
6.7,0.0,7.5,0.0,9.1,0.0,4.9,0.0,2025-03-19,2
6.4,0.0,7.3,0.0,8.9,0.0,4.2,0.0,2025-03-19,3
5.6,0.0,7.0,0.0,8.6,0.0,3.5,0.0,2025-03-19,4
4.9,0.0,6.8,0.0,8.2,0.0,2.9,0.0,2025-03-19,5
4.2,0.0,6.4,0.0,8.9,0.0,2.3,0.0,2025-03-19,6
4.4,0.0,5.8,0.0,8.7,0.0,2.1,1.0,2025-03-19,7
4.6,25.0,7.5,67.0,10.3,80.0,5.0,96.0,2025-03-19,8
6.2,143.0,11.7,267.0,13.3,288.0,7.5,308.0,2025-03-19,9
8.9,342.0,15.1,480.0,16.6,506.0,8.6,519.0,2025-03-19,10
11.1,509.0,19.0,663.0,18.9,689.0,10.1,693.0,2025-03-19,11
12.4,562.0,21.7,795.0,19.9,817.0,12.0,814.0,2025-03-19,12
13.9,641.0,23.4,863.0,20.5,879.0,13.5,870.0,2025-03-19,13
14.1,421.0,24.6,862.0,20.9,872.0,14.7,860.0,2025-03-19,14
14.5,424.0,25.0,793.0,21.3,797.0,15.5,783.0,2025-03-19,15
15.0,522.0,24.9,663.0,21.2,663.0,16.2,645.0,2025-03-19,16
14.3,304.0,24.4,483.0,20.5,477.0,16.3,459.0,2025-03-19,17
14.5,153.0,24.0,270.0,20.6,261.0,15.6,244.0,2025-03-19,18
13.0,26.0,21.5,63.0,18.7,61.0,13.5,49.0,2025-03-19,19
12.0,1.0,19.6,0.0,17.2,0.0,12.7,0.0,2025-03-19,20
10.9,0.0,18.1,0.0,16.0,0.0,11.9,0.0,2025-03-19,21
10.1,0.0,17.1,0.0,14.9,0.0,11.6,0.0,2025-03-19,22
9.9,0.0,15.0,0.0,14.1,0.0,11.1,0.0,2025-03-19,23
9.3,0.0,13.3,0.0,12.7,0.0,11.2,0.0,2025-03-20,0
8.8,0.0,12.2,0.0,11.4,0.0,10.2,0.0,2025-03-20,1
7.8,0.0,11.4,0.0,10.4,0.0,9.4,0.0,2025-03-20,2
6.6,0.0,10.7,0.0,9.9,0.0,8.8,0.0,2025-03-20,3
6.4,0.0,10.3,0.0,9.3,0.0,8.0,0.0,2025-03-20,4
5.9,0.0,10.0,0.0,8.8,0.0,7.6,0.0,2025-03-20,5
7.2,0.0,9.8,0.0,8.7,0.0,8.3,0.0,2025-03-20,6
6.5,0.0,10.4,0.0,7.6,0.0,8.2,1.0,2025-03-20,7
6.8,24.0,12.7,72.0,9.4,86.0,10.5,93.0,2025-03-20,8
8.3,159.0,15.9,276.0,13.4,297.0,13.4,312.0,2025-03-20,9
9.8,308.0,18.6,491.0,15.8,512.0,14.9,522.0,2025-03-20,10
12.0,543.0,21.2,675.0,17.8,695.0,15.9,694.0,2025-03-20,11
13.0,544.0,23.3,808.0,18.6,827.0,16.8,787.0,2025-03-20,12
14.3,737.0,25.0,878.0,18.4,891.0,17.9,866.0,2025-03-20,13
15.2,720.0,25.9,876.0,18.6,888.0,18.8,866.0,2025-03-20,14
15.9,673.0,25.2,806.0,18.7,818.0,19.6,759.0,2025-03-20,15
16.4,631.0,23.4,674.0,18.2,681.0,20.1,624.0,2025-03-20,16
16.4,483.0,21.7,487.0,17.1,491.0,20.0,458.0,2025-03-20,17
15.7,280.0,19.6,274.0,15.3,269.0,19.2,238.0,2025-03-20,18
14.3,98.0,18.2,73.0,13.7,64.0,17.4,52.0,2025-03-20,19
13.1,2.0,17.0,0.0,12.8,0.0,16.0,0.0,2025-03-20,20
12.4,0.0,16.2,0.0,12.5,0.0,13.8,0.0,2025-03-20,21
12.1,0.0,15.4,0.0,11.9,0.0,12.4,0.0,2025-03-20,22
11.1,0.0,14.8,0.0,11.5,0.0,11.6,0.0,2025-03-20,23
10.2,0.0,13.4,0.0,10.8,0.0,11.0,0.0,2025-03-21,0
9.8,0.0,12.4,0.0,9.9,0.0,10.8,0.0,2025-03-21,1
9.0,0.0,11.5,0.0,9.3,0.0,10.5,0.0,2025-03-21,2
8.2,0.0,10.3,0.0,9.0,0.0,10.0,0.0,2025-03-21,3
7.4,0.0,9.4,0.0,8.9,0.0,9.7,0.0,2025-03-21,4
7.0,0.0,8.9,0.0,8.6,0.0,9.5,0.0,2025-03-21,5
7.6,0.0,9.8,0.0,8.3,0.0,8.5,0.0,2025-03-21,6
7.0,0.0,9.5,0.0,8.3,0.0,8.0,1.0,2025-03-21,7
8.0,29.0,11.4,72.0,10.3,88.0,10.5,98.0,2025-03-21,8
9.3,91.0,14.9,264.0,13.4,297.0,13.8,303.0,2025-03-21,9
10.1,117.0,17.8,477.0,15.9,512.0,15.9,516.0,2025-03-21,10
10.7,165.0,20.6,664.0,17.9,693.0,17.8,685.0,2025-03-21,11
11.5,208.0,23.1,797.0,19.1,822.0,19.4,813.0,2025-03-21,12
13.1,390.0,24.9,864.0,19.6,888.0,20.7,864.0,2025-03-21,13
13.5,270.0,25.9,866.0,19.2,882.0,21.7,834.0,2025-03-21,14
15.1,544.0,25.1,797.0,18.3,807.0,22.4,755.0,2025-03-21,15
15.3,386.0,23.5,664.0,17.7,668.0,22.7,643.0,2025-03-21,16
15.3,381.0,22.2,483.0,17.0,481.0,22.6,463.0,2025-03-21,17
14.5,50.0,21.5,274.0,16.3,266.0,21.5,247.0,2025-03-21,18
13.7,11.0,19.2,75.0,15.0,65.0,19.3,54.0,2025-03-21,19
13.7,0.0,17.0,0.0,14.2,0.0,17.9,0.0,2025-03-21,20
13.4,0.0,15.4,0.0,13.6,0.0,16.7,0.0,2025-03-21,21
11.9,0.0,14.5,0.0,13.1,0.0,15.3,0.0,2025-03-21,22
11.4,0.0,14.4,0.0,12.8,0.0,14.5,0.0,2025-03-21,23
10.9,0.0,14.1,0.0,12.1,0.0,14.4,0.0,2025-03-22,0
10.7,0.0,13.6,0.0,11.7,0.0,13.7,0.0,2025-03-22,1
10.0,0.0,13.3,0.0,11.1,0.0,13.1,0.0,2025-03-22,2
9.5,0.0,12.8,0.0,10.4,0.0,12.3,0.0,2025-03-22,3
8.7,0.0,12.5,0.0,9.9,0.0,11.6,0.0,2025-03-22,4
8.3,0.0,12.3,0.0,9.8,0.0,10.6,0.0,2025-03-22,5
9.0,0.0,11.9,0.0,9.8,0.0,11.2,0.0,2025-03-22,6
9.8,0.0,11.4,0.0,9.7,1.0,11.2,1.0,2025-03-22,7
10.3,13.0,12.9,75.0,11.9,90.0,12.3,86.0,2025-03-22,8
11.0,83.0,15.5,271.0,14.0,296.0,15.1,284.0,2025-03-22,9
13.2,370.0,18.0,481.0,16.4,508.0,16.9,452.0,2025-03-22,10
15.1,573.0,20.6,661.0,18.6,688.0,18.1,569.0,2025-03-22,11
15.7,399.0,23.2,791.0,19.6,816.0,19.3,664.0,2025-03-22,12
15.4,215.0,25.2,857.0,19.3,879.0,20.6,731.0,2025-03-22,13
15.9,299.0,24.8,854.0,18.9,874.0,21.5,631.0,2025-03-22,14
16.3,367.0,23.2,784.0,18.4,800.0,22.4,577.0,2025-03-22,15
16.3,356.0,22.8,651.0,17.9,663.0,22.5,441.0,2025-03-22,16
16.7,427.0,22.1,472.0,17.3,477.0,22.6,346.0,2025-03-22,17
16.5,192.0,20.5,255.0,15.8,264.0,22.1,203.0,2025-03-22,18
15.1,93.0,18.9,72.0,14.4,65.0,21.3,25.0,2025-03-22,19
13.5,3.0,17.4,0.0,13.8,0.0,20.2,0.0,2025-03-22,20
13.0,0.0,16.4,0.0,13.3,0.0,18.4,0.0,2025-03-22,21
12.3,0.0,15.5,0.0,13.0,0.0,17.3,0.0,2025-03-22,22
12.0,0.0,15.0,0.0,12.9,0.0,16.3,0.0,2025-03-22,23
11.3,0.0,14.6,0.0,12.7,0.0,15.3,0.0,2025-03-23,0
10.8,0.0,14.0,0.0,12.3,0.0,14.5,0.0,2025-03-23,1
9.9,0.0,13.6,0.0,11.9,0.0,14.1,0.0,2025-03-23,2
9.5,0.0,13.2,0.0,11.4,0.0,14.0,0.0,2025-03-23,3
9.1,0.0,12.7,0.0,11.1,0.0,13.6,0.0,2025-03-23,4
9.1,0.0,12.2,0.0,10.7,0.0,12.9,0.0,2025-03-23,5
9.6,0.0,12.0,0.0,12.1,0.0,11.8,0.0,2025-03-23,6
9.4,0.0,11.9,0.0,12.1,0.0,11.5,2.0,2025-03-23,7
9.7,44.0,13.2,68.0,12.9,47.0,14.2,106.0,2025-03-23,8
11.1,218.0,14.2,247.0,14.0,221.0,17.4,311.0,2025-03-23,9
13.2,410.0,16.3,458.0,15.7,427.0,19.8,518.0,2025-03-23,10
15.2,590.0,18.7,648.0,17.4,651.0,21.7,690.0,2025-03-23,11
16.9,722.0,21.1,782.0,18.1,801.0,23.1,811.0,2025-03-23,12
18.6,798.0,23.3,854.0,18.2,870.0,24.4,869.0,2025-03-23,13
19.9,808.0,25.2,854.0,17.9,864.0,25.4,860.0,2025-03-23,14
20.7,755.0,25.6,785.0,17.9,790.0,25.9,781.0,2025-03-23,15
21.3,648.0,25.0,659.0,17.7,655.0,26.1,648.0,2025-03-23,16
21.5,488.0,23.5,477.0,17.5,470.0,26.0,464.0,2025-03-23,17
21.2,299.0,21.2,271.0,16.0,261.0,25.6,251.0,2025-03-23,18
19.3,108.0,18.9,75.0,15.0,65.0,23.7,57.0,2025-03-23,19
17.7,4.0,17.2,0.0,14.4,0.0,21.7,0.0,2025-03-23,20
16.5,0.0,16.1,0.0,14.0,0.0,18.6,0.0,2025-03-23,21
15.4,0.0,15.2,0.0,13.6,0.0,17.3,0.0,2025-03-23,22
14.7,0.0,14.8,0.0,13.2,0.0,16.5,0.0,2025-03-23,23
14.5,0.0,14.3,0.0,12.8,0.0,15.5,0.0,2025-03-24,0
13.7,0.0,13.8,0.0,12.5,0.0,15.0,0.0,2025-03-24,1
13.4,0.0,13.3,0.0,12.0,0.0,14.5,0.0,2025-03-24,2
12.8,0.0,13.0,0.0,11.4,0.0,13.8,0.0,2025-03-24,3
11.7,0.0,12.8,0.0,11.5,0.0,13.2,0.0,2025-03-24,4
11.6,0.0,12.9,0.0,11.3,0.0,12.7,0.0,2025-03-24,5
11.3,0.0,11.8,0.0,11.4,0.0,12.7,0.0,2025-03-24,6
10.5,0.0,10.8,0.0,11.4,1.0,12.5,3.0,2025-03-24,7
10.9,41.0,12.9,84.0,12.5,79.0,15.6,117.0,2025-03-24,8
12.8,192.0,17.2,288.0,15.1,288.0,19.1,329.0,2025-03-24,9
15.2,362.0,20.4,499.0,18.3,513.0,21.2,538.0,2025-03-24,10
17.5,579.0,24.6,680.0,21.1,699.0,22.8,710.0,2025-03-24,11
19.6,716.0,28.5,812.0,22.2,829.0,24.3,829.0,2025-03-24,12
21.2,793.0,31.7,881.0,21.7,892.0,25.8,886.0,2025-03-24,13
22.4,807.0,32.8,877.0,20.1,886.0,27.0,874.0,2025-03-24,14
23.1,757.0,30.4,796.0,19.2,808.0,27.9,796.0,2025-03-24,15
23.5,649.0,29.0,674.0,18.5,669.0,28.3,657.0,2025-03-24,16
23.6,492.0,27.0,493.0,18.3,481.0,28.3,471.0,2025-03-24,17
24.2,304.0,22.4,280.0,16.9,260.0,28.0,258.0,2025-03-24,18
22.1,111.0,19.8,80.0,16.2,68.0,26.0,60.0,2025-03-24,19
20.3,4.0,18.7,0.0,15.5,0.0,23.3,0.0,2025-03-24,20
19.2,0.0,18.0,0.0,15.3,0.0,21.7,0.0,2025-03-24,21
18.3,0.0,16.8,0.0,15.2,0.0,20.0,0.0,2025-03-24,22
17.7,0.0,16.0,0.0,14.8,0.0,18.8,0.0,2025-03-24,23
16.8,0.0,15.1,0.0,14.5,0.0,17.7,0.0,2025-03-25,0
16.1,0.0,14.8,0.0,14.7,0.0,16.8,0.0,2025-03-25,1
14.7,0.0,14.6,0.0,14.5,0.0,16.2,0.0,2025-03-25,2
13.2,0.0,14.4,0.0,13.8,0.0,15.5,0.0,2025-03-25,3
12.4,0.0,14.0,0.0,13.9,0.0,14.8,0.0,2025-03-25,4
11.7,0.0,13.5,0.0,13.2,0.0,14.5,0.0,2025-03-25,5
11.2,0.0,12.8,0.0,12.4,0.0,14.3,0.0,2025-03-25,6
11.0,0.0,13.0,0.0,13.6,1.0,14.2,4.0,2025-03-25,7
11.5,51.0,14.2,87.0,14.0,44.0,17.2,121.0,2025-03-25,8
13.8,220.0,16.1,288.0,14.4,134.0,20.2,335.0,2025-03-25,9
16.9,418.0,18.7,498.0,16.1,361.0,21.8,543.0,2025-03-25,10
19.5,601.0,21.8,679.0,18.1,600.0,23.3,715.0,2025-03-25,11
21.7,736.0,24.9,809.0,19.4,805.0,25.2,834.0,2025-03-25,12
23.6,813.0,27.2,874.0,20.2,882.0,26.9,889.0,2025-03-25,13
25.1,824.0,27.4,854.0,19.8,885.0,28.0,878.0,2025-03-25,14
25.8,772.0,25.1,785.0,18.9,809.0,28.8,801.0,2025-03-25,15
26.3,660.0,22.1,641.0,18.3,670.0,29.3,662.0,2025-03-25,16
26.3,499.0,19.9,477.0,17.4,483.0,29.1,475.0,2025-03-25,17
26.4,309.0,17.6,274.0,15.2,271.0,28.4,261.0,2025-03-25,18
24.0,113.0,14.9,76.0,14.1,70.0,26.1,62.0,2025-03-25,19
21.9,4.0,13.6,0.0,13.9,0.0,23.4,0.0,2025-03-25,20
20.4,0.0,13.2,0.0,13.6,0.0,21.7,0.0,2025-03-25,21
19.8,0.0,13.0,0.0,13.4,0.0,20.5,0.0,2025-03-25,22
18.9,0.0,12.6,0.0,13.2,0.0,19.5,0.0,2025-03-25,23
17.8,0.0,12.4,0.0,13.6,0.0,18.3,0.0,2025-03-26,0
16.4,0.0,12.1,0.0,13.5,0.0,17.5,0.0,2025-03-26,1
16.1,0.0,11.9,0.0,13.4,0.0,17.3,0.0,2025-03-26,2
15.1,0.0,11.8,0.0,13.3,0.0,16.9,0.0,2025-03-26,3
13.9,0.0,11.8,0.0,13.2,0.0,16.5,0.0,2025-03-26,4
13.5,0.0,12.0,0.0,13.2,0.0,15.9,0.0,2025-03-26,5
13.9,0.0,12.6,0.0,13.1,0.0,15.5,0.0,2025-03-26,6
13.4,0.0,12.9,0.0,13.1,1.0,15.4,4.0,2025-03-26,7
13.8,53.0,13.2,18.0,13.6,60.0,18.2,118.0,2025-03-26,8
15.2,228.0,13.8,86.0,14.5,187.0,21.7,320.0,2025-03-26,9
16.3,419.0,15.1,222.0,15.7,353.0,24.0,503.0,2025-03-26,10
17.1,590.0,16.8,402.0,16.4,406.0,26.3,700.0,2025-03-26,11
18.6,712.0,18.6,586.0,16.2,412.0,27.8,832.0,2025-03-26,12
18.9,720.0,19.3,612.0,16.5,544.0,28.8,898.0,2025-03-26,13
19.2,734.0,19.7,705.0,16.5,508.0,29.7,873.0,2025-03-26,14
19.1,640.0,20.3,759.0,16.5,480.0,30.0,780.0,2025-03-26,15
18.5,493.0,20.1,667.0,16.8,396.0,30.0,669.0,2025-03-26,16
18.1,455.0,18.9,493.0,16.9,364.0,29.5,481.0,2025-03-26,17
17.1,284.0,16.8,259.0,15.0,107.0,28.6,264.0,2025-03-26,18
15.9,107.0,14.9,78.0,14.5,35.0,25.9,64.0,2025-03-26,19
14.6,5.0,13.9,0.0,14.2,0.0,24.5,0.0,2025-03-26,20
14.2,0.0,13.1,0.0,13.6,0.0,23.6,0.0,2025-03-26,21
14.3,0.0,12.3,0.0,13.2,0.0,22.2,0.0,2025-03-26,22
14.1,0.0,11.9,0.0,13.1,0.0,20.9,0.0,2025-03-26,23
13.9,0.0,11.5,0.0,12.9,0.0,19.4,0.0,2025-03-27,0
13.9,0.0,11.3,0.0,12.9,0.0,18.3,0.0,2025-03-27,1
13.8,0.0,11.2,0.0,12.8,0.0,17.5,0.0,2025-03-27,2
13.9,0.0,11.0,0.0,12.6,0.0,16.9,0.0,2025-03-27,3
13.9,0.0,10.6,0.0,12.7,0.0,16.4,0.0,2025-03-27,4
13.9,0.0,10.3,0.0,12.7,0.0,15.4,0.0,2025-03-27,5
14.1,0.0,11.5,0.0,13.3,0.0,15.0,0.0,2025-03-27,6
13.8,0.0,11.3,1.0,13.2,2.0,15.2,4.0,2025-03-27,7
14.1,40.0,12.8,84.0,13.8,64.0,17.4,69.0,2025-03-27,8
15.4,143.0,14.6,278.0,15.0,175.0,20.3,263.0,2025-03-27,9
16.4,232.0,16.5,452.0,15.8,272.0,22.1,453.0,2025-03-27,10
17.5,534.0,18.2,529.0,16.6,428.0,23.7,725.0,2025-03-27,11
17.8,561.0,20.6,674.0,17.9,634.0,25.0,835.0,2025-03-27,12
18.1,633.0,21.5,673.0,18.0,837.0,26.1,856.0,2025-03-27,13
17.1,523.0,22.2,802.0,18.0,868.0,26.5,850.0,2025-03-27,14
17.0,455.0,21.9,757.0,18.1,785.0,26.4,796.0,2025-03-27,15
16.9,473.0,19.6,598.0,18.1,666.0,26.6,660.0,2025-03-27,16
16.7,437.0,18.3,464.0,17.4,483.0,26.5,476.0,2025-03-27,17
15.9,286.0,16.4,238.0,16.0,269.0,24.8,262.0,2025-03-27,18
14.9,106.0,15.2,82.0,15.0,70.0,23.1,66.0,2025-03-27,19
13.9,5.0,14.5,0.0,14.8,0.0,21.9,0.0,2025-03-27,20
13.1,0.0,14.2,0.0,14.9,0.0,20.8,0.0,2025-03-27,21
12.4,0.0,14.5,0.0,14.9,0.0,19.6,0.0,2025-03-27,22
11.9,0.0,14.6,0.0,14.5,0.0,18.3,0.0,2025-03-27,23
11.8,0.0,14.4,0.0,14.4,0.0,17.2,0.0,2025-03-28,0
11.6,0.0,14.1,0.0,14.3,0.0,16.5,0.0,2025-03-28,1
11.5,0.0,13.4,0.0,14.1,0.0,16.3,0.0,2025-03-28,2
11.3,0.0,12.9,0.0,14.0,0.0,15.5,0.0,2025-03-28,3
11.3,0.0,12.6,0.0,13.9,0.0,15.3,0.0,2025-03-28,4
11.2,0.0,12.4,0.0,13.4,0.0,14.8,0.0,2025-03-28,5
10.8,0.0,12.3,0.0,13.3,0.0,14.5,0.0,2025-03-28,6
10.8,0.0,12.5,1.0,12.7,3.0,13.8,4.0,2025-03-28,7
11.4,50.0,13.5,75.0,14.5,108.0,14.1,72.0,2025-03-28,8
12.7,207.0,15.2,272.0,15.8,293.0,14.4,188.0,2025-03-28,9
14.2,407.0,17.2,491.0,16.8,485.0,15.2,421.0,2025-03-28,10
15.3,546.0,19.1,671.0,17.6,653.0,16.0,562.0,2025-03-28,11
15.9,592.0,21.0,688.0,17.8,826.0,17.5,729.0,2025-03-28,12
16.6,627.0,22.8,835.0,17.6,777.0,18.9,830.0,2025-03-28,13
16.8,515.0,21.4,830.0,17.2,669.0,19.9,831.0,2025-03-28,14
16.8,413.0,20.0,679.0,17.0,536.0,20.8,764.0,2025-03-28,15
16.5,432.0,20.4,609.0,16.9,495.0,21.1,663.0,2025-03-28,16
16.6,365.0,20.4,491.0,16.5,375.0,21.0,459.0,2025-03-28,17
15.7,242.0,18.6,267.0,15.4,200.0,19.6,262.0,2025-03-28,18
14.3,105.0,16.7,69.0,14.8,68.0,18.5,69.0,2025-03-28,19
12.7,6.0,15.7,0.0,14.3,0.0,17.2,0.0,2025-03-28,20
11.6,0.0,15.6,0.0,14.1,0.0,16.0,0.0,2025-03-28,21
10.8,0.0,15.1,0.0,14.0,0.0,14.8,0.0,2025-03-28,22
10.1,0.0,14.6,0.0,13.9,0.0,14.1,0.0,2025-03-28,23
9.4,0.0,14.0,0.0,13.8,0.0,13.2,0.0,2025-03-29,0
8.8,0.0,13.3,0.0,13.1,0.0,12.5,0.0,2025-03-29,1
8.3,0.0,12.7,0.0,12.8,0.0,11.4,0.0,2025-03-29,2
7.8,0.0,12.4,0.0,12.6,0.0,10.2,0.0,2025-03-29,3
7.4,0.0,12.1,0.0,12.4,0.0,8.9,0.0,2025-03-29,4
7.0,0.0,12.3,0.0,12.3,0.0,7.8,0.0,2025-03-29,5
6.6,0.0,12.2,0.0,12.3,0.0,8.2,0.0,2025-03-29,6
6.4,0.0,11.6,1.0,12.0,3.0,8.0,7.0,2025-03-29,7
7.6,64.0,12.6,84.0,13.5,108.0,10.0,139.0,2025-03-29,8
9.2,250.0,14.1,241.0,14.7,253.0,11.5,355.0,2025-03-29,9
11.0,453.0,16.4,477.0,15.8,387.0,13.6,566.0,2025-03-29,10
12.7,630.0,18.8,690.0,16.7,488.0,15.9,741.0,2025-03-29,11
14.1,760.0,20.7,848.0,18.0,756.0,18.2,864.0,2025-03-29,12
15.2,805.0,21.4,900.0,18.1,862.0,19.9,924.0,2025-03-29,13
16.0,804.0,20.9,880.0,18.0,886.0,21.0,919.0,2025-03-29,14
16.4,726.0,20.9,737.0,17.8,811.0,21.3,841.0,2025-03-29,15
16.7,576.0,20.2,628.0,17.5,690.0,21.2,696.0,2025-03-29,16
16.4,341.0,18.8,456.0,16.6,502.0,21.0,493.0,2025-03-29,17
16.1,230.0,17.5,246.0,15.4,278.0,20.1,281.0,2025-03-29,18
15.0,85.0,15.8,60.0,14.7,52.0,18.3,73.0,2025-03-29,19
14.1,5.0,14.9,1.0,14.5,0.0,16.8,0.0,2025-03-29,20
13.5,0.0,14.2,0.0,14.1,0.0,15.5,0.0,2025-03-29,21
12.7,0.0,14.0,0.0,13.7,0.0,15.1,0.0,2025-03-29,22
11.9,0.0,13.5,0.0,13.3,0.0,14.0,0.0,2025-03-29,23
11.4,0.0,13.1,0.0,12.3,0.0,14.3,0.0,2025-03-30,0
11.0,0.0,12.8,0.0,12.0,0.0,14.2,0.0,2025-03-30,1
10.7,0.0,12.2,0.0,11.7,0.0,14.4,0.0,2025-03-30,2
10.2,0.0,12.5,0.0,11.6,0.0,14.2,0.0,2025-03-30,3
10.0,0.0,11.7,0.0,11.2,0.0,13.5,0.0,2025-03-30,4
9.8,0.0,12.0,0.0,10.9,0.0,12.1,0.0,2025-03-30,5
10.4,0.0,12.7,0.0,10.8,0.0,12.8,0.0,2025-03-30,6
10.3,0.0,12.2,1.0,10.9,4.0,12.9,5.0,2025-03-30,7
10.6,12.0,12.5,20.0,12.6,111.0,13.7,86.0,2025-03-30,8
11.1,34.0,13.2,118.0,14.0,204.0,14.8,356.0,2025-03-30,9
12.2,97.0,14.4,286.0,15.4,375.0,15.7,565.0,2025-03-30,10
12.8,154.0,15.6,395.0,17.0,669.0,16.9,738.0,2025-03-30,11
12.8,143.0,17.3,638.0,17.7,804.0,18.1,858.0,2025-03-30,12
13.8,232.0,17.7,473.0,18.1,892.0,19.2,914.0,2025-03-30,13
14.7,198.0,18.3,460.0,18.1,861.0,20.0,895.0,2025-03-30,14
16.5,455.0,17.4,309.0,18.3,778.0,20.8,816.0,2025-03-30,15
15.9,162.0,16.4,189.0,17.9,646.0,21.6,678.0,2025-03-30,16
14.6,293.0,16.1,191.0,17.4,485.0,22.2,491.0,2025-03-30,17
17.0,272.0,15.8,89.0,16.3,221.0,22.1,275.0,2025-03-30,18
16.0,95.0,15.3,22.0,15.6,29.0,21.0,71.0,2025-03-30,19
14.8,5.0,14.9,0.0,15.4,0.0,19.2,0.0,2025-03-30,20
13.4,0.0,14.7,0.0,15.2,0.0,17.4,0.0,2025-03-30,21
12.9,0.0,14.7,0.0,15.2,0.0,16.5,0.0,2025-03-30,22
12.6,0.0,14.7,0.0,15.2,0.0,15.9,0.0,2025-03-30,23
12.0,0.0,14.5,0.0,15.1,0.0,15.1,0.0,2025-03-31,0
11.3,0.0,14.3,0.0,14.7,0.0,14.2,0.0,2025-03-31,1
11.9,0.0,14.0,0.0,14.3,0.0,13.6,0.0,2025-03-31,2
12.3,0.0,13.9,0.0,14.2,0.0,13.2,0.0,2025-03-31,3
12.0,0.0,13.9,0.0,14.2,0.0,12.9,0.0,2025-03-31,4
11.7,0.0,13.9,0.0,14.2,0.0,12.7,0.0,2025-03-31,5
11.7,0.0,13.5,0.0,14.3,0.0,13.0,0.0,2025-03-31,6
11.3,0.0,13.6,1.0,14.1,1.0,13.0,9.0,2025-03-31,7
11.5,49.0,13.9,24.0,14.4,31.0,14.4,143.0,2025-03-31,8
12.5,246.0,14.6,85.0,14.6,57.0,15.6,348.0,2025-03-31,9
13.4,407.0,15.9,233.0,15.1,121.0,16.7,526.0,2025-03-31,10
14.2,543.0,17.0,317.0,16.3,263.0,17.9,674.0,2025-03-31,11
15.2,689.0,17.7,394.0,16.3,195.0,19.5,830.0,2025-03-31,12
15.8,756.0,17.4,274.0,16.5,235.0,20.8,820.0,2025-03-31,13
16.0,762.0,19.2,437.0,15.9,120.0,22.1,875.0,2025-03-31,14
15.5,682.0,20.4,639.0,16.6,304.0,22.3,803.0,2025-03-31,15
14.3,582.0,19.8,512.0,16.2,175.0,22.3,663.0,2025-03-31,16
13.8,402.0,18.0,314.0,15.7,64.0,21.3,469.0,2025-03-31,17
12.7,205.0,16.6,221.0,15.6,107.0,19.9,251.0,2025-03-31,18
11.8,118.0,14.9,77.0,15.2,46.0,18.1,65.0,2025-03-31,19
10.5,7.0,14.2,1.0,14.5,0.0,16.4,0.0,2025-03-31,20
10.0,0.0,14.0,0.0,14.8,0.0,15.0,0.0,2025-03-31,21
9.4,0.0,13.3,0.0,14.5,0.0,13.8,0.0,2025-03-31,22
8.6,0.0,12.7,0.0,14.4,0.0,12.8,0.0,2025-03-31,23
8.1,0.0,11.8,0.0,13.6,0.0,12.0,0.0,2025-04-01,0
7.8,0.0,11.4,0.0,13.3,0.0,11.3,0.0,2025-04-01,1
7.8,0.0,11.3,0.0,13.2,0.0,10.5,0.0,2025-04-01,2
7.2,0.0,11.5,0.0,12.9,0.0,9.5,0.0,2025-04-01,3
7.4,0.0,10.9,0.0,12.6,0.0,8.9,0.0,2025-04-01,4
7.3,0.0,10.8,0.0,12.6,0.0,8.2,0.0,2025-04-01,5
7.8,0.0,10.3,0.0,12.8,0.0,8.6,0.0,2025-04-01,6
7.6,0.0,9.9,3.0,12.8,5.0,8.4,9.0,2025-04-01,7
7.8,46.0,10.9,97.0,13.6,126.0,10.0,141.0,2025-04-01,8
8.3,65.0,13.6,289.0,14.4,313.0,11.0,341.0,2025-04-01,9
9.2,164.0,16.3,517.0,15.2,532.0,12.5,578.0,2025-04-01,10
9.5,138.0,17.3,706.0,15.5,634.0,13.8,740.0,2025-04-01,11
10.5,247.0,18.2,812.0,15.6,745.0,14.9,850.0,2025-04-01,12
12.9,551.0,19.6,884.0,15.7,762.0,15.9,904.0,2025-04-01,13
10.8,335.0,19.7,788.0,15.4,716.0,16.9,902.0,2025-04-01,14
13.2,479.0,18.3,637.0,15.4,814.0,17.1,802.0,2025-04-01,15
14.1,578.0,18.3,575.0,14.9,589.0,17.0,640.0,2025-04-01,16
13.3,441.0,17.6,407.0,14.4,368.0,16.5,429.0,2025-04-01,17
12.4,279.0,16.3,253.0,14.4,191.0,15.5,274.0,2025-04-01,18
11.3,101.0,14.8,55.0,13.5,60.0,14.9,78.0,2025-04-01,19
10.1,7.0,14.0,1.0,13.0,0.0,13.3,0.0,2025-04-01,20
8.5,0.0,13.8,0.0,13.0,0.0,12.6,0.0,2025-04-01,21
6.5,0.0,13.1,0.0,13.1,0.0,11.8,0.0,2025-04-01,22
7.0,0.0,12.3,0.0,13.0,0.0,10.5,0.0,2025-04-01,23
7.0,0.0,11.5,0.0,13.0,0.0,9.5,0.0,2025-04-02,0
6.6,0.0,10.3,0.0,12.8,0.0,9.0,0.0,2025-04-02,1
6.2,0.0,9.9,0.0,12.8,0.0,8.4,0.0,2025-04-02,2
5.4,0.0,9.5,0.0,12.5,0.0,7.6,0.0,2025-04-02,3
5.3,0.0,8.7,0.0,12.3,0.0,6.7,0.0,2025-04-02,4
5.0,0.0,8.6,0.0,12.0,0.0,6.0,0.0,2025-04-02,5
4.8,0.0,9.5,0.0,12.3,0.0,5.8,0.0,2025-04-02,6
4.9,1.0,9.4,4.0,12.2,6.0,6.3,5.0,2025-04-02,7
6.1,76.0,11.2,114.0,13.0,124.0,6.8,39.0,2025-04-02,8
8.3,251.0,12.9,325.0,13.6,316.0,8.0,165.0,2025-04-02,9
10.4,464.0,14.3,540.0,14.3,531.0,9.9,349.0,2025-04-02,10
12.2,658.0,15.9,666.0,14.6,672.0,11.7,627.0,2025-04-02,11
13.2,627.0,18.0,857.0,14.9,742.0,13.1,718.0,2025-04-02,12
14.7,839.0,19.1,917.0,15.1,778.0,13.3,474.0,2025-04-02,13
15.6,840.0,19.9,915.0,15.3,797.0,14.0,508.0,2025-04-02,14
16.3,792.0,20.2,825.0,15.2,752.0,15.1,575.0,2025-04-02,15
16.5,682.0,19.7,681.0,14.8,590.0,15.5,454.0,2025-04-02,16
16.5,519.0,19.1,490.0,14.6,468.0,15.4,342.0,2025-04-02,17
15.8,341.0,17.1,267.0,14.0,285.0,12.9,227.0,2025-04-02,18
14.6,139.0,15.7,83.0,13.4,62.0,11.3,58.0,2025-04-02,19
12.8,10.0,14.4,1.0,13.5,0.0,10.5,0.0,2025-04-02,20
11.3,0.0,13.9,0.0,13.0,0.0,9.6,0.0,2025-04-02,21
10.4,0.0,13.1,0.0,12.6,0.0,9.1,0.0,2025-04-02,22
9.4,0.0,12.8,0.0,12.1,0.0,8.2,0.0,2025-04-02,23
8.7,0.0,11.8,0.0,11.1,0.0,7.2,0.0,2025-04-03,0
8.2,0.0,10.8,0.0,10.6,0.0,6.7,0.0,2025-04-03,1
7.5,0.0,10.4,0.0,10.2,0.0,6.3,0.0,2025-04-03,2
6.9,0.0,10.0,0.0,9.9,0.0,5.7,0.0,2025-04-03,3
6.6,0.0,9.4,0.0,9.5,0.0,4.9,0.0,2025-04-03,4
5.9,0.0,9.0,0.0,9.4,0.0,4.8,0.0,2025-04-03,5
6.3,0.0,10.0,0.0,9.1,0.0,5.4,0.0,2025-04-03,6
5.9,1.0,9.5,4.0,9.1,6.0,5.1,12.0,2025-04-03,7
6.4,74.0,11.0,114.0,10.4,111.0,7.5,158.0,2025-04-03,8
8.3,244.0,12.8,312.0,12.1,256.0,9.0,375.0,2025-04-03,9
10.9,465.0,14.7,526.0,13.1,337.0,11.3,586.0,2025-04-03,10
12.5,632.0,16.4,701.0,14.7,626.0,13.0,763.0,2025-04-03,11
14.0,772.0,18.0,831.0,15.6,798.0,14.4,876.0,2025-04-03,12
15.4,848.0,19.7,914.0,15.7,812.0,14.9,899.0,2025-04-03,13
16.6,858.0,21.2,904.0,15.7,803.0,15.3,731.0,2025-04-03,14
17.4,749.0,19.8,750.0,15.9,802.0,16.0,772.0,2025-04-03,15
17.8,679.0,17.4,572.0,15.3,696.0,16.0,588.0,2025-04-03,16
17.8,528.0,16.7,302.0,15.0,499.0,15.1,407.0,2025-04-03,17
17.5,341.0,15.5,244.0,14.2,239.0,15.3,253.0,2025-04-03,18
16.6,141.0,15.1,82.0,13.3,65.0,14.7,77.0,2025-04-03,19
15.1,11.0,14.6,2.0,12.7,0.0,12.8,0.0,2025-04-03,20
13.7,0.0,13.7,0.0,12.2,0.0,11.1,0.0,2025-04-03,21
12.6,0.0,13.3,0.0,11.6,0.0,8.7,0.0,2025-04-03,22
11.4,0.0,12.4,0.0,11.1,0.0,8.1,0.0,2025-04-03,23
10.4,0.0,11.3,0.0,10.3,0.0,7.7,0.0,2025-04-04,0
9.6,0.0,10.4,0.0,9.8,0.0,7.6,0.0,2025-04-04,1
8.4,0.0,9.6,0.0,9.1,0.0,6.9,0.0,2025-04-04,2
7.9,0.0,8.8,0.0,8.5,0.0,5.8,0.0,2025-04-04,3
7.2,0.0,8.2,0.0,8.2,0.0,5.6,0.0,2025-04-04,4
6.4,0.0,7.8,0.0,8.1,0.0,5.5,0.0,2025-04-04,5
6.2,0.0,8.3,0.0,8.0,0.0,4.8,0.0,2025-04-04,6
5.7,1.0,7.8,6.0,7.9,8.0,5.1,15.0,2025-04-04,7
6.8,92.0,9.8,128.0,10.1,141.0,9.1,167.0,2025-04-04,8
9.5,288.0,12.4,342.0,13.0,358.0,12.1,386.0,2025-04-04,9
12.7,492.0,14.8,554.0,14.5,571.0,14.7,591.0,2025-04-04,10
15.6,670.0,17.8,732.0,15.8,747.0,16.0,757.0,2025-04-04,11
18.1,803.0,21.0,848.0,16.8,873.0,16.8,845.0,2025-04-04,12
19.7,876.0,23.3,883.0,17.5,936.0,17.6,892.0,2025-04-04,13
20.7,883.0,24.0,868.0,17.7,922.0,17.8,842.0,2025-04-04,14
20.8,828.0,21.0,827.0,17.7,841.0,18.3,766.0,2025-04-04,15
21.0,714.0,20.3,602.0,17.5,699.0,19.0,688.0,2025-04-04,16
21.1,548.0,21.1,528.0,16.8,510.0,18.9,476.0,2025-04-04,17
20.3,348.0,20.3,300.0,16.5,287.0,18.1,262.0,2025-04-04,18
18.2,145.0,19.0,104.0,15.6,89.0,16.9,78.0,2025-04-04,19
16.3,11.0,17.9,2.0,14.7,1.0,15.2,0.0,2025-04-04,20
15.1,0.0,17.1,0.0,13.7,0.0,12.7,0.0,2025-04-04,21
14.0,0.0,16.5,0.0,13.4,0.0,9.5,0.0,2025-04-04,22
12.6,0.0,14.9,0.0,12.7,0.0,8.5,0.0,2025-04-04,23
11.4,0.0,13.4,0.0,12.3,0.0,8.0,0.0,2025-04-05,0
10.9,0.0,13.2,0.0,11.4,0.0,6.9,0.0,2025-04-05,1
9.9,0.0,12.3,0.0,10.5,0.0,6.3,0.0,2025-04-05,2
8.9,0.0,10.5,0.0,9.8,0.0,5.9,0.0,2025-04-05,3
8.4,0.0,9.4,0.0,9.5,0.0,6.3,0.0,2025-04-05,4
8.3,0.0,8.3,0.0,8.6,0.0,5.8,0.0,2025-04-05,5
8.2,0.0,10.0,0.0,8.1,0.0,8.1,0.0,2025-04-05,6
7.9,1.0,9.8,7.0,8.7,9.0,7.9,17.0,2025-04-05,7
8.8,75.0,12.8,136.0,11.5,148.0,11.4,176.0,2025-04-05,8
11.1,257.0,17.2,354.0,15.2,369.0,14.3,399.0,2025-04-05,9
13.5,456.0,21.2,571.0,17.6,585.0,16.5,609.0,2025-04-05,10
15.4,623.0,23.9,752.0,19.3,765.0,17.9,781.0,2025-04-05,11
17.2,768.0,25.2,874.0,20.4,891.0,19.0,900.0,2025-04-05,12
18.8,828.0,26.6,940.0,20.8,950.0,19.9,954.0,2025-04-05,13
20.1,854.0,27.9,940.0,20.7,940.0,20.7,939.0,2025-04-05,14
21.2,816.0,28.4,870.0,20.4,861.0,21.4,857.0,2025-04-05,15
21.6,705.0,26.0,731.0,20.5,719.0,21.6,715.0,2025-04-05,16
21.6,545.0,24.6,542.0,20.2,530.0,21.5,524.0,2025-04-05,17
21.9,351.0,23.3,324.0,19.1,306.0,21.1,302.0,2025-04-05,18
19.8,148.0,21.1,109.0,18.0,94.0,18.8,89.0,2025-04-05,19
17.7,12.0,20.6,2.0,16.9,1.0,16.5,0.0,2025-04-05,20
16.5,0.0,20.1,0.0,17.5,0.0,14.5,0.0,2025-04-05,21
15.8,0.0,18.2,0.0,16.8,0.0,12.0,0.0,2025-04-05,22
14.6,0.0,16.8,0.0,15.3,0.0,10.9,0.0,2025-04-05,23
13.3,0.0,15.4,0.0,14.4,0.0,10.6,0.0,2025-04-06,0
12.3,0.0,14.1,0.0,13.7,0.0,10.4,0.0,2025-04-06,1
11.6,0.0,13.1,0.0,12.7,0.0,9.7,0.0,2025-04-06,2
10.9,0.0,12.3,0.0,11.6,0.0,9.7,0.0,2025-04-06,3
10.3,0.0,11.4,0.0,11.4,0.0,9.6,0.0,2025-04-06,4
9.7,0.0,10.7,0.0,10.6,0.0,9.1,0.0,2025-04-06,5
9.1,0.0,9.7,0.0,9.8,0.0,8.9,0.0,2025-04-06,6
9.1,2.0,10.0,8.0,9.9,11.0,8.8,18.0,2025-04-06,7
10.3,95.0,13.6,141.0,12.3,157.0,12.0,179.0,2025-04-06,8
12.3,288.0,18.6,360.0,16.8,382.0,14.3,400.0,2025-04-06,9
14.8,481.0,21.6,575.0,20.1,598.0,16.6,609.0,2025-04-06,10
17.4,638.0,24.4,754.0,21.8,778.0,18.4,779.0,2025-04-06,11
19.3,736.0,26.8,882.0,22.5,902.0,20.0,895.0,2025-04-06,12
20.8,807.0,28.6,946.0,22.8,960.0,21.4,948.0,2025-04-06,13
22.2,845.0,29.3,941.0,22.9,948.0,22.8,932.0,2025-04-06,14
22.9,776.0,28.6,867.0,22.7,868.0,23.8,851.0,2025-04-06,15
22.8,560.0,27.5,729.0,21.9,727.0,24.3,709.0,2025-04-06,16
22.6,440.0,25.8,544.0,20.9,534.0,24.3,521.0,2025-04-06,17
22.2,345.0,23.6,326.0,20.3,311.0,23.9,303.0,2025-04-06,18
20.3,137.0,21.0,111.0,19.0,97.0,21.8,91.0,2025-04-06,19
18.3,11.0,18.7,2.0,17.9,1.0,19.8,1.0,2025-04-06,20
17.0,0.0,17.5,0.0,17.2,0.0,18.2,0.0,2025-04-06,21
15.9,0.0,16.5,0.0,16.5,0.0,16.3,0.0,2025-04-06,22
14.6,0.0,15.4,0.0,15.8,0.0,14.7,0.0,2025-04-06,23
13.7,0.0,14.6,0.0,14.8,0.0,14.2,0.0,2025-04-07,0
13.3,0.0,14.2,0.0,13.7,0.0,14.0,0.0,2025-04-07,1
12.8,0.0,14.2,0.0,12.5,0.0,13.6,0.0,2025-04-07,2
12.3,0.0,13.5,0.0,11.5,0.0,13.0,0.0,2025-04-07,3
11.8,0.0,13.6,0.0,11.1,0.0,12.8,0.0,2025-04-07,4
12.1,0.0,13.1,0.0,10.9,0.0,12.3,0.0,2025-04-07,5
13.1,0.0,12.1,0.0,9.4,0.0,13.0,0.0,2025-04-07,6
13.2,1.0,12.1,8.0,10.5,12.0,12.5,20.0,2025-04-07,7
13.7,33.0,13.9,140.0,12.7,157.0,15.1,180.0,2025-04-07,8
14.4,90.0,16.6,355.0,15.0,375.0,17.6,391.0,2025-04-07,9
15.0,107.0,19.9,567.0,17.7,591.0,19.9,607.0,2025-04-07,10
16.0,198.0,23.0,745.0,20.0,770.0,22.5,778.0,2025-04-07,11
18.0,437.0,25.5,869.0,21.2,893.0,24.6,894.0,2025-04-07,12
19.1,479.0,27.4,931.0,21.0,951.0,26.1,945.0,2025-04-07,13
20.3,625.0,28.1,922.0,20.1,940.0,27.0,927.0,2025-04-07,14
21.1,637.0,28.0,849.0,19.7,862.0,27.2,843.0,2025-04-07,15
21.2,444.0,27.0,716.0,19.8,720.0,27.0,699.0,2025-04-07,16
21.1,313.0,25.4,531.0,19.4,531.0,26.4,491.0,2025-04-07,17
20.8,280.0,23.0,319.0,17.0,311.0,25.5,276.0,2025-04-07,18
18.7,126.0,20.8,110.0,15.4,98.0,23.6,82.0,2025-04-07,19
17.1,12.0,19.0,3.0,14.5,1.0,22.2,1.0,2025-04-07,20
15.9,0.0,17.8,0.0,14.1,0.0,21.4,0.0,2025-04-07,21
14.9,0.0,17.0,0.0,13.5,0.0,21.3,0.0,2025-04-07,22
13.7,0.0,16.4,0.0,13.0,0.0,20.6,0.0,2025-04-07,23
13.0,0.0,16.1,0.0,12.4,0.0,19.6,0.0,2025-04-08,0
12.4,0.0,15.5,0.0,12.1,0.0,18.7,0.0,2025-04-08,1
11.7,0.0,14.8,0.0,11.6,0.0,17.4,0.0,2025-04-08,2
11.2,0.0,14.3,0.0,11.1,0.0,15.8,0.0,2025-04-08,3
10.8,0.0,13.7,0.0,10.6,0.0,14.5,0.0,2025-04-08,4
10.7,0.0,12.9,0.0,10.1,0.0,14.0,0.0,2025-04-08,5
10.3,0.0,12.3,0.0,9.9,0.0,13.8,0.0,2025-04-08,6
9.9,3.0,12.6,9.0,10.2,12.0,14.1,21.0,2025-04-08,7
10.9,100.0,14.5,142.0,12.6,155.0,16.0,177.0,2025-04-08,8
12.6,292.0,17.1,355.0,15.6,376.0,17.9,388.0,2025-04-08,9
14.5,496.0,20.1,561.0,17.7,587.0,19.7,601.0,2025-04-08,10
16.4,671.0,23.0,730.0,19.1,761.0,21.6,759.0,2025-04-08,11
18.1,799.0,25.6,863.0,19.7,882.0,23.3,823.0,2025-04-08,12
19.5,869.0,27.4,907.0,20.3,937.0,24.8,878.0,2025-04-08,13
20.6,875.0,28.0,906.0,20.6,923.0,25.9,879.0,2025-04-08,14
21.4,821.0,27.6,843.0,20.2,839.0,26.9,807.0,2025-04-08,15
21.7,707.0,26.4,711.0,19.3,701.0,27.5,692.0,2025-04-08,16
21.7,546.0,25.3,530.0,18.3,506.0,27.5,507.0,2025-04-08,17
21.7,354.0,23.2,319.0,16.7,290.0,26.9,296.0,2025-04-08,18
20.4,153.0,21.6,111.0,15.6,97.0,25.4,91.0,2025-04-08,19
18.7,15.0,20.5,3.0,14.8,1.0,23.5,1.0,2025-04-08,20
17.4,0.0,19.7,0.0,14.3,0.0,22.0,0.0,2025-04-08,21
16.4,0.0,18.7,0.0,13.9,0.0,20.3,0.0,2025-04-08,22
15.6,0.0,17.9,0.0,13.6,0.0,19.5,0.0,2025-04-08,23
15.0,0.0,17.2,0.0,13.0,0.0,18.7,0.0,2025-04-09,0
14.0,0.0,16.4,0.0,12.5,0.0,18.6,0.0,2025-04-09,1
12.9,0.0,15.7,0.0,12.2,0.0,18.1,0.0,2025-04-09,2
12.0,0.0,15.2,0.0,12.4,0.0,17.5,0.0,2025-04-09,3
11.6,0.0,14.7,0.0,12.4,0.0,16.8,0.0,2025-04-09,4
11.1,0.0,14.1,0.0,12.2,0.0,16.3,0.0,2025-04-09,5
10.7,0.0,12.8,0.0,11.9,0.0,16.0,0.0,2025-04-09,6
10.3,4.0,12.6,10.0,11.6,10.0,15.9,23.0,2025-04-09,7
11.7,107.0,14.3,144.0,12.4,117.0,18.8,188.0,2025-04-09,8
14.3,301.0,17.3,358.0,14.5,291.0,21.4,407.0,2025-04-09,9
17.2,499.0,21.2,567.0,17.4,569.0,23.4,613.0,2025-04-09,10
20.0,671.0,25.0,743.0,19.3,756.0,25.3,782.0,2025-04-09,11
22.4,799.0,28.0,867.0,20.1,885.0,27.1,897.0,2025-04-09,12
24.2,870.0,29.9,929.0,20.3,938.0,28.6,950.0,2025-04-09,13
25.6,879.0,30.2,923.0,20.2,917.0,29.8,934.0,2025-04-09,14
26.6,824.0,29.4,852.0,20.2,850.0,30.6,850.0,2025-04-09,15
27.1,712.0,28.2,717.0,19.9,709.0,30.8,708.0,2025-04-09,16
27.1,550.0,26.8,534.0,19.1,525.0,30.6,519.0,2025-04-09,17
26.8,357.0,25.3,322.0,17.2,310.0,30.1,302.0,2025-04-09,18
25.2,155.0,23.1,114.0,15.7,100.0,28.0,95.0,2025-04-09,19
23.1,15.0,20.9,3.0,14.8,1.0,26.4,1.0,2025-04-09,20
21.6,0.0,19.6,0.0,14.4,0.0,24.0,0.0,2025-04-09,21
19.5,0.0,18.7,0.0,13.9,0.0,22.4,0.0,2025-04-09,22
19.2,0.0,18.0,0.0,13.7,0.0,20.9,0.0,2025-04-09,23
18.1,0.0,17.2,0.0,13.2,0.0,20.1,0.0,2025-04-10,0
16.9,0.0,16.4,0.0,13.3,0.0,19.9,0.0,2025-04-10,1
16.0,0.0,15.5,0.0,13.2,0.0,19.2,0.0,2025-04-10,2
15.4,0.0,14.7,0.0,13.1,0.0,18.2,0.0,2025-04-10,3
14.5,0.0,14.1,0.0,13.0,0.0,17.6,0.0,2025-04-10,4
13.7,0.0,13.6,0.0,12.9,0.0,17.2,0.0,2025-04-10,5
13.1,0.0,13.1,0.0,12.2,0.0,18.0,0.0,2025-04-10,6
12.8,4.0,13.1,11.0,12.0,10.0,17.8,26.0,2025-04-10,7
14.2,111.0,14.6,149.0,12.6,97.0,21.1,193.0,2025-04-10,8
16.2,303.0,17.5,362.0,14.3,242.0,24.2,412.0,2025-04-10,9
18.6,465.0,21.2,574.0,17.8,560.0,26.4,617.0,2025-04-10,10
21.4,664.0,24.9,751.0,19.6,754.0,28.2,783.0,2025-04-10,11
23.5,729.0,28.0,868.0,20.0,883.0,29.7,896.0,2025-04-10,12
25.2,804.0,30.0,919.0,20.8,937.0,31.1,946.0,2025-04-10,13
26.1,714.0,30.9,913.0,21.2,924.0,32.0,929.0,2025-04-10,14
26.8,667.0,30.1,805.0,21.0,857.0,32.5,823.0,2025-04-10,15
27.0,580.0,28.2,652.0,21.0,721.0,32.4,606.0,2025-04-10,16
27.1,505.0,27.0,466.0,20.5,534.0,32.2,482.0,2025-04-10,17
26.6,348.0,26.1,320.0,19.7,316.0,31.9,306.0,2025-04-10,18
25.3,139.0,23.0,116.0,17.4,104.0,29.7,97.0,2025-04-10,19
23.0,15.0,20.7,4.0,15.9,2.0,27.5,1.0,2025-04-10,20
20.7,0.0,18.7,0.0,15.5,0.0,26.0,0.0,2025-04-10,21
18.8,0.0,17.4,0.0,15.2,0.0,23.4,0.0,2025-04-10,22
17.6,0.0,17.0,0.0,15.3,0.0,22.1,0.0,2025-04-10,23
16.4,0.0,16.6,0.0,14.5,0.0,21.3,0.0,2025-04-11,0
15.6,0.0,16.0,0.0,13.8,0.0,20.3,0.0,2025-04-11,1
14.5,0.0,15.4,0.0,13.0,0.0,19.9,0.0,2025-04-11,2
13.9,0.0,15.1,0.0,12.7,0.0,19.9,0.0,2025-04-11,3
13.9,0.0,14.6,0.0,12.2,0.0,19.8,0.0,2025-04-11,4
13.2,0.0,14.1,0.0,12.0,0.0,19.2,0.0,2025-04-11,5
13.6,0.0,13.3,0.0,11.1,0.0,18.9,0.0,2025-04-11,6
14.1,2.0,13.4,12.0,11.7,17.0,18.1,28.0,2025-04-11,7
14.6,101.0,15.1,150.0,14.1,173.0,21.6,199.0,2025-04-11,8
17.2,308.0,18.1,361.0,17.0,394.0,24.8,418.0,2025-04-11,9
19.7,488.0,22.1,574.0,19.8,607.0,27.1,623.0,2025-04-11,10
21.9,649.0,26.0,754.0,21.3,782.0,29.0,789.0,2025-04-11,11
23.6,779.0,29.3,878.0,21.9,903.0,30.6,903.0,2025-04-11,12
25.4,858.0,30.3,934.0,21.9,952.0,31.8,957.0,2025-04-11,13
26.6,873.0,29.9,931.0,20.7,934.0,32.5,941.0,2025-04-11,14
27.3,770.0,30.0,855.0,20.9,864.0,32.8,856.0,2025-04-11,15
27.6,624.0,29.7,711.0,21.6,729.0,32.7,714.0,2025-04-11,16
27.4,473.0,28.5,530.0,20.5,537.0,32.1,527.0,2025-04-11,17
26.3,299.0,27.1,333.0,19.1,314.0,31.3,307.0,2025-04-11,18
24.1,141.0,21.9,120.0,17.3,106.0,29.3,99.0,2025-04-11,19
21.8,16.0,19.9,4.0,15.2,2.0,27.4,1.0,2025-04-11,20
19.5,0.0,18.8,0.0,14.5,0.0,26.8,0.0,2025-04-11,21
17.7,0.0,18.5,0.0,14.3,0.0,25.9,0.0,2025-04-11,22
16.7,0.0,17.8,0.0,14.0,0.0,24.8,0.0,2025-04-11,23
15.5,0.0,17.0,0.0,13.5,0.0,23.4,0.0,2025-04-12,0
14.3,0.0,16.1,0.0,13.3,0.0,22.5,0.0,2025-04-12,1
13.4,0.0,15.3,0.0,13.3,0.0,21.6,0.0,2025-04-12,2
12.4,0.0,14.4,0.0,13.1,0.0,20.9,0.0,2025-04-12,3
11.7,0.0,13.7,0.0,12.9,0.0,20.2,0.0,2025-04-12,4
11.2,0.0,13.2,0.0,12.5,0.0,19.5,0.0,2025-04-12,5
10.6,0.0,12.8,0.0,12.0,0.0,19.4,0.0,2025-04-12,6
10.3,6.0,12.7,11.0,12.6,12.0,19.6,26.0,2025-04-12,7
11.4,120.0,13.7,126.0,13.0,77.0,22.1,198.0,2025-04-12,8
13.4,317.0,15.9,286.0,14.2,193.0,24.0,393.0,2025-04-12,9
16.0,517.0,18.8,510.0,16.7,527.0,25.3,593.0,2025-04-12,10
18.4,689.0,22.3,744.0,18.4,735.0,26.6,688.0,2025-04-12,11
20.3,813.0,25.1,868.0,19.0,859.0,27.8,758.0,2025-04-12,12
21.7,880.0,26.4,925.0,19.3,936.0,28.3,833.0,2025-04-12,13
23.0,887.0,26.1,897.0,19.2,936.0,28.8,823.0,2025-04-12,14
24.0,833.0,26.1,847.0,18.7,834.0,29.5,740.0,2025-04-12,15
24.4,720.0,25.6,708.0,18.2,715.0,30.0,661.0,2025-04-12,16
24.4,558.0,23.9,526.0,17.8,527.0,30.5,492.0,2025-04-12,17
24.0,367.0,21.0,314.0,15.9,290.0,29.2,293.0,2025-04-12,18
23.1,164.0,18.4,114.0,15.0,94.0,27.6,96.0,2025-04-12,19
22.1,19.0,16.6,4.0,14.7,2.0,26.0,2.0,2025-04-12,20
20.2,0.0,15.9,0.0,14.6,0.0,24.7,0.0,2025-04-12,21
19.1,0.0,15.5,0.0,14.4,0.0,23.3,0.0,2025-04-12,22
17.4,0.0,15.1,0.0,14.2,0.0,21.9,0.0,2025-04-12,23
15.7,0.0,14.7,0.0,14.0,0.0,21.1,0.0,2025-04-13,0
14.6,0.0,14.4,0.0,13.9,0.0,20.6,0.0,2025-04-13,1
14.3,0.0,14.0,0.0,13.8,0.0,19.9,0.0,2025-04-13,2
13.6,0.0,13.7,0.0,13.7,0.0,19.0,0.0,2025-04-13,3
12.9,0.0,13.4,0.0,13.5,0.0,18.1,0.0,2025-04-13,4
12.8,0.0,13.3,0.0,13.4,0.0,16.7,0.0,2025-04-13,5
11.9,0.0,12.9,0.0,13.4,0.0,15.5,0.0,2025-04-13,6
11.2,7.0,13.0,12.0,13.4,8.0,15.9,32.0,2025-04-13,7
12.6,124.0,14.0,121.0,13.9,69.0,18.6,210.0,2025-04-13,8
15.3,323.0,15.4,266.0,15.0,204.0,20.4,429.0,2025-04-13,9
18.3,525.0,17.9,514.0,16.4,377.0,21.4,635.0,2025-04-13,10
22.3,700.0,19.9,740.0,17.9,696.0,22.5,804.0,2025-04-13,11
24.8,828.0,22.1,879.0,18.4,880.0,24.0,918.0,2025-04-13,12
26.6,900.0,24.0,943.0,18.7,953.0,25.5,970.0,2025-04-13,13
28.0,911.0,24.9,935.0,18.6,946.0,26.5,952.0,2025-04-13,14
28.8,854.0,24.6,862.0,18.3,861.0,27.1,872.0,2025-04-13,15
28.8,731.0,23.6,729.0,17.8,724.0,27.2,733.0,2025-04-13,16
28.5,565.0,22.3,547.0,17.2,535.0,27.1,544.0,2025-04-13,17
27.8,373.0,20.0,334.0,16.3,314.0,26.7,324.0,2025-04-13,18
26.4,169.0,17.8,122.0,15.0,102.0,25.7,108.0,2025-04-13,19
24.2,20.0,16.2,5.0,14.3,2.0,23.3,2.0,2025-04-13,20
22.5,0.0,15.4,0.0,14.0,0.0,21.6,0.0,2025-04-13,21
21.4,0.0,14.9,0.0,13.6,0.0,20.0,0.0,2025-04-13,22
20.3,0.0,14.2,0.0,12.9,0.0,18.7,0.0,2025-04-13,23
18.0,0.0,13.6,0.0,12.6,0.0,17.9,0.0,2025-04-14,0
17.2,0.0,13.1,0.0,12.2,0.0,16.8,0.0,2025-04-14,1
16.0,0.0,12.7,0.0,11.7,0.0,16.0,0.0,2025-04-14,2
15.3,0.0,12.4,0.0,11.7,0.0,15.6,0.0,2025-04-14,3
14.9,0.0,11.9,0.0,11.2,0.0,15.6,0.0,2025-04-14,4
14.3,0.0,11.9,0.0,10.8,0.0,15.5,0.0,2025-04-14,5
12.9,0.0,12.8,0.0,13.3,0.0,14.6,0.0,2025-04-14,6
12.1,8.0,12.7,9.0,13.5,11.0,15.5,33.0,2025-04-14,7
13.1,134.0,13.4,75.0,14.0,63.0,17.8,195.0,2025-04-14,8
15.5,338.0,14.6,195.0,15.2,218.0,19.2,373.0,2025-04-14,9
18.5,541.0,16.5,360.0,16.6,487.0,21.1,560.0,2025-04-14,10
21.2,714.0,19.1,685.0,17.7,778.0,22.9,738.0,2025-04-14,11
23.8,838.0,21.6,837.0,18.0,887.0,24.5,867.0,2025-04-14,12
25.9,904.0,23.2,910.0,18.2,909.0,25.9,943.0,2025-04-14,13
27.6,910.0,21.5,803.0,17.6,786.0,27.0,902.0,2025-04-14,14
28.8,854.0,21.0,693.0,17.7,805.0,28.0,847.0,2025-04-14,15
29.5,738.0,20.3,635.0,17.1,665.0,28.8,708.0,2025-04-14,16
29.8,572.0,19.6,529.0,16.3,509.0,28.5,414.0,2025-04-14,17
30.2,375.0,17.8,331.0,15.6,322.0,27.3,193.0,2025-04-14,18
28.8,170.0,16.1,122.0,14.7,110.0,26.6,57.0,2025-04-14,19
26.2,20.0,14.8,5.0,14.0,3.0,25.2,2.0,2025-04-14,20
21.9,0.0,14.2,0.0,13.8,0.0,23.7,0.0,2025-04-14,21
19.8,0.0,13.7,0.0,13.5,0.0,23.5,0.0,2025-04-14,22
18.4,0.0,13.3,0.0,12.9,0.0,22.9,0.0,2025-04-14,23
17.1,0.0,12.5,0.0,12.4,0.0,22.0,0.0,2025-04-15,0
16.1,0.0,11.8,0.0,12.0,0.0,20.3,0.0,2025-04-15,1
15.0,0.0,11.1,0.0,11.8,0.0,19.5,0.0,2025-04-15,2
13.8,0.0,10.7,0.0,11.5,0.0,19.0,0.0,2025-04-15,3
12.8,0.0,10.3,0.0,11.2,0.0,18.7,0.0,2025-04-15,4
12.3,0.0,10.0,0.0,11.1,0.0,17.4,0.0,2025-04-15,5
11.8,0.0,11.6,0.0,12.8,0.0,16.3,0.0,2025-04-15,6
11.5,9.0,12.1,11.0,13.0,9.0,17.4,36.0,2025-04-15,7
12.3,125.0,13.2,123.0,13.6,69.0,20.9,211.0,2025-04-15,8
14.1,295.0,14.6,263.0,14.4,157.0,23.3,428.0,2025-04-15,9
15.7,436.0,15.9,374.0,15.0,231.0,26.1,630.0,2025-04-15,10
18.2,588.0,18.1,519.0,15.9,380.0,27.4,794.0,2025-04-15,11
21.0,743.0,19.6,750.0,16.4,389.0,28.0,892.0,2025-04-15,12
22.2,817.0,20.8,858.0,16.9,500.0,28.6,961.0,2025-04-15,13
22.4,784.0,21.0,842.0,17.5,661.0,29.1,953.0,2025-04-15,14
22.9,813.0,20.4,827.0,17.2,724.0,29.2,808.0,2025-04-15,15
23.5,727.0,19.6,710.0,17.1,662.0,29.3,711.0,2025-04-15,16
23.0,544.0,18.8,521.0,16.9,500.0,28.8,438.0,2025-04-15,17
21.9,354.0,17.1,295.0,15.4,297.0,28.0,250.0,2025-04-15,18
19.0,150.0,15.5,110.0,14.4,109.0,26.5,97.0,2025-04-15,19
16.4,20.0,14.5,4.0,13.7,3.0,24.6,2.0,2025-04-15,20
14.9,0.0,14.0,0.0,13.4,0.0,22.7,0.0,2025-04-15,21
13.6,0.0,13.6,0.0,13.0,0.0,21.2,0.0,2025-04-15,22
13.0,0.0,13.1,0.0,12.4,0.0,20.1,0.0,2025-04-15,23
12.6,0.0,12.9,0.0,11.9,0.0,18.7,0.0,2025-04-16,0
12.3,0.0,12.7,0.0,11.7,0.0,18.0,0.0,2025-04-16,1
12.0,0.0,12.0,0.0,11.5,0.0,17.7,0.0,2025-04-16,2
11.8,0.0,11.6,0.0,11.0,0.0,17.2,0.0,2025-04-16,3
11.6,0.0,11.1,0.0,10.7,0.0,17.3,0.0,2025-04-16,4
11.5,0.0,10.6,0.0,10.1,0.0,16.9,0.0,2025-04-16,5
11.5,0.0,11.6,0.0,12.8,0.0,17.9,0.0,2025-04-16,6
11.5,8.0,12.3,16.0,12.9,11.0,17.4,25.0,2025-04-16,7
12.2,94.0,13.8,139.0,13.8,96.0,19.7,143.0,2025-04-16,8
13.7,255.0,15.8,380.0,15.3,267.0,22.3,410.0,2025-04-16,9
15.7,474.0,16.6,371.0,16.4,474.0,23.9,625.0,2025-04-16,10
17.7,668.0,17.3,341.0,16.1,415.0,25.8,807.0,2025-04-16,11
19.7,801.0,18.6,521.0,17.2,680.0,27.1,919.0,2025-04-16,12
21.3,886.0,19.3,656.0,17.6,740.0,27.6,928.0,2025-04-16,13
22.1,884.0,19.3,583.0,18.3,852.0,27.5,919.0,2025-04-16,14
22.8,833.0,20.1,675.0,18.8,839.0,27.6,874.0,2025-04-16,15
22.2,668.0,19.7,572.0,17.9,711.0,27.0,729.0,2025-04-16,16
21.3,549.0,18.3,312.0,16.9,483.0,26.4,539.0,2025-04-16,17
18.7,350.0,17.5,243.0,16.2,144.0,25.2,321.0,2025-04-16,18
16.6,164.0,16.1,72.0,15.8,45.0,23.9,110.0,2025-04-16,19
14.8,22.0,15.3,4.0,15.6,1.0,22.8,2.0,2025-04-16,20
13.8,0.0,14.8,0.0,15.5,0.0,21.4,0.0,2025-04-16,21
13.1,0.0,14.5,0.0,15.1,0.0,19.9,0.0,2025-04-16,22
12.7,0.0,13.9,0.0,14.5,0.0,18.6,0.0,2025-04-16,23
12.5,0.0,13.2,0.0,14.4,0.0,17.1,0.0,2025-04-17,0
12.4,0.0,12.7,0.0,13.9,0.0,15.8,0.0,2025-04-17,1
12.4,0.0,12.5,0.0,13.4,0.0,14.7,0.0,2025-04-17,2
12.5,0.0,12.8,0.0,13.2,0.0,13.6,0.0,2025-04-17,3
12.7,0.0,12.8,0.0,12.8,0.0,12.6,0.0,2025-04-17,4
12.5,0.0,12.3,0.0,12.6,0.0,11.8,0.0,2025-04-17,5
12.4,0.0,13.9,0.0,13.2,0.0,12.6,0.0,2025-04-17,6
12.6,6.0,13.9,7.0,13.6,22.0,12.5,28.0,2025-04-17,7
13.2,52.0,14.4,67.0,15.1,155.0,13.0,212.0,2025-04-17,8
14.2,178.0,14.8,112.0,16.2,307.0,14.2,427.0,2025-04-17,9
15.3,285.0,15.7,210.0,17.0,420.0,15.9,627.0,2025-04-17,10
16.5,385.0,17.0,334.0,17.9,589.0,17.4,792.0,2025-04-17,11
18.4,583.0,17.1,281.0,18.7,746.0,19.2,881.0,2025-04-17,12
20.1,693.0,17.3,271.0,18.8,766.0,20.1,880.0,2025-04-17,13
22.3,838.0,17.4,328.0,18.9,852.0,20.7,734.0,2025-04-17,14
22.1,703.0,16.7,216.0,18.8,842.0,21.4,770.0,2025-04-17,15
23.0,684.0,17.2,284.0,18.1,692.0,21.4,621.0,2025-04-17,16
23.2,515.0,16.6,156.0,17.5,492.0,21.3,384.0,2025-04-17,17
20.0,348.0,16.0,102.0,16.9,288.0,21.2,189.0,2025-04-17,18
18.8,162.0,15.3,33.0,15.9,103.0,19.1,70.0,2025-04-17,19
17.5,23.0,14.7,2.0,15.4,3.0,18.6,2.0,2025-04-17,20
16.6,0.0,14.4,0.0,15.3,0.0,17.0,0.0,2025-04-17,21
15.0,0.0,14.1,0.0,15.1,0.0,15.8,0.0,2025-04-17,22
13.9,0.0,13.8,0.0,15.0,0.0,15.0,0.0,2025-04-17,23
13.3,0.0,13.8,0.0,15.1,0.0,14.1,0.0,2025-04-18,0
12.7,0.0,13.7,0.0,14.8,0.0,13.2,0.0,2025-04-18,1
12.1,0.0,13.5,0.0,14.6,0.0,12.1,0.0,2025-04-18,2
11.5,0.0,13.1,0.0,14.3,0.0,10.7,0.0,2025-04-18,3
10.9,0.0,12.6,0.0,14.2,0.0,9.6,0.0,2025-04-18,4
10.3,0.0,11.9,0.0,14.3,0.0,9.2,0.0,2025-04-18,5
10.4,0.0,12.4,0.0,14.9,0.0,10.4,0.0,2025-04-18,6
10.6,12.0,12.4,19.0,14.8,15.0,11.3,44.0,2025-04-18,7
11.8,126.0,13.3,165.0,15.4,131.0,13.1,231.0,2025-04-18,8
13.7,279.0,15.1,380.0,16.1,301.0,15.4,453.0,2025-04-18,9
15.4,445.0,16.6,567.0,17.0,499.0,17.6,662.0,2025-04-18,10
18.0,686.0,17.8,690.0,17.2,641.0,18.4,835.0,2025-04-18,11
20.7,845.0,17.4,480.0,16.0,368.0,19.2,951.0,2025-04-18,12
23.4,914.0,17.3,485.0,16.5,496.0,19.4,1005.0,2025-04-18,13
25.7,924.0,17.9,546.0,16.5,511.0,20.5,948.0,2025-04-18,14
26.5,872.0,18.4,600.0,16.1,350.0,20.6,855.0,2025-04-18,15
26.9,756.0,17.9,490.0,16.1,396.0,19.9,665.0,2025-04-18,16
26.8,590.0,16.8,320.0,16.3,511.0,18.8,474.0,2025-04-18,17
25.9,391.0,16.0,198.0,15.6,256.0,17.6,259.0,2025-04-18,18
24.7,184.0,15.4,81.0,14.8,90.0,17.0,111.0,2025-04-18,19
22.3,26.0,14.7,4.0,14.4,3.0,15.4,4.0,2025-04-18,20
20.8,0.0,14.3,0.0,14.2,0.0,14.7,0.0,2025-04-18,21
19.4,0.0,14.0,0.0,13.9,0.0,13.9,0.0,2025-04-18,22
18.2,0.0,13.6,0.0,13.2,0.0,12.0,0.0,2025-04-18,23
16.2,0.0,13.5,0.0,12.7,0.0,11.1,0.0,2025-04-19,0
15.7,0.0,12.9,0.0,12.1,0.0,10.8,0.0,2025-04-19,1
14.6,0.0,12.2,0.0,11.6,0.0,9.8,0.0,2025-04-19,2
13.2,0.0,11.8,0.0,11.3,0.0,8.1,0.0,2025-04-19,3
12.1,0.0,11.3,0.0,10.9,0.0,6.7,0.0,2025-04-19,4
10.8,0.0,10.6,0.0,10.7,0.0,5.8,0.0,2025-04-19,5
9.7,0.0,9.4,0.0,10.5,0.0,5.6,0.0,2025-04-19,6
10.2,14.0,10.0,24.0,10.6,29.0,7.1,48.0,2025-04-19,7
11.6,138.0,11.4,182.0,13.0,200.0,10.9,240.0,2025-04-19,8
13.3,302.0,13.7,397.0,15.4,422.0,13.9,464.0,2025-04-19,9
15.7,507.0,16.5,606.0,17.6,633.0,15.5,670.0,2025-04-19,10
18.3,700.0,19.6,779.0,19.5,807.0,16.6,835.0,2025-04-19,11
20.5,842.0,22.3,904.0,20.1,926.0,17.6,944.0,2025-04-19,12
22.4,909.0,23.7,964.0,20.3,980.0,18.5,990.0,2025-04-19,13
23.8,914.0,23.8,954.0,20.6,966.0,19.6,970.0,2025-04-19,14
24.7,855.0,23.2,876.0,20.5,886.0,20.4,885.0,2025-04-19,15
25.2,739.0,22.7,740.0,19.9,743.0,21.0,741.0,2025-04-19,16
25.0,577.0,22.2,558.0,18.9,552.0,21.2,552.0,2025-04-19,17
24.0,386.0,21.5,346.0,18.0,332.0,21.0,334.0,2025-04-19,18
21.8,182.0,19.3,135.0,16.8,119.0,20.2,120.0,2025-04-19,19
18.8,27.0,17.5,8.0,16.0,4.0,18.1,4.0,2025-04-19,20
16.5,0.0,16.7,0.0,15.5,0.0,16.7,0.0,2025-04-19,21
15.0,0.0,15.8,0.0,15.1,0.0,15.3,0.0,2025-04-19,22
14.0,0.0,15.1,0.0,14.4,0.0,14.2,0.0,2025-04-19,23
13.1,0.0,14.5,0.0,13.9,0.0,13.2,0.0,2025-04-20,0
12.4,0.0,13.7,0.0,13.5,0.0,12.6,0.0,2025-04-20,1
11.7,0.0,13.5,0.0,13.0,0.0,12.4,0.0,2025-04-20,2
11.2,0.0,13.0,0.0,12.5,0.0,12.2,0.0,2025-04-20,3
10.8,0.0,12.4,0.0,11.8,0.0,11.8,0.0,2025-04-20,4
10.3,0.0,12.0,0.0,11.5,0.0,11.4,0.0,2025-04-20,5
10.0,0.0,11.6,0.0,10.9,0.0,11.8,0.0,2025-04-20,6
10.0,15.0,12.4,25.0,11.4,27.0,12.5,49.0,2025-04-20,7
11.4,149.0,14.0,185.0,13.6,171.0,15.2,239.0,2025-04-20,8
13.3,347.0,16.3,400.0,15.5,382.0,17.5,461.0,2025-04-20,9
15.7,545.0,19.0,606.0,17.8,616.0,19.3,665.0,2025-04-20,10
18.4,716.0,21.6,776.0,19.3,800.0,20.9,829.0,2025-04-20,11
21.2,840.0,23.8,895.0,19.9,917.0,22.5,940.0,2025-04-20,12
23.8,907.0,25.3,951.0,20.0,973.0,24.0,988.0,2025-04-20,13
25.8,912.0,25.7,943.0,19.9,960.0,25.2,969.0,2025-04-20,14
27.0,855.0,25.3,868.0,19.9,881.0,26.0,885.0,2025-04-20,15
27.6,741.0,24.5,738.0,19.7,739.0,26.2,742.0,2025-04-20,16
27.4,578.0,23.5,559.0,19.0,549.0,26.0,552.0,2025-04-20,17
26.7,389.0,22.1,341.0,18.0,333.0,25.4,336.0,2025-04-20,18
25.3,186.0,19.9,133.0,16.5,120.0,24.0,123.0,2025-04-20,19
23.0,29.0,17.3,8.0,15.5,4.0,21.4,5.0,2025-04-20,20
20.8,0.0,16.0,0.0,15.0,0.0,19.7,0.0,2025-04-20,21
19.0,0.0,15.1,0.0,14.6,0.0,18.5,0.0,2025-04-20,22
17.5,0.0,14.5,0.0,14.3,0.0,17.5,0.0,2025-04-20,23
16.2,0.0,13.7,0.0,14.0,0.0,16.4,0.0,2025-04-21,0
15.1,0.0,13.2,0.0,13.6,0.0,15.5,0.0,2025-04-21,1
14.2,0.0,12.8,0.0,13.1,0.0,14.9,0.0,2025-04-21,2
13.4,0.0,12.3,0.0,12.7,0.0,14.3,0.0,2025-04-21,3
12.7,0.0,12.0,0.0,12.2,0.0,13.7,0.0,2025-04-21,4
12.0,0.0,11.6,0.0,12.2,0.0,13.0,0.0,2025-04-21,5
11.0,0.0,11.5,0.0,12.8,0.0,13.8,0.0,2025-04-21,6
11.1,17.0,11.9,23.0,12.9,15.0,14.7,52.0,2025-04-21,7
12.3,157.0,13.1,151.0,13.5,92.0,17.6,243.0,2025-04-21,8
14.8,358.0,15.3,381.0,14.6,230.0,19.7,463.0,2025-04-21,9
17.5,556.0,18.0,592.0,16.8,545.0,21.5,665.0,2025-04-21,10
20.6,724.0,20.6,762.0,18.0,718.0,23.1,827.0,2025-04-21,11
23.2,848.0,23.0,890.0,18.5,872.0,24.6,935.0,2025-04-21,12
25.5,914.0,24.3,953.0,18.9,957.0,25.9,980.0,2025-04-21,13
27.4,919.0,24.3,947.0,18.9,950.0,27.0,961.0,2025-04-21,14
28.7,862.0,23.3,872.0,18.7,871.0,27.8,875.0,2025-04-21,15
29.3,749.0,22.1,741.0,18.4,735.0,28.1,737.0,2025-04-21,16
29.2,588.0,20.8,562.0,17.8,547.0,27.6,551.0,2025-04-21,17
28.6,394.0,19.3,353.0,16.6,334.0,26.9,332.0,2025-04-21,18
27.7,189.0,17.1,140.0,15.5,122.0,25.8,122.0,2025-04-21,19
25.3,30.0,15.5,9.0,14.7,5.0,23.9,5.0,2025-04-21,20
24.2,0.0,14.7,0.0,14.3,0.0,22.4,0.0,2025-04-21,21
22.7,0.0,14.1,0.0,14.0,0.0,20.2,0.0,2025-04-21,22
20.6,0.0,13.6,0.0,13.6,0.0,18.5,0.0,2025-04-21,23
19.5,0.0,13.2,0.0,13.0,0.0,17.7,0.0,2025-04-22,0
18.2,0.0,12.9,0.0,12.7,0.0,16.9,0.0,2025-04-22,1
17.1,0.0,12.8,0.0,12.7,0.0,16.5,0.0,2025-04-22,2
16.2,0.0,12.6,0.0,13.0,0.0,16.1,0.0,2025-04-22,3
15.5,0.0,12.4,0.0,13.2,0.0,15.7,0.0,2025-04-22,4
14.9,0.0,12.0,0.0,13.0,0.0,15.1,0.0,2025-04-22,5
14.2,0.0,11.7,0.0,12.6,0.0,15.7,0.0,2025-04-22,6
14.1,17.0,11.7,18.0,13.2,18.0,16.3,54.0,2025-04-22,7
15.0,158.0,12.4,123.0,14.1,129.0,18.8,242.0,2025-04-22,8
16.9,356.0,13.8,283.0,15.3,261.0,21.0,460.0,2025-04-22,9
19.4,552.0,15.9,509.0,16.8,501.0,22.6,659.0,2025-04-22,10
22.2,723.0,18.4,756.0,17.7,722.0,24.2,819.0,2025-04-22,11
24.9,844.0,20.7,889.0,18.0,880.0,26.1,922.0,2025-04-22,12
27.1,908.0,22.1,939.0,18.0,947.0,27.8,973.0,2025-04-22,13
28.5,914.0,22.1,940.0,18.0,958.0,28.7,961.0,2025-04-22,14
28.8,855.0,21.6,870.0,17.8,876.0,28.7,867.0,2025-04-22,15
28.4,730.0,20.8,742.0,17.5,735.0,28.6,692.0,2025-04-22,16
27.2,545.0,19.5,561.0,17.0,550.0,28.3,489.0,2025-04-22,17
25.6,396.0,17.7,344.0,15.7,315.0,27.7,280.0,2025-04-22,18
22.7,194.0,16.1,135.0,14.9,119.0,26.8,96.0,2025-04-22,19
20.0,32.0,14.8,9.0,14.4,5.0,25.2,5.0,2025-04-22,20
18.1,0.0,14.2,0.0,14.3,0.0,24.1,0.0,2025-04-22,21
16.7,0.0,13.9,0.0,13.9,0.0,23.0,0.0,2025-04-22,22
15.1,0.0,13.6,0.0,13.3,0.0,21.6,0.0,2025-04-22,23
13.8,0.0,13.5,0.0,13.1,0.0,20.4,0.0,2025-04-23,0
13.1,0.0,13.4,0.0,12.8,0.0,19.8,0.0,2025-04-23,1
12.5,0.0,13.3,0.0,12.4,0.0,19.1,0.0,2025-04-23,2
11.9,0.0,13.3,0.0,12.4,0.0,18.5,0.0,2025-04-23,3
11.4,0.0,13.2,0.0,12.3,0.0,17.6,0.0,2025-04-23,4
10.8,0.0,13.0,0.0,12.5,0.0,16.2,0.0,2025-04-23,5
10.0,0.0,13.2,0.0,13.2,0.0,15.6,0.0,2025-04-23,6
10.0,20.0,13.3,22.0,13.9,20.0,16.9,56.0,2025-04-23,7
11.5,158.0,14.1,134.0,14.9,149.0,19.1,241.0,2025-04-23,8
13.5,338.0,15.4,333.0,16.0,355.0,21.1,440.0,2025-04-23,9
15.8,527.0,16.9,474.0,17.0,510.0,22.8,615.0,2025-04-23,10
17.9,726.0,18.8,612.0,17.7,649.0,24.4,811.0,2025-04-23,11
20.0,852.0,20.5,720.0,18.5,842.0,25.7,936.0,2025-04-23,12
21.7,920.0,21.2,841.0,18.5,911.0,26.4,979.0,2025-04-23,13
22.8,924.0,21.1,931.0,18.3,926.0,26.6,959.0,2025-04-23,14
23.5,867.0,20.2,876.0,18.3,868.0,26.8,875.0,2025-04-23,15
23.6,752.0,19.6,733.0,18.0,735.0,26.9,731.0,2025-04-23,16
23.1,588.0,18.8,545.0,17.4,546.0,27.2,549.0,2025-04-23,17
20.9,392.0,17.0,337.0,16.3,317.0,26.3,336.0,2025-04-23,18
19.0,190.0,15.6,115.0,15.5,119.0,25.7,126.0,2025-04-23,19
16.6,32.0,14.6,8.0,14.9,5.0,24.4,6.0,2025-04-23,20
15.1,0.0,14.2,0.0,14.9,0.0,22.9,0.0,2025-04-23,21
13.6,0.0,13.7,0.0,14.7,0.0,21.3,0.0,2025-04-23,22
12.6,0.0,13.8,0.0,14.4,0.0,20.2,0.0,2025-04-23,23
11.8,0.0,13.9,0.0,14.3,0.0,19.5,0.0,2025-04-24,0
11.3,0.0,13.9,0.0,14.1,0.0,18.1,0.0,2025-04-24,1
11.0,0.0,13.8,0.0,13.8,0.0,17.3,0.0,2025-04-24,2
10.7,0.0,13.6,0.0,13.7,0.0,16.2,0.0,2025-04-24,3
10.5,0.0,13.5,0.0,13.5,0.0,14.6,0.0,2025-04-24,4
10.3,0.0,13.5,0.0,13.3,0.0,13.1,0.0,2025-04-24,5
10.1,0.0,14.5,0.0,12.5,0.0,13.5,0.0,2025-04-24,6
10.3,17.0,14.5,15.0,12.9,34.0,14.4,61.0,2025-04-24,7
11.4,134.0,14.7,82.0,14.2,161.0,15.8,256.0,2025-04-24,8
13.0,302.0,15.6,213.0,15.7,371.0,17.4,475.0,2025-04-24,9
15.3,490.0,16.6,336.0,16.5,448.0,19.1,675.0,2025-04-24,10
17.0,683.0,18.1,528.0,17.7,669.0,20.9,836.0,2025-04-24,11
18.3,815.0,19.8,707.0,17.9,901.0,22.7,943.0,2025-04-24,12
19.9,913.0,21.1,870.0,17.9,962.0,24.4,988.0,2025-04-24,13
21.1,921.0,21.7,951.0,17.9,966.0,26.0,970.0,2025-04-24,14
21.6,865.0,21.3,874.0,18.0,889.0,26.6,887.0,2025-04-24,15
20.8,564.0,20.2,733.0,17.1,744.0,26.5,726.0,2025-04-24,16
19.9,364.0,19.1,548.0,16.4,556.0,26.1,533.0,2025-04-24,17
18.0,264.0,17.5,336.0,15.6,342.0,25.7,331.0,2025-04-24,18
16.3,97.0,16.3,138.0,14.9,126.0,24.5,120.0,2025-04-24,19
14.6,16.0,15.2,10.0,14.5,6.0,22.5,6.0,2025-04-24,20
13.2,0.0,15.1,0.0,14.4,0.0,21.6,0.0,2025-04-24,21
12.3,0.0,14.6,0.0,14.4,0.0,20.3,0.0,2025-04-24,22
11.8,0.0,14.0,0.0,13.9,0.0,20.0,0.0,2025-04-24,23
11.5,0.0,13.5,0.0,13.5,0.0,19.4,0.0,2025-04-25,0
11.4,0.0,13.1,0.0,13.3,0.0,18.3,0.0,2025-04-25,1
11.3,0.0,12.8,0.0,13.5,0.0,18.5,0.0,2025-04-25,2
11.2,0.0,12.5,0.0,13.4,0.0,17.8,0.0,2025-04-25,3
10.9,0.0,12.3,0.0,13.1,0.0,16.0,0.0,2025-04-25,4
10.8,0.0,12.3,0.0,12.9,0.0,15.4,0.0,2025-04-25,5
10.4,0.0,12.8,0.0,13.6,0.0,15.1,0.0,2025-04-25,6
10.6,18.0,13.2,27.0,13.8,14.0,15.9,62.0,2025-04-25,7
11.6,113.0,14.2,107.0,14.3,86.0,17.6,256.0,2025-04-25,8
12.8,214.0,15.4,275.0,15.0,180.0,18.7,476.0,2025-04-25,9
14.2,329.0,16.8,460.0,15.3,247.0,19.9,676.0,2025-04-25,10
15.5,460.0,17.0,574.0,16.1,450.0,21.0,837.0,2025-04-25,11
16.6,574.0,17.6,671.0,16.9,627.0,21.9,946.0,2025-04-25,12
16.7,495.0,18.7,709.0,17.6,731.0,22.3,993.0,2025-04-25,13
17.2,539.0,18.8,688.0,17.7,739.0,22.9,976.0,2025-04-25,14
17.4,462.0,17.8,496.0,17.8,737.0,23.3,890.0,2025-04-25,15
17.7,423.0,17.8,566.0,17.4,662.0,23.3,741.0,2025-04-25,16
17.6,323.0,16.9,444.0,16.0,316.0,22.9,544.0,2025-04-25,17
16.2,168.0,16.0,170.0,15.4,242.0,22.1,332.0,2025-04-25,18
15.8,72.0,15.2,60.0,15.0,83.0,20.5,131.0,2025-04-25,19
15.2,15.0,14.2,5.0,14.3,6.0,18.7,7.0,2025-04-25,20
14.1,0.0,13.8,0.0,14.2,0.0,17.6,0.0,2025-04-25,21
13.1,0.0,13.6,0.0,13.8,0.0,16.1,0.0,2025-04-25,22
12.2,0.0,13.4,0.0,13.6,0.0,15.0,0.0,2025-04-25,23
12.1,0.0,13.2,0.0,13.2,0.0,14.1,0.0,2025-04-26,0
11.8,0.0,12.7,0.0,13.0,0.0,13.0,0.0,2025-04-26,1
11.5,0.0,12.1,0.0,12.8,0.0,11.9,0.0,2025-04-26,2
11.2,0.0,11.6,0.0,12.3,0.0,11.0,0.0,2025-04-26,3
11.0,0.0,11.4,0.0,12.2,0.0,10.2,0.0,2025-04-26,4
10.8,0.0,10.7,0.0,12.0,0.0,9.6,0.0,2025-04-26,5
10.3,0.0,11.2,0.0,12.2,0.0,9.2,0.0,2025-04-26,6
10.2,11.0,11.7,31.0,12.1,28.0,10.2,60.0,2025-04-26,7
10.4,42.0,13.0,140.0,13.2,179.0,11.5,254.0,2025-04-26,8
10.8,101.0,12.5,90.0,14.7,405.0,12.7,468.0,2025-04-26,9
11.7,213.0,11.6,84.0,16.2,582.0,14.1,663.0,2025-04-26,10
12.7,320.0,12.3,175.0,16.5,530.0,15.5,820.0,2025-04-26,11
14.4,558.0,14.0,262.0,16.3,393.0,16.9,932.0,2025-04-26,12
14.7,521.0,14.2,506.0,15.7,375.0,17.8,981.0,2025-04-26,13
15.2,517.0,15.9,775.0,14.8,448.0,18.0,936.0,2025-04-26,14
16.3,491.0,15.8,697.0,15.1,584.0,18.8,709.0,2025-04-26,15
16.3,391.0,15.7,685.0,15.7,579.0,17.4,414.0,2025-04-26,16
16.3,281.0,15.0,503.0,15.7,521.0,15.2,259.0,2025-04-26,17
12.9,165.0,14.5,286.0,15.3,304.0,14.4,258.0,2025-04-26,18
12.7,79.0,13.6,119.0,14.7,121.0,13.6,118.0,2025-04-26,19
12.2,17.0,13.0,9.0,14.1,6.0,12.6,6.0,2025-04-26,20
11.4,0.0,12.5,0.0,13.7,0.0,12.0,0.0,2025-04-26,21
11.2,0.0,11.9,0.0,13.6,0.0,11.0,0.0,2025-04-26,22
11.0,0.0,11.4,0.0,13.6,0.0,10.2,0.0,2025-04-26,23
10.8,0.0,10.9,0.0,13.2,0.0,9.6,0.0,2025-04-27,0
10.3,0.0,10.6,0.0,12.9,0.0,9.1,0.0,2025-04-27,1
10.1,0.0,10.1,0.0,12.3,0.0,8.4,0.0,2025-04-27,2
10.3,0.0,9.6,0.0,12.0,0.0,7.9,0.0,2025-04-27,3
10.3,0.0,9.0,0.0,11.8,0.0,7.5,0.0,2025-04-27,4
10.3,0.0,9.0,0.0,11.4,0.0,6.9,0.0,2025-04-27,5
10.5,0.0,9.7,0.0,12.5,0.0,6.8,0.0,2025-04-27,6
10.5,4.0,10.5,24.0,13.2,36.0,7.6,65.0,2025-04-27,7
11.0,32.0,12.2,197.0,14.4,187.0,8.9,253.0,2025-04-27,8
11.7,94.0,13.8,400.0,15.2,330.0,10.2,470.0,2025-04-27,9
12.0,147.0,15.4,579.0,15.9,478.0,12.1,659.0,2025-04-27,10
12.7,211.0,16.4,607.0,16.6,606.0,14.1,800.0,2025-04-27,11
13.5,251.0,16.7,590.0,17.2,734.0,14.8,871.0,2025-04-27,12
14.3,284.0,17.1,684.0,17.6,801.0,15.6,916.0,2025-04-27,13
15.7,468.0,17.0,575.0,17.7,818.0,16.5,961.0,2025-04-27,14
15.7,294.0,17.4,622.0,17.8,867.0,17.4,887.0,2025-04-27,15
16.2,349.0,16.2,355.0,17.9,712.0,17.3,723.0,2025-04-27,16
16.2,254.0,16.6,418.0,17.0,451.0,18.5,542.0,2025-04-27,17
15.8,216.0,15.6,185.0,15.2,189.0,16.7,345.0,2025-04-27,18
15.4,154.0,14.7,88.0,14.8,107.0,15.8,133.0,2025-04-27,19
13.8,34.0,14.0,6.0,14.5,7.0,14.9,8.0,2025-04-27,20
13.0,0.0,13.7,0.0,14.5,0.0,13.8,0.0,2025-04-27,21
12.1,0.0,13.3,0.0,14.4,0.0,12.4,0.0,2025-04-27,22
11.7,0.0,12.6,0.0,13.9,0.0,11.6,0.0,2025-04-27,23
11.1,0.0,12.1,0.0,13.7,0.0,11.4,0.0,2025-04-28,0
10.7,0.0,11.4,0.0,13.2,0.0,11.0,0.0,2025-04-28,1
10.2,0.0,11.1,0.0,12.7,0.0,10.3,0.0,2025-04-28,2
9.5,0.0,10.8,0.0,12.2,0.0,9.8,0.0,2025-04-28,3
9.4,0.0,10.8,0.0,12.2,0.0,9.1,0.0,2025-04-28,4
8.9,0.0,10.9,0.0,12.0,0.0,8.6,0.0,2025-04-28,5
8.6,0.0,10.5,0.0,12.9,0.0,10.2,0.0,2025-04-28,6
9.1,27.0,11.6,25.0,13.0,13.0,10.6,67.0,2025-04-28,7
11.0,176.0,13.4,152.0,13.3,52.0,12.7,256.0,2025-04-28,8
13.4,376.0,15.0,344.0,14.1,146.0,14.8,465.0,2025-04-28,9
15.6,571.0,16.3,471.0,15.7,400.0,17.0,666.0,2025-04-28,10
17.6,724.0,18.3,651.0,16.8,511.0,19.4,821.0,2025-04-28,11
19.3,853.0,20.2,813.0,17.1,538.0,21.3,934.0,2025-04-28,12
20.9,927.0,21.6,923.0,17.1,502.0,21.9,834.0,2025-04-28,13
22.3,934.0,22.5,934.0,17.5,506.0,23.1,812.0,2025-04-28,14
23.5,876.0,22.2,827.0,17.6,585.0,24.2,819.0,2025-04-28,15
24.2,763.0,20.8,671.0,17.8,680.0,24.2,682.0,2025-04-28,16
24.5,600.0,19.7,514.0,17.1,490.0,23.6,479.0,2025-04-28,17
24.2,400.0,18.5,320.0,16.0,315.0,23.2,332.0,2025-04-28,18
22.8,203.0,17.3,135.0,15.2,125.0,22.4,122.0,2025-04-28,19
21.0,40.0,16.1,12.0,14.9,7.0,21.1,8.0,2025-04-28,20
19.0,0.0,15.5,0.0,14.7,0.0,19.4,0.0,2025-04-28,21
16.4,0.0,15.0,0.0,14.3,0.0,17.2,0.0,2025-04-28,22
15.2,0.0,14.7,0.0,13.8,0.0,14.7,0.0,2025-04-28,23
14.5,0.0,14.1,0.0,13.2,0.0,13.9,0.0,2025-04-29,0
14.0,0.0,13.6,0.0,13.0,0.0,13.4,0.0,2025-04-29,1
13.4,0.0,13.3,0.0,12.8,0.0,13.0,0.0,2025-04-29,2
12.7,0.0,12.7,0.0,12.5,0.0,12.4,0.0,2025-04-29,3
12.2,0.0,11.9,0.0,12.2,0.0,11.8,0.0,2025-04-29,4
11.8,0.0,11.1,0.0,11.6,0.0,11.0,0.0,2025-04-29,5
11.3,0.0,11.0,0.0,11.5,0.0,10.8,0.0,2025-04-29,6
11.4,29.0,11.1,37.0,11.7,44.0,12.9,72.0,2025-04-29,7
12.4,180.0,12.2,174.0,14.0,222.0,16.3,267.0,2025-04-29,8
14.4,377.0,14.8,418.0,16.3,433.0,19.2,484.0,2025-04-29,9
16.9,573.0,17.6,624.0,18.1,637.0,21.4,681.0,2025-04-29,10
19.7,737.0,20.7,792.0,19.4,804.0,23.1,840.0,2025-04-29,11
22.4,854.0,23.5,908.0,19.8,919.0,24.3,946.0,2025-04-29,12
24.5,917.0,25.6,966.0,19.9,971.0,25.2,991.0,2025-04-29,13
26.0,920.0,26.0,964.0,20.1,956.0,25.8,971.0,2025-04-29,14
27.2,860.0,24.8,872.0,20.1,877.0,27.4,856.0,2025-04-29,15
27.9,740.0,23.8,666.0,19.5,739.0,27.0,645.0,2025-04-29,16
28.2,542.0,22.5,520.0,18.7,549.0,26.5,535.0,2025-04-29,17
29.0,361.0,19.6,328.0,16.1,316.0,27.0,329.0,2025-04-29,18
28.2,175.0,18.0,138.0,15.3,124.0,25.6,131.0,2025-04-29,19
25.6,33.0,16.7,13.0,14.8,8.0,22.9,9.0,2025-04-29,20
23.7,0.0,15.9,0.0,14.6,0.0,21.5,0.0,2025-04-29,21
22.0,0.0,15.3,0.0,14.3,0.0,20.4,0.0,2025-04-29,22
20.3,0.0,14.9,0.0,14.1,0.0,18.1,0.0,2025-04-29,23
18.8,0.0,14.6,0.0,13.9,0.0,16.9,0.0,2025-04-30,0
17.5,0.0,14.2,0.0,14.1,0.0,16.1,0.0,2025-04-30,1
16.5,0.0,13.7,0.0,14.2,0.0,16.2,0.0,2025-04-30,2
15.6,0.0,13.6,0.0,14.0,0.0,15.6,0.0,2025-04-30,3
14.8,0.0,13.5,0.0,13.9,0.0,14.9,0.0,2025-04-30,4
14.2,0.0,13.5,0.0,13.7,0.0,14.5,0.0,2025-04-30,5
14.5,0.0,13.3,0.0,14.0,0.0,14.9,0.0,2025-04-30,6
14.6,25.0,13.5,25.0,14.2,15.0,16.1,67.0,2025-04-30,7
15.8,153.0,14.4,112.0,14.6,85.0,18.6,253.0,2025-04-30,8
18.3,367.0,15.4,224.0,15.6,192.0,20.9,455.0,2025-04-30,9
21.5,564.0,17.0,358.0,17.0,392.0,22.5,611.0,2025-04-30,10
24.5,730.0,18.8,519.0,18.4,635.0,23.7,686.0,2025-04-30,11
26.8,850.0,21.5,873.0,18.7,845.0,25.1,809.0,2025-04-30,12
28.5,915.0,23.8,942.0,19.0,890.0,26.4,936.0,2025-04-30,13
30.1,920.0,24.8,947.0,19.2,938.0,27.0,969.0,2025-04-30,14
30.8,828.0,23.4,875.0,18.9,878.0,27.4,892.0,2025-04-30,15
31.1,725.0,22.0,743.0,18.0,742.0,27.3,737.0,2025-04-30,16
31.0,575.0,20.9,565.0,17.5,554.0,27.3,540.0,2025-04-30,17
31.1,412.0,18.4,358.0,16.1,333.0,26.9,343.0,2025-04-30,18
31.0,208.0,16.8,151.0,15.6,124.0,26.2,129.0,2025-04-30,19
26.9,44.0,15.2,14.0,15.1,8.0,24.8,9.0,2025-04-30,20
22.8,0.0,14.3,0.0,14.7,0.0,23.2,0.0,2025-04-30,21
20.9,0.0,13.8,0.0,14.2,0.0,22.5,0.0,2025-04-30,22
18.9,0.0,13.4,0.0,14.0,0.0,21.7,0.0,2025-04-30,23
17.5,0.0,13.1,0.0,14.4,0.0,20.1,0.0,2025-05-01,0
16.3,0.0,12.9,0.0,14.2,0.0,19.2,0.0,2025-05-01,1
15.4,0.0,12.6,0.0,14.1,0.0,18.7,0.0,2025-05-01,2
14.6,0.0,12.6,0.0,14.0,0.0,18.1,0.0,2025-05-01,3
13.8,0.0,12.1,0.0,13.8,0.0,17.0,0.0,2025-05-01,4
13.1,0.0,12.2,0.0,13.6,0.0,16.2,0.0,2025-05-01,5
13.0,0.0,12.3,0.0,13.9,0.0,16.0,0.0,2025-05-01,6
13.1,32.0,12.8,37.0,14.2,42.0,17.9,66.0,2025-05-01,7
14.3,186.0,13.9,163.0,15.1,166.0,19.4,234.0,2025-05-01,8
16.8,386.0,15.3,316.0,15.9,257.0,21.1,403.0,2025-05-01,9
19.9,582.0,17.6,552.0,17.4,497.0,22.9,583.0,2025-05-01,10
23.0,749.0,20.1,740.0,18.2,563.0,24.3,731.0,2025-05-01,11
25.8,871.0,22.0,841.0,19.1,812.0,26.0,846.0,2025-05-01,12
28.1,935.0,23.4,953.0,19.0,914.0,25.3,381.0,2025-05-01,13
30.1,938.0,22.8,937.0,18.7,922.0,24.9,483.0,2025-05-01,14
31.6,880.0,22.0,853.0,18.7,833.0,26.0,620.0,2025-05-01,15
31.8,764.0,21.8,618.0,18.2,684.0,25.1,503.0,2025-05-01,16
30.4,601.0,21.0,465.0,17.9,518.0,24.2,357.0,2025-05-01,17
27.9,409.0,19.7,350.0,16.6,325.0,24.1,164.0,2025-05-01,18
25.1,208.0,17.8,132.0,15.7,118.0,23.5,54.0,2025-05-01,19
22.1,43.0,15.7,14.0,15.1,9.0,21.4,9.0,2025-05-01,20
18.9,0.0,15.0,0.0,14.9,0.0,20.5,0.0,2025-05-01,21
16.8,0.0,14.7,0.0,14.4,0.0,19.6,0.0,2025-05-01,22
15.5,0.0,14.5,0.0,13.9,0.0,18.1,0.0,2025-05-01,23
14.4,0.0,14.3,0.0,13.6,0.0,17.3,0.0,2025-05-02,0
13.6,0.0,14.0,0.0,13.5,0.0,16.8,0.0,2025-05-02,1
12.7,0.0,13.8,0.0,13.3,0.0,16.3,0.0,2025-05-02,2
12.0,0.0,13.5,0.0,13.0,0.0,15.8,0.0,2025-05-02,3
11.5,0.0,13.1,0.0,12.8,0.0,15.1,0.0,2025-05-02,4
11.1,0.0,12.9,0.0,12.6,0.0,14.6,0.0,2025-05-02,5
10.8,0.0,13.7,0.0,13.9,0.0,15.5,0.0,2025-05-02,6
11.1,30.0,13.4,12.0,14.7,27.0,17.6,77.0,2025-05-02,7
12.5,177.0,13.5,75.0,15.8,132.0,20.3,268.0,2025-05-02,8
14.6,380.0,14.6,215.0,16.9,270.0,22.2,476.0,2025-05-02,9
16.9,581.0,16.4,342.0,17.5,343.0,23.9,654.0,2025-05-02,10
19.4,745.0,19.2,562.0,18.4,565.0,25.5,763.0,2025-05-02,11
21.8,867.0,21.7,824.0,18.9,675.0,26.9,799.0,2025-05-02,12
23.9,929.0,23.2,935.0,19.8,914.0,27.4,781.0,2025-05-02,13
25.6,931.0,23.9,938.0,19.6,927.0,28.2,869.0,2025-05-02,14
27.0,875.0,24.1,866.0,19.0,871.0,28.3,737.0,2025-05-02,15
27.0,762.0,23.8,739.0,18.4,733.0,29.0,629.0,2025-05-02,16
26.8,601.0,22.6,566.0,17.8,547.0,28.8,516.0,2025-05-02,17
24.7,413.0,20.3,360.0,16.4,279.0,28.5,310.0,2025-05-02,18
22.0,211.0,18.1,156.0,15.5,89.0,27.8,136.0,2025-05-02,19
19.1,46.0,15.8,15.0,15.2,4.0,25.8,11.0,2025-05-02,20
17.2,0.0,14.7,0.0,15.3,0.0,23.7,0.0,2025-05-02,21
16.1,0.0,14.5,0.0,15.4,0.0,21.4,0.0,2025-05-02,22
15.4,0.0,14.5,0.0,15.3,0.0,20.9,0.0,2025-05-02,23
14.7,0.0,14.5,0.0,14.9,0.0,20.8,0.0,2025-05-03,0
14.1,0.0,14.6,0.0,14.7,0.0,20.0,0.0,2025-05-03,1
13.6,0.0,14.7,0.0,14.6,0.0,19.0,0.0,2025-05-03,2
13.2,0.0,14.6,0.0,14.5,0.0,18.4,0.0,2025-05-03,3
13.1,0.0,14.5,0.0,14.5,0.0,17.8,0.0,2025-05-03,4
13.0,0.0,14.4,0.0,14.4,0.0,17.4,0.0,2025-05-03,5
13.0,0.0,14.4,0.0,14.4,0.0,17.4,1.0,2025-05-03,6
13.2,17.0,14.6,17.0,14.8,20.0,19.3,81.0,2025-05-03,7
13.8,73.0,14.8,55.0,15.1,88.0,22.0,274.0,2025-05-03,8
15.0,194.0,15.3,120.0,15.5,160.0,24.6,487.0,2025-05-03,9
15.9,241.0,16.4,210.0,16.1,239.0,26.7,678.0,2025-05-03,10
18.1,469.0,17.8,355.0,17.0,391.0,27.7,785.0,2025-05-03,11
20.4,657.0,19.9,592.0,17.3,440.0,28.2,847.0,2025-05-03,12
22.6,756.0,21.8,667.0,17.9,587.0,29.4,876.0,2025-05-03,13
24.3,848.0,23.4,796.0,18.1,641.0,24.5,762.0,2025-05-03,14
25.1,777.0,23.4,825.0,18.5,785.0,26.3,468.0,2025-05-03,15
25.0,639.0,20.8,614.0,17.9,644.0,25.4,442.0,2025-05-03,16
24.1,535.0,19.8,378.0,17.3,411.0,24.2,273.0,2025-05-03,17
22.8,409.0,17.5,196.0,15.9,109.0,20.1,127.0,2025-05-03,18
21.5,214.0,17.1,75.0,15.7,41.0,20.9,34.0,2025-05-03,19
19.8,45.0,16.6,5.0,15.4,3.0,20.7,5.0,2025-05-03,20
18.3,0.0,16.5,0.0,15.3,0.0,20.6,0.0,2025-05-03,21
17.0,0.0,16.1,0.0,14.8,0.0,20.8,0.0,2025-05-03,22
16.0,0.0,15.9,0.0,14.7,0.0,20.5,0.0,2025-05-03,23
15.3,0.0,15.6,0.0,14.4,0.0,19.6,0.0,2025-05-04,0
14.5,0.0,15.4,0.0,14.3,0.0,18.7,0.0,2025-05-04,1
14.0,0.0,14.9,0.0,14.2,0.0,18.7,0.0,2025-05-04,2
14.3,0.0,14.7,0.0,13.9,0.0,16.7,0.0,2025-05-04,3
14.7,0.0,14.6,0.0,13.7,0.0,15.5,0.0,2025-05-04,4
14.4,0.0,14.5,0.0,13.3,0.0,14.7,0.0,2025-05-04,5
13.6,0.0,14.3,0.0,13.0,0.0,15.4,1.0,2025-05-04,6
13.9,37.0,14.2,8.0,12.9,14.0,16.4,54.0,2025-05-04,7
15.5,193.0,14.5,44.0,13.1,76.0,15.2,137.0,2025-05-04,8
17.9,390.0,15.0,98.0,13.6,191.0,14.2,191.0,2025-05-04,9
20.2,569.0,15.6,168.0,14.2,273.0,15.4,273.0,2025-05-04,10
22.3,740.0,17.0,324.0,15.3,455.0,16.9,419.0,2025-05-04,11
24.2,864.0,19.1,557.0,15.8,454.0,19.2,716.0,2025-05-04,12
25.8,929.0,20.1,624.0,16.3,633.0,19.6,621.0,2025-05-04,13
26.6,937.0,20.1,541.0,16.5,641.0,17.8,374.0,2025-05-04,14
27.5,861.0,19.5,495.0,16.1,507.0,18.8,514.0,2025-05-04,15
28.6,739.0,19.0,356.0,15.8,364.0,17.9,348.0,2025-05-04,16
28.5,583.0,18.8,277.0,15.0,150.0,16.4,280.0,2025-05-04,17
27.5,400.0,17.7,249.0,13.8,102.0,14.6,97.0,2025-05-04,18
26.8,188.0,17.1,41.0,13.7,47.0,15.6,66.0,2025-05-04,19
24.6,47.0,16.6,4.0,13.5,3.0,14.8,8.0,2025-05-04,20
23.8,0.0,16.1,0.0,13.5,0.0,14.5,0.0,2025-05-04,21
22.8,0.0,15.2,0.0,13.5,0.0,13.6,0.0,2025-05-04,22
22.7,0.0,14.9,0.0,13.5,0.0,13.6,0.0,2025-05-04,23
20.7,0.0,14.7,0.0,13.3,0.0,13.5,0.0,2025-05-05,0
20.2,0.0,14.5,0.0,13.2,0.0,13.1,0.0,2025-05-05,1
19.7,0.0,14.3,0.0,13.3,0.0,13.1,0.0,2025-05-05,2
19.0,0.0,14.2,0.0,13.1,0.0,12.8,0.0,2025-05-05,3
18.3,0.0,14.1,0.0,13.2,0.0,12.8,0.0,2025-05-05,4
17.6,0.0,14.0,0.0,13.2,0.0,12.4,0.0,2025-05-05,5
17.3,0.0,14.7,0.0,13.1,0.0,12.0,1.0,2025-05-05,6
17.6,41.0,14.7,13.0,13.2,14.0,13.6,62.0,2025-05-05,7
19.1,207.0,14.9,56.0,13.8,83.0,14.7,184.0,2025-05-05,8
21.2,410.0,16.0,228.0,15.0,239.0,14.9,233.0,2025-05-05,9
23.7,603.0,16.6,300.0,16.3,441.0,15.6,278.0,2025-05-05,10
25.4,768.0,18.6,482.0,17.3,650.0,17.4,575.0,2025-05-05,11
27.0,888.0,21.4,709.0,17.2,593.0,15.1,234.0,2025-05-05,12
28.4,946.0,23.1,765.0,17.4,758.0,16.6,565.0,2025-05-05,13
29.6,951.0,22.9,676.0,17.4,750.0,16.9,531.0,2025-05-05,14
29.9,902.0,21.6,529.0,17.4,692.0,16.8,379.0,2025-05-05,15
30.8,789.0,22.0,571.0,17.0,556.0,17.5,221.0,2025-05-05,16
31.0,629.0,21.5,469.0,16.7,387.0,17.7,383.0,2025-05-05,17
30.0,432.0,18.8,169.0,15.4,215.0,17.0,210.0,2025-05-05,18
29.4,224.0,18.2,63.0,14.8,111.0,16.5,82.0,2025-05-05,19
27.8,53.0,17.5,8.0,14.2,10.0,15.6,9.0,2025-05-05,20
26.7,0.0,16.6,0.0,13.9,0.0,15.5,0.0,2025-05-05,21
25.3,0.0,16.0,0.0,13.5,0.0,14.9,0.0,2025-05-05,22
24.0,0.0,15.5,0.0,13.0,0.0,14.2,0.0,2025-05-05,23
23.3,0.0,15.2,0.0,12.8,0.0,13.5,0.0,2025-05-06,0
21.9,0.0,15.0,0.0,12.4,0.0,13.1,0.0,2025-05-06,1
21.2,0.0,14.7,0.0,12.5,0.0,12.6,0.0,2025-05-06,2
20.3,0.0,14.5,0.0,12.3,0.0,12.2,0.0,2025-05-06,3
19.4,0.0,14.5,0.0,12.2,0.0,11.9,0.0,2025-05-06,4
18.4,0.0,14.5,0.0,12.5,0.0,11.4,0.0,2025-05-06,5
17.7,0.0,14.7,0.0,13.0,0.0,11.7,1.0,2025-05-06,6
17.6,44.0,14.8,14.0,13.8,44.0,12.8,87.0,2025-05-06,7
19.1,214.0,15.1,75.0,15.1,202.0,14.4,281.0,2025-05-06,8
21.8,421.0,15.9,182.0,16.6,394.0,15.9,464.0,2025-05-06,9
24.1,618.0,16.5,226.0,17.8,572.0,17.4,670.0,2025-05-06,10
26.1,785.0,18.2,435.0,17.5,429.0,19.1,856.0,2025-05-06,11
28.1,904.0,19.4,431.0,17.3,498.0,20.4,977.0,2025-05-06,12
29.7,967.0,20.7,604.0,17.8,625.0,21.8,1027.0,2025-05-06,13
31.1,969.0,21.4,648.0,17.9,648.0,22.6,974.0,2025-05-06,14
31.9,913.0,21.9,717.0,17.2,401.0,22.6,835.0,2025-05-06,15
32.2,800.0,21.5,593.0,16.9,381.0,21.7,554.0,2025-05-06,16
31.8,637.0,20.5,395.0,16.4,268.0,22.8,343.0,2025-05-06,17
30.8,441.0,17.3,121.0,15.3,183.0,21.4,151.0,2025-05-06,18
30.3,232.0,17.0,64.0,14.9,93.0,19.8,119.0,2025-05-06,19
25.8,55.0,16.5,6.0,14.2,11.0,16.8,14.0,2025-05-06,20
21.9,0.0,16.0,0.0,14.0,0.0,14.8,0.0,2025-05-06,21
20.8,0.0,15.8,0.0,13.9,0.0,13.6,0.0,2025-05-06,22
19.0,0.0,15.5,0.0,13.9,0.0,12.7,0.0,2025-05-06,23
16.8,0.0,15.4,0.0,13.7,0.0,12.0,0.0,2025-05-07,0
15.3,0.0,15.3,0.0,13.9,0.0,12.0,0.0,2025-05-07,1
14.1,0.0,15.1,0.0,13.6,0.0,12.1,0.0,2025-05-07,2
13.2,0.0,14.8,0.0,13.3,0.0,11.4,0.0,2025-05-07,3
12.4,0.0,14.4,0.0,12.7,0.0,11.1,0.0,2025-05-07,4
12.0,0.0,13.7,0.0,13.0,0.0,10.8,0.0,2025-05-07,5
11.7,0.0,13.4,0.0,13.1,0.0,11.0,1.0,2025-05-07,6
12.3,35.0,13.6,42.0,14.2,45.0,12.6,87.0,2025-05-07,7
13.9,163.0,14.7,172.0,15.4,135.0,14.2,281.0,2025-05-07,8
16.0,345.0,16.5,344.0,16.8,303.0,16.1,492.0,2025-05-07,9
18.2,562.0,19.0,589.0,17.9,454.0,17.8,684.0,2025-05-07,10
20.3,744.0,21.4,801.0,19.2,611.0,19.1,838.0,2025-05-07,11
22.5,872.0,23.6,914.0,20.1,816.0,20.6,927.0,2025-05-07,12
24.4,937.0,24.6,968.0,19.9,962.0,22.5,924.0,2025-05-07,13
25.7,940.0,24.6,933.0,20.0,951.0,23.8,872.0,2025-05-07,14
26.6,885.0,24.4,876.0,19.9,875.0,24.7,816.0,2025-05-07,15
27.0,773.0,24.3,745.0,19.2,738.0,25.2,720.0,2025-05-07,16
26.6,615.0,24.0,570.0,19.1,549.0,25.3,562.0,2025-05-07,17
24.7,425.0,22.1,367.0,18.0,348.0,24.7,354.0,2025-05-07,18
23.0,225.0,19.7,163.0,17.0,144.0,23.7,152.0,2025-05-07,19
20.8,55.0,17.8,20.0,16.2,12.0,21.1,15.0,2025-05-07,20
19.0,0.0,16.7,0.0,15.9,0.0,19.9,0.0,2025-05-07,21
17.5,0.0,16.1,0.0,15.6,0.0,19.7,0.0,2025-05-07,22
16.1,0.0,15.8,0.0,15.2,0.0,18.9,0.0,2025-05-07,23
15.2,0.0,15.6,0.0,14.8,0.0,18.0,0.0,2025-05-08,0
14.5,0.0,15.1,0.0,14.6,0.0,17.2,0.0,2025-05-08,1
13.9,0.0,14.6,0.0,14.2,0.0,16.8,0.0,2025-05-08,2
13.3,0.0,14.2,0.0,14.0,0.0,16.4,0.0,2025-05-08,3
12.8,0.0,13.6,0.0,13.8,0.0,15.8,0.0,2025-05-08,4
12.4,0.0,13.2,0.0,13.6,0.0,15.4,0.0,2025-05-08,5
11.6,0.0,12.9,0.0,14.3,0.0,16.9,2.0,2025-05-08,6
12.0,45.0,14.1,57.0,15.2,33.0,18.0,91.0,2025-05-08,7
13.5,208.0,16.3,237.0,15.7,133.0,20.0,285.0,2025-05-08,8
16.0,406.0,19.0,447.0,17.0,288.0,21.9,495.0,2025-05-08,9
19.1,598.0,21.9,645.0,19.3,613.0,23.6,686.0,2025-05-08,10
22.3,761.0,24.9,809.0,20.5,817.0,25.3,840.0,2025-05-08,11
25.4,878.0,27.4,920.0,21.1,930.0,26.8,926.0,2025-05-08,12
28.0,940.0,28.7,970.0,21.6,979.0,28.2,966.0,2025-05-08,13
30.2,943.0,29.1,959.0,22.0,964.0,29.2,933.0,2025-05-08,14
31.6,887.0,29.0,883.0,21.9,884.0,29.7,842.0,2025-05-08,15
32.4,776.0,28.4,750.0,21.5,748.0,29.8,722.0,2025-05-08,16
32.5,616.0,27.0,573.0,20.7,566.0,29.7,556.0,2025-05-08,17
32.0,429.0,25.0,373.0,19.5,357.0,28.9,337.0,2025-05-08,18
31.1,229.0,23.0,168.0,18.4,150.0,27.8,152.0,2025-05-08,19
29.6,57.0,20.7,21.0,17.4,14.0,24.9,16.0,2025-05-08,20
27.7,0.0,19.6,0.0,17.0,0.0,23.2,0.0,2025-05-08,21
26.3,0.0,19.1,0.0,16.8,0.0,22.6,0.0,2025-05-08,22
24.2,0.0,18.4,0.0,16.2,0.0,22.2,0.0,2025-05-08,23
22.4,0.0,18.0,0.0,16.1,0.0,21.5,0.0,2025-05-09,0
21.0,0.0,17.9,0.0,15.5,0.0,20.8,0.0,2025-05-09,1
19.7,0.0,17.7,0.0,15.0,0.0,19.9,0.0,2025-05-09,2
18.7,0.0,17.4,0.0,14.6,0.0,19.1,0.0,2025-05-09,3
18.2,0.0,16.6,0.0,14.2,0.0,18.4,0.0,2025-05-09,4
17.7,0.0,16.1,0.0,13.6,0.0,17.9,0.0,2025-05-09,5
16.2,0.0,16.6,0.0,13.4,0.0,18.6,2.0,2025-05-09,6
17.4,48.0,17.8,60.0,14.8,63.0,20.8,95.0,2025-05-09,7
19.1,215.0,20.2,242.0,17.2,249.0,24.0,290.0,2025-05-09,8
22.0,416.0,23.7,453.0,20.0,465.0,26.4,501.0,2025-05-09,9
25.1,609.0,27.6,651.0,22.3,664.0,28.1,692.0,2025-05-09,10
28.0,772.0,31.2,813.0,23.9,825.0,29.4,842.0,2025-05-09,11
30.5,881.0,34.1,924.0,24.6,936.0,30.7,930.0,2025-05-09,12
32.6,954.0,36.0,975.0,25.2,967.0,31.5,952.0,2025-05-09,13
34.1,958.0,36.2,966.0,26.0,963.0,31.7,832.0,2025-05-09,14
35.1,901.0,35.9,889.0,25.5,879.0,31.8,735.0,2025-05-09,15
35.7,789.0,36.0,758.0,24.7,743.0,32.0,637.0,2025-05-09,16
35.7,630.0,34.9,581.0,23.7,553.0,32.0,508.0,2025-05-09,17
34.7,439.0,32.3,376.0,21.4,358.0,32.6,357.0,2025-05-09,18
34.0,235.0,30.6,171.0,19.5,153.0,31.6,157.0,2025-05-09,19
32.0,60.0,27.8,22.0,18.4,15.0,29.2,17.0,2025-05-09,20
29.9,0.0,26.1,0.0,18.1,0.0,25.8,0.0,2025-05-09,21
28.4,0.0,24.7,0.0,17.8,0.0,24.0,0.0,2025-05-09,22
26.4,0.0,22.9,0.0,17.3,0.0,23.0,0.0,2025-05-09,23
25.1,0.0,21.9,0.0,16.6,0.0,22.0,0.0,2025-05-10,0
23.5,0.0,21.3,0.0,16.2,0.0,21.7,0.0,2025-05-10,1
22.2,0.0,20.4,0.0,16.5,0.0,21.1,0.0,2025-05-10,2
21.1,0.0,19.5,0.0,16.6,0.0,21.0,0.0,2025-05-10,3
20.2,0.0,19.0,0.0,16.4,0.0,20.5,0.0,2025-05-10,4
19.5,0.0,18.2,0.0,16.2,0.0,20.0,0.0,2025-05-10,5
17.9,0.0,18.0,0.0,15.1,0.0,20.6,2.0,2025-05-10,6
18.2,48.0,19.3,62.0,16.2,68.0,22.9,97.0,2025-05-10,7
20.3,216.0,22.3,244.0,19.7,257.0,26.2,292.0,2025-05-10,8
23.3,419.0,26.4,455.0,23.7,468.0,28.8,503.0,2025-05-10,9
26.7,611.0,30.6,653.0,26.2,670.0,31.5,690.0,2025-05-10,10
29.8,773.0,34.2,814.0,28.0,831.0,33.8,843.0,2025-05-10,11
32.4,889.0,36.9,926.0,29.5,942.0,34.6,954.0,2025-05-10,12
34.1,950.0,38.6,981.0,29.4,991.0,36.5,993.0,2025-05-10,13
35.3,952.0,39.4,973.0,29.6,971.0,35.4,937.0,2025-05-10,14
36.1,894.0,39.6,901.0,29.0,891.0,35.6,855.0,2025-05-10,15
36.4,781.0,37.9,770.0,26.5,754.0,35.0,700.0,2025-05-10,16
35.6,622.0,36.3,594.0,25.6,574.0,34.6,516.0,2025-05-10,17
34.1,432.0,34.2,387.0,24.7,364.0,33.7,352.0,2025-05-10,18
31.6,232.0,31.7,175.0,23.7,156.0,32.4,154.0,2025-05-10,19
29.1,61.0,28.3,23.0,21.4,15.0,30.0,18.0,2025-05-10,20
27.0,0.0,27.1,0.0,20.2,0.0,28.8,0.0,2025-05-10,21
25.1,0.0,26.4,0.0,19.9,0.0,27.7,0.0,2025-05-10,22
23.1,0.0,24.8,0.0,19.6,0.0,27.1,0.0,2025-05-10,23
21.3,0.0,22.8,0.0,18.9,0.0,26.7,0.0,2025-05-11,0
20.0,0.0,21.8,0.0,18.2,0.0,25.9,0.0,2025-05-11,1
19.2,0.0,20.5,0.0,17.5,0.0,25.1,0.0,2025-05-11,2
18.4,0.0,19.6,0.0,17.3,0.0,24.3,0.0,2025-05-11,3
17.6,0.0,19.0,0.0,17.5,0.0,23.5,0.0,2025-05-11,4
16.6,0.0,18.5,0.0,17.2,0.0,22.8,0.0,2025-05-11,5
15.5,0.0,18.2,0.0,16.6,0.0,23.5,3.0,2025-05-11,6
15.7,52.0,20.0,59.0,17.7,63.0,24.5,99.0,2025-05-11,7
17.0,221.0,22.8,241.0,19.7,224.0,27.2,297.0,2025-05-11,8
19.5,422.0,26.0,424.0,22.3,473.0,29.4,512.0,2025-05-11,9
22.5,615.0,29.6,649.0,24.7,622.0,31.0,707.0,2025-05-11,10
24.6,774.0,32.8,819.0,26.3,825.0,32.4,861.0,2025-05-11,11
25.1,891.0,34.6,930.0,24.4,893.0,33.2,964.0,2025-05-11,12
25.3,955.0,35.5,981.0,23.6,907.0,33.3,1008.0,2025-05-11,13
25.2,956.0,35.3,967.0,24.1,847.0,34.8,986.0,2025-05-11,14
24.9,902.0,34.4,903.0,24.4,768.0,35.1,901.0,2025-05-11,15
24.0,797.0,32.4,775.0,23.2,667.0,34.6,768.0,2025-05-11,16
22.4,608.0,30.7,596.0,20.6,462.0,34.0,585.0,2025-05-11,17
21.4,438.0,27.7,391.0,19.3,312.0,32.9,374.0,2025-05-11,18
19.3,238.0,26.3,180.0,17.7,131.0,32.0,166.0,2025-05-11,19
17.0,63.0,24.3,24.0,16.7,15.0,29.6,19.0,2025-05-11,20
15.5,0.0,22.6,0.0,16.1,0.0,29.2,0.0,2025-05-11,21
14.6,0.0,21.4,0.0,15.9,0.0,27.2,0.0,2025-05-11,22
14.0,0.0,20.4,0.0,15.3,0.0,25.9,0.0,2025-05-11,23
13.6,0.0,19.6,0.0,15.0,0.0,25.0,0.0,2025-05-12,0
13.3,0.0,18.4,0.0,14.9,0.0,23.7,0.0,2025-05-12,1
12.8,0.0,17.0,0.0,14.9,0.0,22.9,0.0,2025-05-12,2
12.6,0.0,16.2,0.0,15.0,0.0,22.3,0.0,2025-05-12,3
12.3,0.0,15.8,0.0,15.0,0.0,22.0,0.0,2025-05-12,4
12.0,0.0,15.5,0.0,14.9,0.0,21.5,0.0,2025-05-12,5
12.6,0.0,15.3,0.0,15.0,0.0,21.5,3.0,2025-05-12,6
12.8,9.0,15.8,47.0,15.4,30.0,22.7,105.0,2025-05-12,7
12.4,32.0,17.0,195.0,16.1,123.0,23.8,308.0,2025-05-12,8
12.9,56.0,19.0,376.0,17.4,326.0,24.7,522.0,2025-05-12,9
13.6,150.0,21.0,571.0,18.5,520.0,26.0,717.0,2025-05-12,10
15.5,362.0,23.2,811.0,19.6,735.0,27.1,872.0,2025-05-12,11
17.5,694.0,24.8,918.0,20.4,894.0,28.0,978.0,2025-05-12,12
18.5,786.0,24.6,969.0,20.4,938.0,29.1,1020.0,2025-05-12,13
19.5,836.0,24.6,935.0,19.7,840.0,29.9,995.0,2025-05-12,14
20.4,843.0,23.8,746.0,19.3,719.0,30.0,903.0,2025-05-12,15
20.3,693.0,21.8,636.0,19.1,725.0,29.6,761.0,2025-05-12,16
19.5,517.0,21.0,519.0,18.2,517.0,28.6,564.0,2025-05-12,17
18.6,319.0,20.0,333.0,17.5,357.0,26.8,332.0,2025-05-12,18
16.4,180.0,18.5,153.0,16.7,150.0,25.4,144.0,2025-05-12,19
15.8,52.0,16.8,23.0,16.3,15.0,23.4,17.0,2025-05-12,20
15.1,0.0,16.1,0.0,16.3,0.0,21.7,0.0,2025-05-12,21
14.4,0.0,15.7,0.0,16.3,0.0,20.1,0.0,2025-05-12,22
13.5,0.0,15.2,0.0,16.0,0.0,18.7,0.0,2025-05-12,23
13.0,0.0,14.7,0.0,15.8,0.0,17.3,0.0,2025-05-13,0
12.6,0.0,14.4,0.0,15.5,0.0,16.3,0.0,2025-05-13,1
12.1,0.0,14.1,0.0,15.2,0.0,15.7,0.0,2025-05-13,2
11.7,0.0,14.0,0.0,15.3,0.0,14.8,0.0,2025-05-13,3
11.3,0.0,13.6,0.0,15.1,0.0,13.8,0.0,2025-05-13,4
10.8,0.0,12.9,0.0,14.8,0.0,13.1,0.0,2025-05-13,5
11.0,0.0,13.8,0.0,15.1,0.0,12.8,3.0,2025-05-13,6
11.8,42.0,14.3,60.0,15.1,48.0,13.5,99.0,2025-05-13,7
13.0,172.0,15.5,227.0,15.4,109.0,14.6,274.0,2025-05-13,8
14.5,338.0,17.2,424.0,16.4,282.0,15.6,502.0,2025-05-13,9
16.0,453.0,19.4,641.0,17.4,448.0,16.8,702.0,2025-05-13,10
17.8,635.0,21.4,782.0,18.2,610.0,18.0,805.0,2025-05-13,11
19.4,774.0,23.0,825.0,18.0,528.0,19.4,911.0,2025-05-13,12
21.1,882.0,23.7,910.0,17.9,588.0,20.9,934.0,2025-05-13,13
22.3,904.0,23.2,908.0,18.3,699.0,22.1,929.0,2025-05-13,14
22.8,804.0,22.2,657.0,18.2,611.0,22.3,779.0,2025-05-13,15
22.9,692.0,22.3,676.0,18.1,554.0,22.5,567.0,2025-05-13,16
22.9,588.0,22.4,576.0,17.9,518.0,22.2,406.0,2025-05-13,17
23.0,414.0,19.9,339.0,16.8,321.0,21.5,227.0,2025-05-13,18
22.5,229.0,18.5,159.0,16.3,129.0,21.2,102.0,2025-05-13,19
21.4,64.0,17.5,24.0,15.7,14.0,20.5,13.0,2025-05-13,20
20.0,0.0,17.1,0.0,15.4,0.0,19.2,0.0,2025-05-13,21
19.2,0.0,16.4,0.0,15.3,0.0,18.8,0.0,2025-05-13,22
18.0,0.0,15.7,0.0,14.9,0.0,18.0,0.0,2025-05-13,23
16.8,0.0,15.2,0.0,14.8,0.0,16.3,0.0,2025-05-14,0
15.9,0.0,14.8,0.0,14.1,0.0,15.7,0.0,2025-05-14,1
14.9,0.0,14.2,0.0,14.3,0.0,15.5,0.0,2025-05-14,2
14.2,0.0,13.5,0.0,13.9,0.0,15.2,0.0,2025-05-14,3
13.5,0.0,12.9,0.0,14.0,0.0,14.4,0.0,2025-05-14,4
12.8,0.0,12.1,0.0,14.5,0.0,13.3,0.0,2025-05-14,5
12.6,0.0,12.3,0.0,13.3,0.0,12.7,4.0,2025-05-14,6
13.3,55.0,13.3,68.0,14.3,57.0,13.8,108.0,2025-05-14,7
14.9,222.0,14.5,253.0,16.0,260.0,15.2,312.0,2025-05-14,8
17.1,420.0,16.8,464.0,17.6,477.0,17.0,526.0,2025-05-14,9
19.5,610.0,19.2,656.0,18.6,617.0,18.8,720.0,2025-05-14,10
21.7,771.0,21.7,816.0,19.1,835.0,20.0,877.0,2025-05-14,11
23.8,886.0,23.5,927.0,19.5,945.0,20.9,985.0,2025-05-14,12
25.5,948.0,24.1,987.0,19.8,994.0,21.8,1028.0,2025-05-14,13
26.5,951.0,23.7,966.0,20.0,982.0,22.4,1006.0,2025-05-14,14
27.3,889.0,23.6,889.0,19.8,903.0,23.1,927.0,2025-05-14,15
27.7,775.0,23.4,761.0,19.6,766.0,23.6,767.0,2025-05-14,16
27.5,633.0,23.1,590.0,19.4,585.0,24.1,594.0,2025-05-14,17
26.1,283.0,22.1,386.0,18.1,367.0,23.0,388.0,2025-05-14,18
26.0,172.0,20.8,181.0,17.2,153.0,22.2,174.0,2025-05-14,19
24.0,64.0,18.4,27.0,16.5,17.0,20.5,22.0,2025-05-14,20
21.3,0.0,16.9,0.0,16.4,0.0,19.4,0.0,2025-05-14,21
20.2,0.0,16.1,0.0,15.8,0.0,18.2,0.0,2025-05-14,22
19.3,0.0,15.6,0.0,15.1,0.0,16.3,0.0,2025-05-14,23
18.5,0.0,15.4,0.0,14.5,0.0,15.4,0.0,2025-05-15,0
17.7,0.0,15.2,0.0,14.0,0.0,14.6,0.0,2025-05-15,1
16.8,0.0,14.8,0.0,13.8,0.0,14.3,0.0,2025-05-15,2
16.0,0.0,14.2,0.0,13.9,0.0,14.1,0.0,2025-05-15,3
15.1,0.0,13.7,0.0,14.4,0.0,14.0,0.0,2025-05-15,4
14.3,0.0,13.5,0.0,14.1,0.0,13.8,0.0,2025-05-15,5
13.9,0.0,13.3,0.0,14.3,0.0,14.3,4.0,2025-05-15,6
14.3,57.0,14.2,57.0,14.5,41.0,15.8,109.0,2025-05-15,7
16.0,226.0,15.4,207.0,15.4,197.0,18.3,309.0,2025-05-15,8
18.5,424.0,17.3,404.0,17.0,430.0,19.9,522.0,2025-05-15,9
21.4,613.0,19.6,632.0,18.2,630.0,21.7,715.0,2025-05-15,10
24.0,770.0,22.2,809.0,19.0,809.0,23.7,870.0,2025-05-15,11
26.4,885.0,24.5,930.0,19.4,934.0,24.9,975.0,2025-05-15,12
28.2,947.0,26.0,984.0,19.8,989.0,25.8,1023.0,2025-05-15,13
29.5,951.0,26.2,974.0,19.8,977.0,26.5,1002.0,2025-05-15,14
30.4,893.0,25.9,899.0,19.6,898.0,26.9,921.0,2025-05-15,15
30.8,775.0,25.3,768.0,19.4,762.0,27.1,783.0,2025-05-15,16
30.7,604.0,23.9,596.0,18.9,583.0,27.1,599.0,2025-05-15,17
30.0,394.0,21.6,389.0,17.5,372.0,26.5,388.0,2025-05-15,18
28.8,236.0,19.5,183.0,16.6,164.0,25.7,176.0,2025-05-15,19
25.5,66.0,17.7,28.0,15.8,19.0,23.9,23.0,2025-05-15,20
24.3,0.0,16.8,0.0,15.6,0.0,22.3,0.0,2025-05-15,21
23.2,0.0,16.2,0.0,15.4,0.0,20.8,0.0,2025-05-15,22
21.7,0.0,15.8,0.0,15.2,0.0,18.8,0.0,2025-05-15,23
20.3,0.0,15.6,0.0,15.0,0.0,18.0,0.0,2025-05-16,0
19.0,0.0,15.2,0.0,14.5,0.0,17.6,0.0,2025-05-16,1
17.9,0.0,14.9,0.0,13.9,0.0,17.0,0.0,2025-05-16,2
16.9,0.0,14.5,0.0,13.8,0.0,16.3,0.0,2025-05-16,3
16.2,0.0,14.3,0.0,13.4,0.0,15.9,0.0,2025-05-16,4
15.5,0.0,14.4,0.0,13.0,0.0,15.6,0.0,2025-05-16,5
14.9,0.0,14.1,0.0,14.0,0.0,15.2,4.0,2025-05-16,6
15.3,56.0,14.4,43.0,14.5,47.0,17.5,110.0,2025-05-16,7
16.9,221.0,15.3,173.0,15.3,139.0,20.1,308.0,2025-05-16,8
19.1,417.0,17.1,371.0,16.1,267.0,22.2,519.0,2025-05-16,9
21.8,605.0,19.2,563.0,17.4,430.0,24.0,711.0,2025-05-16,10
24.8,762.0,21.5,775.0,18.5,586.0,25.7,863.0,2025-05-16,11
27.2,879.0,23.5,898.0,19.3,841.0,27.2,962.0,2025-05-16,12
29.2,941.0,24.6,974.0,19.1,976.0,28.5,985.0,2025-05-16,13
30.7,944.0,23.9,959.0,19.1,961.0,28.9,882.0,2025-05-16,14
31.8,891.0,23.1,882.0,18.8,895.0,28.7,697.0,2025-05-16,15
32.2,781.0,22.4,722.0,18.5,759.0,28.2,476.0,2025-05-16,16
32.2,622.0,21.4,509.0,18.0,566.0,28.1,358.0,2025-05-16,17
31.0,379.0,19.1,262.0,16.8,351.0,27.8,343.0,2025-05-16,18
29.4,241.0,17.5,123.0,16.0,158.0,27.1,168.0,2025-05-16,19
25.4,69.0,16.5,21.0,15.4,19.0,24.8,23.0,2025-05-16,20
23.4,1.0,16.3,0.0,15.2,0.0,24.0,0.0,2025-05-16,21
21.4,0.0,16.1,0.0,15.2,0.0,23.0,0.0,2025-05-16,22
19.6,0.0,15.9,0.0,15.3,0.0,21.5,0.0,2025-05-16,23
18.1,0.0,15.8,0.0,15.1,0.0,20.4,0.0,2025-05-17,0
16.8,0.0,15.7,0.0,15.0,0.0,19.6,0.0,2025-05-17,1
15.6,0.0,15.6,0.0,15.0,0.0,18.7,0.0,2025-05-17,2
14.8,0.0,15.6,0.0,14.9,0.0,18.0,0.0,2025-05-17,3
14.7,0.0,15.6,0.0,14.9,0.0,17.2,0.0,2025-05-17,4
14.6,0.0,15.7,0.0,14.6,0.0,16.7,0.0,2025-05-17,5
13.7,0.0,15.6,0.0,14.5,0.0,17.4,5.0,2025-05-17,6
14.0,38.0,15.7,30.0,14.6,39.0,19.5,105.0,2025-05-17,7
15.6,200.0,16.3,111.0,14.9,107.0,21.7,256.0,2025-05-17,8
18.6,398.0,17.3,291.0,15.9,237.0,23.3,495.0,2025-05-17,9
20.7,608.0,17.8,330.0,16.3,241.0,24.0,520.0,2025-05-17,10
22.4,732.0,18.7,418.0,16.8,337.0,24.6,570.0,2025-05-17,11
24.8,823.0,19.6,480.0,16.7,323.0,25.1,656.0,2025-05-17,12
25.9,851.0,19.5,461.0,16.5,388.0,24.9,603.0,2025-05-17,13
25.9,726.0,18.9,310.0,16.2,315.0,26.4,864.0,2025-05-17,14
25.8,668.0,19.9,551.0,16.4,314.0,25.9,634.0,2025-05-17,15
25.3,625.0,19.1,405.0,16.7,381.0,24.7,334.0,2025-05-17,16
25.4,556.0,18.2,301.0,16.3,283.0,24.8,386.0,2025-05-17,17
25.5,313.0,16.0,118.0,15.5,137.0,24.1,324.0,2025-05-17,18
25.4,219.0,15.4,101.0,15.3,48.0,22.7,100.0,2025-05-17,19
23.5,70.0,14.7,15.0,14.8,6.0,18.0,13.0,2025-05-17,20
20.7,1.0,14.3,0.0,14.8,0.0,18.5,0.0,2025-05-17,21
19.2,0.0,14.1,0.0,15.2,0.0,17.2,0.0,2025-05-17,22
18.2,0.0,13.5,0.0,14.9,0.0,16.9,0.0,2025-05-17,23
17.4,0.0,13.3,0.0,14.7,0.0,17.8,0.0,2025-05-18,0
16.7,0.0,13.2,0.0,14.6,0.0,16.5,0.0,2025-05-18,1
15.6,0.0,13.4,0.0,14.6,0.0,15.4,0.0,2025-05-18,2
15.0,0.0,13.1,0.0,14.6,0.0,14.8,0.0,2025-05-18,3
14.6,0.0,12.7,0.0,14.5,0.0,14.4,0.0,2025-05-18,4
15.1,0.0,12.9,0.0,14.4,0.0,13.9,0.0,2025-05-18,5
15.4,0.0,14.0,0.0,14.8,0.0,14.1,5.0,2025-05-18,6
16.1,63.0,15.0,35.0,15.1,41.0,15.5,112.0,2025-05-18,7
17.2,236.0,16.0,129.0,15.7,169.0,17.3,309.0,2025-05-18,8
18.9,432.0,17.3,273.0,16.3,278.0,18.9,520.0,2025-05-18,9
21.4,619.0,18.3,337.0,17.1,419.0,20.5,714.0,2025-05-18,10
24.0,780.0,21.1,749.0,17.7,495.0,22.1,871.0,2025-05-18,11
25.7,903.0,24.1,903.0,18.3,661.0,23.5,976.0,2025-05-18,12
27.1,969.0,25.1,877.0,18.4,672.0,24.5,1020.0,2025-05-18,13
28.2,973.0,23.7,934.0,19.0,825.0,25.4,998.0,2025-05-18,14
28.9,916.0,23.0,890.0,18.7,751.0,25.8,913.0,2025-05-18,15
29.2,805.0,22.5,757.0,18.4,721.0,26.0,781.0,2025-05-18,16
29.3,647.0,22.1,585.0,18.0,549.0,26.2,600.0,2025-05-18,17
28.4,456.0,20.7,385.0,17.1,285.0,25.9,390.0,2025-05-18,18
27.7,253.0,19.4,185.0,16.6,149.0,25.8,161.0,2025-05-18,19
27.1,75.0,18.1,30.0,15.9,20.0,23.7,26.0,2025-05-18,20
25.6,1.0,17.1,0.0,15.5,0.0,22.0,0.0,2025-05-18,21
24.3,0.0,16.3,0.0,15.2,0.0,21.3,0.0,2025-05-18,22
23.1,0.0,15.6,0.0,14.9,0.0,20.1,0.0,2025-05-18,23
21.7,0.0,15.1,0.0,14.6,0.0,19.0,0.0,2025-05-19,0
20.9,0.0,14.6,0.0,14.2,0.0,17.9,0.0,2025-05-19,1
20.6,0.0,14.4,0.0,13.8,0.0,16.8,0.0,2025-05-19,2
19.8,0.0,13.9,0.0,13.4,0.0,15.5,0.0,2025-05-19,3
19.3,0.0,13.8,0.0,13.2,0.0,14.2,0.0,2025-05-19,4
18.8,0.0,13.2,0.0,12.7,0.0,13.5,0.0,2025-05-19,5
18.0,0.0,13.4,0.0,13.0,1.0,16.0,6.0,2025-05-19,6
18.7,65.0,14.5,69.0,14.3,80.0,17.5,118.0,2025-05-19,7
20.5,236.0,15.8,222.0,16.2,268.0,19.6,319.0,2025-05-19,8
22.8,433.0,17.8,454.0,18.2,480.0,21.7,530.0,2025-05-19,9
25.2,622.0,20.3,660.0,19.9,677.0,23.2,723.0,2025-05-19,10
27.6,785.0,23.5,827.0,20.9,837.0,24.5,877.0,2025-05-19,11
29.2,901.0,26.8,940.0,21.4,946.0,25.8,979.0,2025-05-19,12
30.6,959.0,28.1,990.0,22.1,997.0,27.0,1021.0,2025-05-19,13
31.8,960.0,27.9,978.0,22.3,983.0,28.2,999.0,2025-05-19,14
32.5,904.0,27.3,901.0,21.8,905.0,29.1,917.0,2025-05-19,15
32.8,791.0,26.7,769.0,21.2,770.0,29.4,781.0,2025-05-19,16
32.9,633.0,26.1,601.0,20.9,590.0,29.4,600.0,2025-05-19,17
32.4,444.0,25.2,396.0,19.8,382.0,29.7,391.0,2025-05-19,18
29.8,246.0,23.6,192.0,18.9,173.0,28.8,182.0,2025-05-19,19
27.0,74.0,21.6,33.0,17.8,22.0,26.9,27.0,2025-05-19,20
25.8,1.0,20.2,0.0,17.4,0.0,24.6,0.0,2025-05-19,21
25.2,0.0,19.3,0.0,16.9,0.0,23.5,0.0,2025-05-19,22
24.0,0.0,18.4,0.0,16.2,0.0,21.6,0.0,2025-05-19,23
22.4,0.0,18.2,0.0,15.7,0.0,20.1,0.0,2025-05-20,0
21.5,0.0,17.8,0.0,15.2,0.0,19.4,0.0,2025-05-20,1
20.0,0.0,17.0,0.0,14.8,0.0,19.3,0.0,2025-05-20,2
18.8,0.0,16.3,0.0,14.5,0.0,18.9,0.0,2025-05-20,3
18.6,0.0,15.6,0.0,14.1,0.0,18.5,0.0,2025-05-20,4
18.6,0.0,14.9,0.0,13.8,0.0,17.8,0.0,2025-05-20,5
18.2,0.0,15.2,1.0,13.3,1.0,17.1,6.0,2025-05-20,6
18.7,67.0,16.9,78.0,15.0,81.0,19.0,119.0,2025-05-20,7
20.4,243.0,19.3,265.0,18.0,275.0,21.8,320.0,2025-05-20,8
22.2,444.0,22.1,475.0,20.8,489.0,24.0,530.0,2025-05-20,9
24.4,636.0,25.1,671.0,22.8,686.0,25.8,720.0,2025-05-20,10
26.9,800.0,28.1,832.0,23.2,846.0,27.3,872.0,2025-05-20,11
29.1,920.0,30.7,942.0,24.1,955.0,28.8,973.0,2025-05-20,12
30.7,984.0,32.2,993.0,24.7,1005.0,30.3,1017.0,2025-05-20,13
31.6,987.0,32.2,981.0,25.1,990.0,31.3,996.0,2025-05-20,14
32.2,929.0,31.7,909.0,25.0,911.0,31.5,913.0,2025-05-20,15
32.4,815.0,31.2,778.0,24.6,775.0,31.5,777.0,2025-05-20,16
32.5,656.0,30.6,608.0,23.7,596.0,31.4,599.0,2025-05-20,17
31.1,465.0,29.4,406.0,21.7,388.0,30.8,396.0,2025-05-20,18
30.7,263.0,27.4,198.0,20.3,177.0,30.0,187.0,2025-05-20,19
29.6,81.0,25.0,34.0,18.9,24.0,26.9,28.0,2025-05-20,20
27.4,1.0,23.3,0.0,18.0,0.0,24.5,0.0,2025-05-20,21
25.4,0.0,21.9,0.0,17.5,0.0,23.9,0.0,2025-05-20,22
23.1,0.0,20.9,0.0,16.9,0.0,22.9,0.0,2025-05-20,23
21.9,0.0,20.1,0.0,16.4,0.0,21.8,0.0,2025-05-21,0
20.6,0.0,19.8,0.0,15.8,0.0,21.3,0.0,2025-05-21,1
19.7,0.0,19.1,0.0,15.3,0.0,21.1,0.0,2025-05-21,2
18.7,0.0,18.4,0.0,14.9,0.0,20.4,0.0,2025-05-21,3
17.4,0.0,18.0,0.0,14.3,0.0,19.8,0.0,2025-05-21,4
16.4,0.0,17.4,0.0,14.0,0.0,19.2,0.0,2025-05-21,5
16.6,0.0,15.9,1.0,13.8,1.0,20.2,6.0,2025-05-21,6
17.6,68.0,17.5,79.0,14.5,68.0,21.7,119.0,2025-05-21,7
19.3,242.0,19.8,267.0,17.2,267.0,24.1,318.0,2025-05-21,8
21.7,442.0,22.9,477.0,20.0,485.0,26.2,528.0,2025-05-21,9
24.3,632.0,26.3,673.0,22.6,688.0,27.9,719.0,2025-05-21,10
27.0,794.0,29.4,834.0,24.0,852.0,29.6,871.0,2025-05-21,11
29.7,910.0,31.8,946.0,24.4,957.0,31.4,975.0,2025-05-21,12
32.1,973.0,33.0,998.0,24.6,1009.0,32.8,1019.0,2025-05-21,13
33.6,976.0,32.6,987.0,24.5,998.0,33.7,1000.0,2025-05-21,14
34.5,920.0,31.6,912.0,23.6,918.0,33.9,919.0,2025-05-21,15
35.2,807.0,30.3,779.0,22.7,782.0,34.0,782.0,2025-05-21,16
34.8,645.0,29.1,613.0,21.8,599.0,33.8,604.0,2025-05-21,17
33.4,456.0,28.1,411.0,20.0,394.0,33.2,398.0,2025-05-21,18
32.0,256.0,26.5,201.0,18.7,179.0,32.4,189.0,2025-05-21,19
29.8,80.0,24.2,36.0,17.5,25.0,30.0,29.0,2025-05-21,20
27.4,1.0,22.4,0.0,17.0,0.0,28.0,0.0,2025-05-21,21
25.6,0.0,21.2,0.0,16.6,0.0,26.4,0.0,2025-05-21,22
23.5,0.0,20.2,0.0,16.0,0.0,25.2,0.0,2025-05-21,23
21.6,0.0,19.6,0.0,15.6,0.0,24.2,0.0,2025-05-22,0
20.2,0.0,18.9,0.0,15.0,0.0,23.1,0.0,2025-05-22,1
19.3,0.0,18.3,0.0,14.5,0.0,22.2,0.0,2025-05-22,2
18.7,0.0,17.5,0.0,14.4,0.0,21.3,0.0,2025-05-22,3
17.9,0.0,16.8,0.0,14.1,0.0,20.5,0.0,2025-05-22,4
17.1,0.0,16.2,0.0,13.5,0.0,19.6,0.0,2025-05-22,5
15.8,0.0,15.6,1.0,14.9,1.0,19.8,7.0,2025-05-22,6
16.2,70.0,16.5,77.0,14.9,44.0,22.0,122.0,2025-05-22,7
17.9,245.0,18.3,257.0,15.6,119.0,24.2,322.0,2025-05-22,8
20.6,446.0,20.7,474.0,17.5,307.0,26.4,536.0,2025-05-22,9
23.6,636.0,23.7,673.0,19.9,603.0,28.5,730.0,2025-05-22,10
26.3,795.0,26.8,833.0,21.5,847.0,30.6,886.0,2025-05-22,11
28.6,908.0,29.2,944.0,21.9,956.0,32.4,990.0,2025-05-22,12
30.2,966.0,30.2,993.0,22.1,1007.0,33.5,1033.0,2025-05-22,13
30.9,968.0,30.5,975.0,21.8,993.0,33.9,1011.0,2025-05-22,14
31.0,912.0,30.5,907.0,21.4,914.0,34.0,930.0,2025-05-22,15
30.4,801.0,29.9,780.0,21.1,778.0,34.0,791.0,2025-05-22,16
29.5,645.0,28.7,605.0,20.7,597.0,33.9,606.0,2025-05-22,17
27.4,460.0,25.5,400.0,19.2,386.0,33.6,398.0,2025-05-22,18
25.4,262.0,23.6,196.0,18.0,180.0,32.9,188.0,2025-05-22,19
22.9,82.0,21.8,35.0,17.0,25.0,31.5,30.0,2025-05-22,20
20.3,2.0,20.7,0.0,16.7,0.0,30.0,0.0,2025-05-22,21
18.3,0.0,19.9,0.0,16.4,0.0,28.0,0.0,2025-05-22,22
16.7,0.0,19.1,0.0,16.0,0.0,26.5,0.0,2025-05-22,23
15.2,0.0,18.3,0.0,15.6,0.0,25.5,0.0,2025-05-23,0
14.4,0.0,17.6,0.0,15.0,0.0,24.3,0.0,2025-05-23,1
13.6,0.0,16.9,0.0,14.6,0.0,22.9,0.0,2025-05-23,2
12.8,0.0,16.2,0.0,14.0,0.0,21.2,0.0,2025-05-23,3
12.4,0.0,15.5,0.0,13.6,0.0,19.9,0.0,2025-05-23,4
12.1,0.0,14.9,0.0,13.4,0.0,19.1,0.0,2025-05-23,5
11.8,1.0,14.4,1.0,13.7,1.0,19.3,7.0,2025-05-23,6
12.4,67.0,15.1,79.0,14.8,65.0,21.5,123.0,2025-05-23,7
13.8,239.0,16.9,269.0,16.2,202.0,22.9,324.0,2025-05-23,8
16.0,430.0,19.3,475.0,17.6,352.0,25.1,535.0,2025-05-23,9
18.4,629.0,21.9,669.0,19.1,630.0,27.2,726.0,2025-05-23,10
20.8,782.0,24.5,828.0,19.9,808.0,29.0,879.0,2025-05-23,11
23.0,896.0,26.4,939.0,20.6,929.0,30.9,981.0,2025-05-23,12
24.8,960.0,27.0,989.0,20.8,998.0,32.3,1024.0,2025-05-23,13
26.4,959.0,26.9,978.0,20.8,988.0,32.9,1006.0,2025-05-23,14
27.5,903.0,26.3,908.0,20.7,909.0,33.4,927.0,2025-05-23,15
28.2,797.0,25.7,782.0,20.3,767.0,33.6,792.0,2025-05-23,16
28.4,643.0,24.9,610.0,19.8,597.0,33.5,612.0,2025-05-23,17
27.6,461.0,21.8,399.0,18.5,371.0,32.6,406.0,2025-05-23,18
26.7,261.0,20.0,197.0,18.0,169.0,31.7,194.0,2025-05-23,19
23.3,83.0,18.2,36.0,17.3,23.0,29.1,32.0,2025-05-23,20
20.9,2.0,17.4,0.0,17.3,0.0,27.7,0.0,2025-05-23,21
18.9,0.0,17.2,0.0,17.3,0.0,26.3,0.0,2025-05-23,22
17.5,0.0,17.0,0.0,17.0,0.0,25.2,0.0,2025-05-23,23
16.3,0.0,16.9,0.0,16.5,0.0,24.3,0.0,2025-05-24,0
15.5,0.0,16.6,0.0,16.2,0.0,23.8,0.0,2025-05-24,1
14.9,0.0,16.4,0.0,16.0,0.0,23.6,0.0,2025-05-24,2
14.2,0.0,16.0,0.0,15.9,0.0,23.0,0.0,2025-05-24,3
13.4,0.0,15.9,0.0,15.7,0.0,21.8,0.0,2025-05-24,4
12.8,0.0,15.9,0.0,15.5,0.0,20.2,0.0,2025-05-24,5
12.1,1.0,16.2,1.0,16.0,1.0,19.8,7.0,2025-05-24,6
12.6,69.0,16.8,68.0,16.2,49.0,21.5,119.0,2025-05-24,7
14.2,239.0,17.8,223.0,17.0,179.0,22.8,325.0,2025-05-24,8
16.6,434.0,19.4,368.0,17.7,304.0,23.9,546.0,2025-05-24,9
19.4,623.0,20.9,521.0,18.6,515.0,25.1,740.0,2025-05-24,10
22.7,781.0,22.6,739.0,19.2,777.0,26.4,900.0,2025-05-24,11
25.7,896.0,24.2,872.0,19.2,927.0,27.5,988.0,2025-05-24,12
28.2,957.0,24.9,956.0,19.6,999.0,28.7,1024.0,2025-05-24,13
29.8,957.0,24.8,980.0,19.4,990.0,29.4,1011.0,2025-05-24,14
30.4,902.0,24.8,905.0,19.0,881.0,29.8,926.0,2025-05-24,15
30.2,788.0,24.4,781.0,18.4,664.0,29.9,789.0,2025-05-24,16
29.5,629.0,23.4,609.0,18.2,549.0,30.2,582.0,2025-05-24,17
27.1,444.0,21.6,405.0,17.3,348.0,29.8,378.0,2025-05-24,18
24.6,256.0,19.7,198.0,16.9,166.0,29.4,181.0,2025-05-24,19
21.4,83.0,18.2,36.0,16.2,24.0,27.4,32.0,2025-05-24,20
18.7,2.0,17.3,0.0,15.9,0.0,24.5,0.0,2025-05-24,21
16.7,0.0,16.7,0.0,15.8,0.0,23.3,0.0,2025-05-24,22
15.3,0.0,16.4,0.0,15.7,0.0,22.4,0.0,2025-05-24,23
14.4,0.0,16.3,0.0,15.6,0.0,21.7,0.0,2025-05-25,0
13.7,0.0,16.0,0.0,15.3,0.0,20.9,0.0,2025-05-25,1
13.3,0.0,15.9,0.0,14.6,0.0,20.6,0.0,2025-05-25,2
12.8,0.0,15.7,0.0,13.9,0.0,20.2,0.0,2025-05-25,3
12.3,0.0,15.7,0.0,13.6,0.0,19.3,0.0,2025-05-25,4
11.9,0.0,15.7,0.0,13.2,0.0,18.9,0.0,2025-05-25,5
11.8,1.0,15.9,1.0,14.3,1.0,19.6,7.0,2025-05-25,6
12.4,69.0,16.3,37.0,15.4,70.0,20.9,118.0,2025-05-25,7
13.7,236.0,17.0,125.0,16.7,235.0,22.4,315.0,2025-05-25,8
15.4,419.0,18.3,308.0,18.1,423.0,24.4,524.0,2025-05-25,9
17.7,614.0,19.9,421.0,19.4,596.0,26.4,712.0,2025-05-25,10
20.3,784.0,21.8,703.0,20.2,809.0,28.3,863.0,2025-05-25,11
22.7,901.0,23.8,910.0,20.2,931.0,30.0,965.0,2025-05-25,12
24.7,965.0,24.9,968.0,20.1,967.0,31.7,1013.0,2025-05-25,13
26.4,966.0,24.6,964.0,19.6,919.0,32.4,992.0,2025-05-25,14
27.4,913.0,24.3,891.0,19.2,816.0,32.9,901.0,2025-05-25,15
28.0,801.0,24.0,769.0,18.9,688.0,33.1,768.0,2025-05-25,16
27.7,636.0,23.0,598.0,18.3,498.0,33.0,605.0,2025-05-25,17
25.5,452.0,20.8,398.0,17.6,327.0,32.5,398.0,2025-05-25,18
23.4,226.0,19.1,195.0,16.8,159.0,31.9,193.0,2025-05-25,19
20.8,67.0,17.7,36.0,16.3,25.0,30.2,33.0,2025-05-25,20
18.2,2.0,17.3,0.0,16.1,0.0,28.4,0.0,2025-05-25,21
16.4,0.0,16.7,0.0,15.9,0.0,27.0,0.0,2025-05-25,22
15.3,0.0,16.4,0.0,15.5,0.0,25.5,0.0,2025-05-25,23
14.6,0.0,16.1,0.0,15.0,0.0,24.8,0.0,2025-05-26,0
14.1,0.0,15.9,0.0,14.5,0.0,24.2,0.0,2025-05-26,1
13.8,0.0,15.8,0.0,14.1,0.0,22.6,0.0,2025-05-26,2
13.7,0.0,15.7,0.0,13.6,0.0,21.5,0.0,2025-05-26,3
13.7,0.0,15.5,0.0,13.3,0.0,20.8,0.0,2025-05-26,4
13.3,0.0,15.2,0.0,12.8,0.0,20.1,0.0,2025-05-26,5
13.3,1.0,15.6,1.0,14.3,1.0,20.4,8.0,2025-05-26,6
14.0,70.0,15.7,41.0,15.5,74.0,22.6,123.0,2025-05-26,7
15.6,237.0,16.3,130.0,16.7,186.0,24.7,320.0,2025-05-26,8
17.7,430.0,17.7,269.0,18.0,326.0,26.9,529.0,2025-05-26,9
19.9,617.0,20.6,543.0,19.5,561.0,28.7,718.0,2025-05-26,10
22.1,775.0,22.8,740.0,20.0,795.0,30.8,871.0,2025-05-26,11
24.2,895.0,25.2,929.0,20.2,941.0,32.3,973.0,2025-05-26,12
26.1,959.0,26.1,990.0,20.5,986.0,33.1,1018.0,2025-05-26,13
27.5,964.0,25.5,961.0,20.5,971.0,33.0,1000.0,2025-05-26,14
28.7,910.0,25.1,851.0,20.3,894.0,33.0,919.0,2025-05-26,15
29.3,801.0,24.2,646.0,20.0,765.0,33.0,776.0,2025-05-26,16
29.7,646.0,23.4,542.0,19.6,590.0,32.6,591.0,2025-05-26,17
28.4,461.0,20.0,195.0,18.3,383.0,32.0,405.0,2025-05-26,18
27.6,262.0,18.9,124.0,17.6,176.0,30.9,189.0,2025-05-26,19
24.2,86.0,17.7,36.0,17.2,27.0,28.9,31.0,2025-05-26,20
21.7,2.0,17.1,0.0,17.1,0.0,27.8,0.0,2025-05-26,21
20.5,0.0,16.7,0.0,17.0,0.0,26.7,0.0,2025-05-26,22
19.2,0.0,16.4,0.0,16.6,0.0,25.3,0.0,2025-05-26,23
18.3,0.0,16.2,0.0,16.0,0.0,24.2,0.0,2025-05-27,0
17.5,0.0,15.9,0.0,15.8,0.0,22.4,0.0,2025-05-27,1
16.7,0.0,15.6,0.0,15.2,0.0,21.4,0.0,2025-05-27,2
15.9,0.0,15.3,0.0,15.1,0.0,20.6,0.0,2025-05-27,3
15.4,0.0,14.8,0.0,14.8,0.0,20.2,0.0,2025-05-27,4
14.7,0.0,14.7,0.0,14.9,0.0,19.6,0.0,2025-05-27,5
13.8,1.0,16.4,1.0,16.0,1.0,20.0,8.0,2025-05-27,6
14.4,72.0,16.8,35.0,16.4,39.0,21.7,117.0,2025-05-27,7
16.1,240.0,17.3,110.0,17.0,130.0,23.6,321.0,2025-05-27,8
18.7,434.0,18.5,238.0,17.9,248.0,25.3,516.0,2025-05-27,9
21.6,620.0,20.6,460.0,19.5,495.0,26.9,690.0,2025-05-27,10
24.4,777.0,23.0,767.0,20.4,784.0,29.0,824.0,2025-05-27,11
26.9,891.0,25.6,924.0,20.2,943.0,31.1,856.0,2025-05-27,12
28.9,952.0,27.4,983.0,20.3,997.0,31.9,844.0,2025-05-27,13
30.5,955.0,27.4,972.0,20.0,980.0,32.7,960.0,2025-05-27,14
31.8,900.0,26.1,903.0,19.7,903.0,33.6,906.0,2025-05-27,15
32.3,793.0,25.0,775.0,19.2,774.0,34.7,761.0,2025-05-27,16
31.8,641.0,23.6,604.0,18.6,594.0,33.8,586.0,2025-05-27,17
31.1,458.0,21.1,400.0,17.4,357.0,32.8,370.0,2025-05-27,18
29.5,263.0,19.6,196.0,16.7,110.0,32.2,193.0,2025-05-27,19
27.6,88.0,18.4,38.0,16.3,18.0,29.7,34.0,2025-05-27,20
25.3,3.0,18.1,0.0,16.1,0.0,26.8,0.0,2025-05-27,21
22.5,0.0,17.7,0.0,16.1,0.0,26.1,0.0,2025-05-27,22
20.5,0.0,17.1,0.0,15.6,0.0,25.1,0.0,2025-05-27,23
18.6,0.0,16.6,0.0,15.5,0.0,23.9,0.0,2025-05-28,0
16.9,0.0,16.0,0.0,15.7,0.0,22.6,0.0,2025-05-28,1
15.6,0.0,15.9,0.0,15.6,0.0,22.5,0.0,2025-05-28,2
14.8,0.0,15.8,0.0,15.6,0.0,21.5,0.0,2025-05-28,3
14.2,0.0,15.9,0.0,15.5,0.0,21.0,0.0,2025-05-28,4
13.7,0.0,16.0,0.0,15.3,0.0,20.7,0.0,2025-05-28,5
13.2,1.0,16.8,1.0,15.5,1.0,20.9,8.0,2025-05-28,6
13.4,73.0,16.9,32.0,15.9,38.0,23.1,124.0,2025-05-28,7
14.8,242.0,17.1,92.0,16.7,107.0,25.2,320.0,2025-05-28,8
17.1,435.0,18.2,235.0,17.6,197.0,27.0,527.0,2025-05-28,9
20.1,623.0,19.6,353.0,18.5,326.0,28.8,715.0,2025-05-28,10
23.6,780.0,22.3,713.0,19.6,542.0,30.5,865.0,2025-05-28,11
26.7,894.0,24.3,794.0,20.4,618.0,31.9,936.0,2025-05-28,12
29.2,956.0,24.9,779.0,20.3,757.0,33.3,973.0,2025-05-28,13
30.5,960.0,22.2,714.0,20.5,770.0,34.7,967.0,2025-05-28,14
30.8,905.0,22.6,720.0,19.9,685.0,34.2,892.0,2025-05-28,15
30.7,797.0,22.1,650.0,18.7,366.0,33.5,699.0,2025-05-28,16
30.3,645.0,21.4,579.0,17.8,248.0,33.8,583.0,2025-05-28,17
28.4,461.0,20.0,375.0,17.3,137.0,33.1,391.0,2025-05-28,18
26.0,264.0,19.5,187.0,16.8,70.0,31.7,182.0,2025-05-28,19
23.3,89.0,18.0,37.0,16.2,15.0,29.5,35.0,2025-05-28,20
20.7,3.0,16.8,0.0,16.3,0.0,27.8,0.0,2025-05-28,21
18.8,0.0,16.4,0.0,16.4,0.0,26.5,0.0,2025-05-28,22
17.1,0.0,16.3,0.0,16.4,0.0,25.0,0.0,2025-05-28,23
15.8,0.0,16.2,0.0,16.4,0.0,23.5,0.0,2025-05-29,0
15.1,0.0,16.0,0.0,16.2,0.0,22.2,0.0,2025-05-29,1
14.6,0.0,15.9,0.0,16.1,0.0,21.5,0.0,2025-05-29,2
14.0,0.0,15.8,0.0,15.9,0.0,20.9,0.0,2025-05-29,3
13.5,0.0,15.6,0.0,15.9,0.0,20.9,0.0,2025-05-29,4
13.1,0.0,15.4,0.0,16.0,0.0,20.5,0.0,2025-05-29,5
12.9,1.0,15.6,1.0,16.0,1.0,20.8,9.0,2025-05-29,6
13.6,75.0,15.6,35.0,16.4,27.0,23.2,128.0,2025-05-29,7
15.1,246.0,16.0,97.0,16.8,80.0,25.4,324.0,2025-05-29,8
17.5,441.0,18.1,328.0,17.5,199.0,27.5,526.0,2025-05-29,9
20.3,621.0,20.5,536.0,18.6,373.0,29.2,694.0,2025-05-29,10
23.4,776.0,23.0,758.0,19.0,421.0,30.7,863.0,2025-05-29,11
26.5,874.0,25.6,924.0,19.7,611.0,31.8,923.0,2025-05-29,12
29.3,933.0,27.1,976.0,20.4,802.0,32.7,903.0,2025-05-29,13
31.7,939.0,27.1,966.0,20.7,922.0,34.0,941.0,2025-05-29,14
33.8,890.0,26.9,883.0,20.7,880.0,34.4,859.0,2025-05-29,15
35.0,798.0,26.6,742.0,20.4,747.0,34.6,777.0,2025-05-29,16
35.5,648.0,25.6,569.0,20.2,582.0,34.7,604.0,2025-05-29,17
34.1,468.0,23.8,397.0,18.7,263.0,34.8,404.0,2025-05-29,18
33.8,272.0,22.4,200.0,18.1,157.0,34.0,199.0,2025-05-29,19
32.4,93.0,20.6,41.0,17.4,29.0,31.9,37.0,2025-05-29,20
29.6,3.0,19.7,0.0,17.1,0.0,30.4,0.0,2025-05-29,21
26.0,0.0,18.6,0.0,17.0,0.0,28.5,0.0,2025-05-29,22
24.1,0.0,18.2,0.0,17.0,0.0,26.7,0.0,2025-05-29,23
22.8,0.0,17.7,0.0,17.3,0.0,25.4,0.0,2025-05-30,0
21.8,0.0,17.1,0.0,17.3,0.0,24.5,0.0,2025-05-30,1
20.8,0.0,16.5,0.0,17.4,0.0,23.8,0.0,2025-05-30,2
19.9,0.0,16.2,0.0,17.0,0.0,22.9,0.0,2025-05-30,3
19.2,0.0,17.1,0.0,16.4,0.0,22.3,0.0,2025-05-30,4
18.4,0.0,17.4,0.0,16.0,0.0,21.9,0.0,2025-05-30,5
17.5,1.0,16.0,2.0,16.1,1.0,22.6,9.0,2025-05-30,6
17.9,75.0,17.3,83.0,16.2,36.0,24.5,126.0,2025-05-30,7
19.8,243.0,18.7,227.0,17.7,175.0,26.6,322.0,2025-05-30,8
22.8,436.0,20.2,422.0,20.5,473.0,28.5,527.0,2025-05-30,9
26.2,621.0,22.7,618.0,22.6,676.0,30.2,714.0,2025-05-30,10
29.5,777.0,25.8,803.0,23.1,836.0,32.1,865.0,2025-05-30,11
32.7,891.0,29.9,922.0,23.1,945.0,33.6,950.0,2025-05-30,12
35.3,952.0,33.2,911.0,23.1,991.0,35.0,968.0,2025-05-30,13
37.4,957.0,35.3,936.0,22.9,975.0,36.1,922.0,2025-05-30,14
39.0,904.0,35.2,875.0,22.3,898.0,37.0,869.0,2025-05-30,15
40.0,797.0,33.5,771.0,21.3,754.0,37.5,725.0,2025-05-30,16
40.4,649.0,31.2,600.0,20.9,570.0,37.7,565.0,2025-05-30,17
39.4,466.0,31.6,406.0,19.1,371.0,35.7,362.0,2025-05-30,18
39.3,271.0,26.9,206.0,18.4,158.0,35.4,181.0,2025-05-30,19
36.9,93.0,23.3,42.0,17.8,28.0,33.5,37.0,2025-05-30,20
33.1,3.0,22.2,0.0,17.6,0.0,31.2,0.0,2025-05-30,21
30.9,0.0,20.7,0.0,17.6,0.0,30.3,0.0,2025-05-30,22
29.3,0.0,19.5,0.0,17.5,0.0,29.3,0.0,2025-05-30,23
27.8,0.0,18.7,0.0,17.3,0.0,27.4,0.0,2025-05-31,0
26.5,0.0,18.3,0.0,17.5,0.0,26.6,0.0,2025-05-31,1
25.3,0.0,17.9,0.0,17.4,0.0,25.6,0.0,2025-05-31,2
24.0,0.0,17.5,0.0,16.7,0.0,25.3,0.0,2025-05-31,3
23.0,0.0,17.0,0.0,16.6,0.0,24.3,0.0,2025-05-31,4
22.1,0.0,16.5,0.0,16.0,0.0,23.5,0.0,2025-05-31,5
21.0,1.0,16.5,2.0,16.5,2.0,25.2,8.0,2025-05-31,6
20.7,76.0,17.2,86.0,17.1,80.0,26.8,119.0,2025-05-31,7
21.8,244.0,19.1,262.0,18.4,225.0,29.1,302.0,2025-05-31,8
24.4,438.0,21.4,462.0,20.7,456.0,31.0,479.0,2025-05-31,9
27.7,624.0,23.9,644.0,22.9,673.0,32.6,610.0,2025-05-31,10
31.1,780.0,26.8,794.0,23.9,674.0,34.4,802.0,2025-05-31,11
34.3,895.0,30.1,910.0,25.2,868.0,35.7,915.0,2025-05-31,12
36.9,957.0,32.4,952.0,24.6,632.0,37.0,994.0,2025-05-31,13
38.9,960.0,32.8,930.0,25.2,755.0,37.6,863.0,2025-05-31,14
40.2,907.0,32.1,850.0,25.3,858.0,37.7,738.0,2025-05-31,15
40.7,799.0,30.9,653.0,23.9,742.0,37.7,610.0,2025-05-31,16
40.5,648.0,28.7,524.0,22.1,529.0,37.5,457.0,2025-05-31,17
39.2,465.0,28.4,371.0,21.8,118.0,36.0,259.0,2025-05-31,18
37.0,270.0,27.1,199.0,22.8,87.0,35.3,158.0,2025-05-31,19
34.2,94.0,23.8,42.0,20.6,10.0,33.4,31.0,2025-05-31,20
31.5,4.0,22.5,0.0,18.3,0.0,31.0,0.0,2025-05-31,21
29.4,0.0,22.0,0.0,18.2,0.0,29.2,0.0,2025-05-31,22
27.3,0.0,20.7,0.0,18.0,0.0,28.7,0.0,2025-05-31,23
25.2,0.0,19.6,0.0,17.9,0.0,28.5,0.0,2025-06-01,0
23.6,0.0,18.5,0.0,17.9,0.0,27.9,0.0,2025-06-01,1
22.3,0.0,17.3,0.0,18.3,0.0,27.3,0.0,2025-06-01,2
21.3,0.0,17.1,0.0,18.9,0.0,26.6,0.0,2025-06-01,3
20.3,0.0,17.4,0.0,19.3,0.0,26.3,0.0,2025-06-01,4
19.5,0.0,17.6,0.0,18.3,0.0,26.3,0.0,2025-06-01,5
17.5,1.0,18.1,1.0,19.3,0.0,25.9,8.0,2025-06-01,6
17.8,77.0,19.5,69.0,19.3,28.0,28.2,108.0,2025-06-01,7
19.4,245.0,21.5,222.0,19.3,49.0,30.4,291.0,2025-06-01,8
21.9,440.0,24.7,463.0,20.6,145.0,31.9,487.0,2025-06-01,9
24.6,624.0,27.2,628.0,22.6,282.0,33.6,691.0,2025-06-01,10
27.0,780.0,29.1,748.0,23.0,458.0,34.7,814.0,2025-06-01,11
28.9,893.0,29.5,597.0,23.0,587.0,34.7,766.0,2025-06-01,12
30.6,958.0,29.7,607.0,23.4,672.0,35.0,861.0,2025-06-01,13
31.9,968.0,28.7,562.0,23.6,775.0,35.0,771.0,2025-06-01,14
32.3,919.0,28.1,667.0,22.7,832.0,35.2,815.0,2025-06-01,15
31.7,815.0,26.1,597.0,21.7,736.0,35.3,682.0,2025-06-01,16
30.2,664.0,23.6,409.0,21.0,575.0,33.8,555.0,2025-06-01,17
27.6,476.0,26.5,263.0,20.1,335.0,32.4,270.0,2025-06-01,18
24.7,281.0,22.4,194.0,19.5,108.0,31.1,150.0,2025-06-01,19
21.6,100.0,19.9,43.0,19.1,29.0,30.1,33.0,2025-06-01,20
19.2,4.0,18.4,0.0,19.0,0.0,28.9,0.0,2025-06-01,21
17.4,0.0,17.5,0.0,18.4,0.0,28.6,0.0,2025-06-01,22
16.4,0.0,17.2,0.0,17.8,0.0,28.1,0.0,2025-06-01,23
15.8,0.0,17.1,0.0,17.7,0.0,27.4,0.0,2025-06-02,0
15.4,0.0,17.1,0.0,17.5,0.0,26.2,0.0,2025-06-02,1
15.1,0.0,16.9,0.0,17.3,0.0,25.7,0.0,2025-06-02,2
14.7,0.0,16.6,0.0,17.2,0.0,25.0,0.0,2025-06-02,3
14.5,0.0,16.3,0.0,17.2,0.0,23.9,0.0,2025-06-02,4
14.3,0.0,16.0,0.0,17.0,0.0,23.4,0.0,2025-06-02,5
13.8,1.0,15.9,2.0,17.2,2.0,23.0,9.0,2025-06-02,6
14.7,76.0,16.8,78.0,17.8,49.0,24.2,116.0,2025-06-02,7
16.3,245.0,18.4,243.0,18.5,152.0,25.0,288.0,2025-06-02,8
18.8,438.0,20.6,450.0,19.9,338.0,26.1,489.0,2025-06-02,9
21.8,623.0,22.9,638.0,21.3,600.0,27.4,687.0,2025-06-02,10
24.8,779.0,25.0,803.0,21.5,772.0,29.1,835.0,2025-06-02,11
27.6,892.0,26.2,913.0,21.6,849.0,30.2,905.0,2025-06-02,12
30.0,952.0,26.2,954.0,21.5,859.0,31.4,947.0,2025-06-02,13
32.0,957.0,25.6,936.0,21.5,825.0,31.5,903.0,2025-06-02,14
33.7,904.0,25.0,884.0,21.0,707.0,31.4,666.0,2025-06-02,15
34.2,797.0,24.5,761.0,20.5,617.0,32.5,722.0,2025-06-02,16
32.3,645.0,23.3,595.0,19.8,459.0,32.8,534.0,2025-06-02,17
30.4,464.0,22.0,403.0,19.2,309.0,33.5,372.0,2025-06-02,18
28.0,270.0,20.6,205.0,18.4,118.0,33.1,187.0,2025-06-02,19
24.7,96.0,19.0,44.0,18.0,14.0,31.5,38.0,2025-06-02,20
22.0,4.0,18.1,0.0,18.2,0.0,30.7,0.0,2025-06-02,21
20.4,0.0,17.5,0.0,18.1,0.0,30.3,0.0,2025-06-02,22
18.9,0.0,17.2,0.0,17.8,0.0,28.7,0.0,2025-06-02,23
17.5,0.0,17.0,0.0,17.6,0.0,27.3,0.0,2025-06-03,0
16.3,0.0,16.6,0.0,17.5,0.0,25.8,0.0,2025-06-03,1
15.6,0.0,16.3,0.0,17.4,0.0,25.0,0.0,2025-06-03,2
14.9,0.0,16.3,0.0,17.4,0.0,23.7,0.0,2025-06-03,3
14.3,0.0,16.4,0.0,17.4,0.0,22.7,0.0,2025-06-03,4
13.8,0.0,16.4,0.0,17.3,0.0,21.8,0.0,2025-06-03,5
13.8,2.0,16.0,1.0,16.7,1.0,21.9,9.0,2025-06-03,6
14.4,75.0,16.3,45.0,17.3,25.0,23.7,121.0,2025-06-03,7
15.9,234.0,17.8,203.0,17.9,83.0,25.2,304.0,2025-06-03,8
18.1,415.0,19.6,362.0,18.6,179.0,26.9,506.0,2025-06-03,9
20.7,612.0,21.8,552.0,19.2,329.0,28.4,693.0,2025-06-03,10
23.5,774.0,23.7,727.0,19.5,372.0,30.3,845.0,2025-06-03,11
26.2,888.0,23.0,542.0,19.7,361.0,31.3,909.0,2025-06-03,12
28.7,950.0,22.6,473.0,20.3,503.0,32.1,856.0,2025-06-03,13
31.0,955.0,21.3,529.0,20.2,482.0,31.8,584.0,2025-06-03,14
32.8,903.0,20.3,482.0,21.0,583.0,32.3,618.0,2025-06-03,15
33.8,797.0,21.0,593.0,21.1,675.0,32.8,667.0,2025-06-03,16
34.1,646.0,21.1,531.0,19.5,488.0,33.1,570.0,2025-06-03,17
33.6,465.0,19.0,291.0,18.3,202.0,30.6,315.0,2025-06-03,18
31.7,272.0,18.8,173.0,18.1,83.0,30.4,145.0,2025-06-03,19
27.4,97.0,17.3,44.0,17.9,9.0,29.4,33.0,2025-06-03,20
25.1,5.0,16.9,0.0,17.6,0.0,27.4,0.0,2025-06-03,21
23.2,0.0,16.2,0.0,17.2,0.0,26.4,0.0,2025-06-03,22
21.5,0.0,15.8,0.0,16.9,0.0,25.4,0.0,2025-06-03,23
19.9,0.0,15.3,0.0,16.6,0.0,24.8,0.0,2025-06-04,0
18.6,0.0,15.1,0.0,16.6,0.0,23.8,0.0,2025-06-04,1
17.6,0.0,15.1,0.0,16.5,0.0,22.6,0.0,2025-06-04,2
16.8,0.0,15.1,0.0,16.6,0.0,22.1,0.0,2025-06-04,3
16.2,0.0,15.0,0.0,16.7,0.0,21.6,0.0,2025-06-04,4
15.6,0.0,14.9,0.0,16.7,0.0,21.3,0.0,2025-06-04,5
15.5,2.0,15.3,1.0,16.2,2.0,21.1,9.0,2025-06-04,6
16.2,76.0,15.9,45.0,16.7,62.0,22.4,124.0,2025-06-04,7
17.9,242.0,16.4,108.0,17.3,125.0,23.6,313.0,2025-06-04,8
20.6,434.0,17.1,198.0,18.0,201.0,25.0,515.0,2025-06-04,9
23.6,618.0,18.0,271.0,18.8,317.0,26.8,698.0,2025-06-04,10
26.7,776.0,19.7,464.0,19.3,387.0,28.3,850.0,2025-06-04,11
29.7,893.0,21.5,620.0,19.9,578.0,30.0,919.0,2025-06-04,12
32.4,956.0,22.8,877.0,20.2,679.0,31.1,980.0,2025-06-04,13
34.5,963.0,23.0,917.0,20.0,600.0,31.9,973.0,2025-06-04,14
36.3,910.0,22.7,859.0,20.1,631.0,32.6,875.0,2025-06-04,15
36.5,804.0,22.2,758.0,19.7,493.0,33.0,769.0,2025-06-04,16
32.7,653.0,21.1,593.0,19.3,340.0,33.1,598.0,2025-06-04,17
31.3,472.0,19.6,394.0,18.4,229.0,32.9,384.0,2025-06-04,18
30.0,278.0,18.5,197.0,17.9,97.0,32.5,195.0,2025-06-04,19
26.4,100.0,17.5,42.0,17.5,16.0,31.5,40.0,2025-06-04,20
23.2,5.0,16.8,0.0,17.3,0.0,30.2,0.0,2025-06-04,21
21.0,0.0,16.5,0.0,17.2,0.0,29.1,0.0,2025-06-04,22
19.2,0.0,16.2,0.0,17.1,0.0,27.5,0.0,2025-06-04,23
17.6,0.0,16.1,0.0,17.0,0.0,25.9,0.0,2025-06-05,0
16.5,0.0,16.1,0.0,17.0,0.0,25.4,0.0,2025-06-05,1
15.7,0.0,16.1,0.0,16.9,0.0,25.0,0.0,2025-06-05,2
15.0,0.0,16.0,0.0,16.8,0.0,24.3,0.0,2025-06-05,3
14.5,0.0,15.9,0.0,16.7,0.0,23.6,0.0,2025-06-05,4
14.2,0.0,15.9,0.0,16.7,0.0,22.5,0.0,2025-06-05,5
13.9,2.0,16.0,1.0,16.5,1.0,22.1,9.0,2025-06-05,6
14.6,74.0,16.2,30.0,16.8,23.0,24.4,120.0,2025-06-05,7
16.3,231.0,16.5,81.0,17.5,93.0,26.5,307.0,2025-06-05,8
18.7,422.0,17.3,190.0,18.4,199.0,27.9,508.0,2025-06-05,9
21.4,615.0,18.7,330.0,19.1,274.0,29.7,683.0,2025-06-05,10
24.3,776.0,20.2,471.0,19.8,391.0,30.7,840.0,2025-06-05,11
26.9,890.0,21.9,675.0,20.0,457.0,31.8,879.0,2025-06-05,12
29.0,952.0,22.9,843.0,20.0,522.0,33.2,971.0,2025-06-05,13
30.2,957.0,23.3,929.0,19.9,514.0,32.6,900.0,2025-06-05,14
30.7,905.0,23.2,881.0,19.7,463.0,34.0,867.0,2025-06-05,15
30.4,801.0,22.6,762.0,19.5,478.0,32.1,707.0,2025-06-05,16
29.6,653.0,21.6,599.0,19.0,357.0,32.2,574.0,2025-06-05,17
29.4,470.0,20.1,403.0,18.3,231.0,33.7,397.0,2025-06-05,18
26.8,275.0,18.8,203.0,17.9,100.0,32.1,191.0,2025-06-05,19
23.5,100.0,17.7,45.0,17.4,17.0,29.4,35.0,2025-06-05,20
20.7,5.0,16.9,0.0,17.3,0.0,28.9,0.0,2025-06-05,21
18.8,0.0,16.5,0.0,17.2,0.0,28.7,0.0,2025-06-05,22
17.6,0.0,16.2,0.0,17.1,0.0,27.8,0.0,2025-06-05,23
16.9,0.0,15.9,0.0,16.9,0.0,27.2,0.0,2025-06-06,0
16.2,0.0,15.7,0.0,16.9,0.0,26.2,0.0,2025-06-06,1
15.6,0.0,15.5,0.0,16.8,0.0,25.0,0.0,2025-06-06,2
15.2,0.0,15.4,0.0,16.8,0.0,24.1,0.0,2025-06-06,3
14.7,0.0,15.2,0.0,16.7,0.0,23.4,0.0,2025-06-06,4
14.3,0.0,15.1,0.0,16.8,0.0,22.7,0.0,2025-06-06,5
14.0,2.0,15.7,1.0,17.0,1.0,22.7,10.0,2025-06-06,6
14.5,76.0,15.9,38.0,17.4,38.0,24.7,125.0,2025-06-06,7
16.1,244.0,16.2,101.0,17.8,98.0,26.8,316.0,2025-06-06,8
18.5,434.0,17.5,225.0,18.4,195.0,28.7,512.0,2025-06-06,9
21.4,617.0,19.4,382.0,19.0,248.0,29.7,575.0,2025-06-06,10
24.5,771.0,22.3,662.0,19.7,368.0,30.5,680.0,2025-06-06,11
27.7,883.0,24.4,880.0,20.6,553.0,31.4,814.0,2025-06-06,12
30.6,945.0,25.3,949.0,20.7,596.0,32.1,935.0,2025-06-06,13
32.8,952.0,25.2,956.0,21.2,723.0,32.2,910.0,2025-06-06,14
34.4,902.0,24.7,895.0,21.2,717.0,32.6,848.0,2025-06-06,15
35.0,787.0,23.7,774.0,20.9,605.0,33.5,747.0,2025-06-06,16
34.6,617.0,22.4,607.0,20.4,455.0,33.2,564.0,2025-06-06,17
33.7,461.0,20.1,404.0,18.7,254.0,33.5,331.0,2025-06-06,18
31.6,269.0,18.8,208.0,18.0,78.0,32.8,196.0,2025-06-06,19
28.6,100.0,17.7,48.0,17.7,13.0,31.4,42.0,2025-06-06,20
25.8,5.0,16.9,0.0,17.5,0.0,29.7,0.0,2025-06-06,21
23.5,0.0,16.5,0.0,17.5,0.0,27.5,0.0,2025-06-06,22
21.9,0.0,16.2,0.0,17.3,0.0,26.4,0.0,2025-06-06,23
20.3,0.0,16.0,0.0,17.2,0.0,26.0,0.0,2025-06-07,0
19.1,0.0,15.8,0.0,17.2,0.0,25.3,0.0,2025-06-07,1
17.8,0.0,15.6,0.0,17.1,0.0,24.3,0.0,2025-06-07,2
16.8,0.0,15.3,0.0,17.0,0.0,23.6,0.0,2025-06-07,3
16.3,0.0,15.3,0.0,17.0,0.0,22.9,0.0,2025-06-07,4
15.9,0.0,15.2,0.0,16.8,0.0,22.7,0.0,2025-06-07,5
15.4,2.0,15.6,1.0,16.9,1.0,23.3,10.0,2025-06-07,6
15.7,77.0,15.8,25.0,17.2,34.0,25.6,126.0,2025-06-07,7
17.2,243.0,16.4,97.0,17.8,99.0,27.9,316.0,2025-06-07,8
19.6,432.0,17.9,246.0,18.5,157.0,29.6,513.0,2025-06-07,9
22.8,614.0,20.1,400.0,19.3,280.0,31.3,695.0,2025-06-07,10
26.2,769.0,22.7,724.0,20.3,449.0,32.9,837.0,2025-06-07,11
29.5,881.0,24.5,901.0,21.2,598.0,33.9,905.0,2025-06-07,12
32.4,943.0,25.3,962.0,21.1,665.0,34.8,974.0,2025-06-07,13
34.6,949.0,24.9,961.0,21.5,927.0,35.9,966.0,2025-06-07,14
35.7,898.0,24.4,896.0,21.5,855.0,35.8,744.0,2025-06-07,15
36.3,797.0,23.9,778.0,21.0,728.0,36.3,728.0,2025-06-07,16
35.6,615.0,23.3,612.0,20.5,591.0,36.9,608.0,2025-06-07,17
35.0,448.0,21.0,417.0,18.9,378.0,36.3,396.0,2025-06-07,18
31.4,240.0,19.7,216.0,18.0,186.0,35.6,209.0,2025-06-07,19
27.8,96.0,18.1,50.0,17.1,34.0,33.3,45.0,2025-06-07,20
23.5,6.0,17.1,0.0,17.0,0.0,31.1,0.0,2025-06-07,21
21.3,0.0,16.2,0.0,17.1,0.0,29.5,0.0,2025-06-07,22
19.2,0.0,15.4,0.0,17.0,0.0,27.9,0.0,2025-06-07,23
17.7,0.0,14.9,0.0,17.1,0.0,26.0,0.0,2025-06-08,0
16.6,0.0,14.5,0.0,17.0,0.0,25.2,0.0,2025-06-08,1
15.7,0.0,14.3,0.0,16.7,0.0,24.3,0.0,2025-06-08,2
14.9,0.0,14.4,0.0,16.6,0.0,24.0,0.0,2025-06-08,3
14.3,0.0,14.3,0.0,16.5,0.0,24.0,0.0,2025-06-08,4
13.9,0.0,14.1,0.0,16.5,0.0,23.7,0.0,2025-06-08,5
14.0,2.0,14.6,1.0,16.5,1.0,23.7,10.0,2025-06-08,6
14.5,75.0,14.8,22.0,16.7,32.0,26.1,130.0,2025-06-08,7
16.0,238.0,15.2,73.0,17.5,115.0,28.5,324.0,2025-06-08,8
18.4,428.0,16.2,143.0,18.4,227.0,30.6,528.0,2025-06-08,9
21.3,609.0,18.0,327.0,19.8,411.0,32.3,715.0,2025-06-08,10
24.6,762.0,20.5,540.0,20.9,595.0,34.1,865.0,2025-06-08,11
27.5,877.0,23.0,826.0,21.8,786.0,35.7,966.0,2025-06-08,12
29.8,907.0,24.9,930.0,21.8,948.0,36.9,1009.0,2025-06-08,13
31.4,900.0,25.6,951.0,21.4,957.0,37.7,991.0,2025-06-08,14
32.3,834.0,25.5,904.0,21.2,892.0,38.7,918.0,2025-06-08,15
31.8,648.0,25.1,783.0,20.9,778.0,38.9,770.0,2025-06-08,16
31.1,558.0,24.2,617.0,20.1,609.0,38.5,602.0,2025-06-08,17
30.2,401.0,22.2,420.0,18.3,411.0,38.0,415.0,2025-06-08,18
27.7,177.0,20.3,220.0,17.7,201.0,37.1,190.0,2025-06-08,19
25.7,87.0,18.4,52.0,17.0,36.0,35.1,41.0,2025-06-08,20
23.0,6.0,17.0,0.0,16.9,0.0,32.9,0.0,2025-06-08,21
20.8,0.0,16.4,0.0,17.1,0.0,31.3,0.0,2025-06-08,22
19.3,0.0,16.2,0.0,17.0,0.0,29.0,0.0,2025-06-08,23
18.0,0.0,15.8,0.0,16.9,0.0,27.7,0.0,2025-06-09,0
16.9,0.0,15.4,0.0,16.8,0.0,26.7,0.0,2025-06-09,1
15.9,0.0,15.2,0.0,16.8,0.0,26.1,0.0,2025-06-09,2
15.2,0.0,15.2,0.0,16.7,0.0,25.8,0.0,2025-06-09,3
14.6,0.0,15.1,0.0,16.4,0.0,24.7,0.0,2025-06-09,4
14.0,0.0,15.1,0.0,16.3,0.0,23.9,0.0,2025-06-09,5
14.4,2.0,15.1,1.0,16.3,1.0,24.6,10.0,2025-06-09,6
14.8,75.0,15.4,27.0,16.4,28.0,27.2,130.0,2025-06-09,7
16.4,238.0,15.9,86.0,17.2,109.0,30.6,323.0,2025-06-09,8
18.8,427.0,17.2,213.0,18.3,214.0,32.5,521.0,2025-06-09,9
21.9,608.0,19.0,409.0,19.6,383.0,34.1,674.0,2025-06-09,10
25.2,762.0,21.5,657.0,20.3,532.0,35.7,808.0,2025-06-09,11
28.5,874.0,23.7,853.0,21.1,717.0,36.9,867.0,2025-06-09,12
31.2,936.0,25.7,937.0,21.4,966.0,37.6,785.0,2025-06-09,13
33.2,941.0,26.9,961.0,21.4,981.0,38.3,907.0,2025-06-09,14
34.3,891.0,26.9,902.0,21.4,912.0,38.5,842.0,2025-06-09,15
34.5,789.0,26.4,777.0,21.1,784.0,38.5,630.0,2025-06-09,16
33.6,638.0,25.8,610.0,20.5,613.0,39.4,535.0,2025-06-09,17
31.4,464.0,24.0,414.0,18.5,413.0,38.6,280.0,2025-06-09,18
28.5,273.0,21.8,214.0,17.7,206.0,38.0,124.0,2025-06-09,19
24.9,103.0,19.7,51.0,16.7,40.0,35.6,32.0,2025-06-09,20
21.7,6.0,19.0,0.0,16.4,0.0,32.8,0.0,2025-06-09,21
19.5,0.0,18.6,0.0,16.1,0.0,31.4,0.0,2025-06-09,22
17.9,0.0,18.1,0.0,15.8,0.0,29.6,0.0,2025-06-09,23
16.9,0.0,17.4,0.0,15.4,0.0,28.5,0.0,2025-06-10,0
16.2,0.0,16.8,0.0,15.2,0.0,27.2,0.0,2025-06-10,1
15.5,0.0,16.2,0.0,15.1,0.0,26.9,0.0,2025-06-10,2
14.8,0.0,16.0,0.0,15.4,0.0,26.2,0.0,2025-06-10,3
14.2,0.0,15.6,0.0,15.7,0.0,25.8,0.0,2025-06-10,4
13.6,0.0,15.3,0.0,15.6,0.0,25.7,0.0,2025-06-10,5
14.3,1.0,15.7,1.0,15.9,1.0,25.6,10.0,2025-06-10,6
14.6,53.0,15.9,40.0,16.1,27.0,28.0,128.0,2025-06-10,7
15.7,178.0,16.7,113.0,16.9,131.0,30.7,321.0,2025-06-10,8
17.8,390.0,17.8,199.0,17.7,230.0,32.7,524.0,2025-06-10,9
20.5,600.0,20.1,445.0,19.4,423.0,34.1,709.0,2025-06-10,10
23.5,766.0,22.3,699.0,21.1,689.0,35.7,859.0,2025-06-10,11
26.4,879.0,25.1,839.0,21.9,855.0,37.5,963.0,2025-06-10,12
28.9,941.0,27.5,947.0,21.7,975.0,39.0,1008.0,2025-06-10,13
30.8,946.0,28.7,965.0,21.7,973.0,39.8,992.0,2025-06-10,14
31.8,895.0,28.7,903.0,22.1,903.0,39.8,909.0,2025-06-10,15
32.1,790.0,27.4,780.0,21.8,777.0,39.9,781.0,2025-06-10,16
31.3,643.0,25.5,614.0,20.9,607.0,39.9,617.0,2025-06-10,17
29.9,468.0,23.0,418.0,18.8,405.0,39.4,422.0,2025-06-10,18
27.1,277.0,20.9,220.0,18.0,187.0,38.3,215.0,2025-06-10,19
23.6,101.0,19.3,53.0,17.3,36.0,36.2,47.0,2025-06-10,20
20.3,7.0,18.1,0.0,16.9,0.0,34.9,0.0,2025-06-10,21
18.1,0.0,17.4,0.0,16.7,0.0,34.4,0.0,2025-06-10,22
16.4,0.0,16.9,0.0,16.5,0.0,32.5,0.0,2025-06-10,23
14.9,0.0,16.4,0.0,16.3,0.0,31.0,0.0,2025-06-11,0
14.1,0.0,16.1,0.0,15.8,0.0,29.9,0.0,2025-06-11,1
13.6,0.0,15.9,0.0,15.5,0.0,29.3,0.0,2025-06-11,2
13.3,0.0,15.6,0.0,15.2,0.0,28.1,0.0,2025-06-11,3
12.7,0.0,15.4,0.0,15.1,0.0,27.3,0.0,2025-06-11,4
12.1,0.0,15.2,0.0,14.5,0.0,26.1,0.0,2025-06-11,5
11.9,2.0,15.4,1.0,15.1,3.0,26.4,10.0,2025-06-11,6
12.7,80.0,15.7,54.0,16.4,83.0,28.5,130.0,2025-06-11,7
14.4,245.0,16.5,167.0,17.8,246.0,31.2,324.0,2025-06-11,8
16.8,444.0,18.8,408.0,19.1,369.0,33.2,527.0,2025-06-11,9
19.6,632.0,21.7,622.0,20.4,594.0,34.7,712.0,2025-06-11,10
22.5,789.0,25.1,817.0,21.1,802.0,36.2,864.0,2025-06-11,11
25.2,904.0,27.5,917.0,21.3,930.0,37.3,967.0,2025-06-11,12
27.5,967.0,29.0,978.0,21.7,983.0,37.9,1014.0,2025-06-11,13
29.2,973.0,29.1,969.0,21.8,979.0,38.1,1000.0,2025-06-11,14
30.2,922.0,28.4,896.0,21.5,904.0,38.3,922.0,2025-06-11,15
30.4,817.0,27.2,777.0,21.2,778.0,38.7,792.0,2025-06-11,16
29.5,668.0,26.1,613.0,20.6,602.0,38.4,620.0,2025-06-11,17
27.8,485.0,23.3,416.0,18.8,403.0,37.8,420.0,2025-06-11,18
25.7,290.0,21.6,219.0,18.1,204.0,37.4,217.0,2025-06-11,19
22.7,110.0,20.0,53.0,17.2,40.0,35.5,49.0,2025-06-11,20
19.9,7.0,19.1,0.0,16.9,0.0,34.1,0.0,2025-06-11,21
17.8,0.0,18.6,0.0,16.9,0.0,32.4,0.0,2025-06-11,22
16.1,0.0,18.1,0.0,16.7,0.0,30.6,0.0,2025-06-11,23
14.8,0.0,17.6,0.0,16.1,0.0,29.3,0.0,2025-06-12,0
14.2,0.0,17.0,0.0,15.6,0.0,28.0,0.0,2025-06-12,1
13.8,0.0,16.5,0.0,15.3,0.0,27.1,0.0,2025-06-12,2
13.2,0.0,16.0,0.0,15.0,0.0,26.0,0.0,2025-06-12,3
12.6,0.0,15.7,0.0,15.3,0.0,24.9,0.0,2025-06-12,4
12.1,0.0,15.3,0.0,15.4,0.0,23.7,0.0,2025-06-12,5
11.9,2.0,15.1,1.0,15.8,1.0,23.4,11.0,2025-06-12,6
12.6,80.0,15.4,47.0,16.0,27.0,25.3,133.0,2025-06-12,7
14.2,249.0,16.4,183.0,16.5,107.0,26.8,328.0,2025-06-12,8
16.7,443.0,18.7,387.0,17.0,187.0,28.9,533.0,2025-06-12,9
19.6,628.0,21.4,583.0,17.9,314.0,30.4,719.0,2025-06-12,10
22.6,784.0,24.3,781.0,19.6,613.0,32.1,870.0,2025-06-12,11
25.7,899.0,26.9,915.0,20.3,825.0,33.7,973.0,2025-06-12,12
28.6,962.0,28.1,972.0,20.5,952.0,35.3,1019.0,2025-06-12,13
31.0,968.0,28.6,976.0,20.4,972.0,36.4,1005.0,2025-06-12,14
32.6,917.0,28.1,909.0,20.2,895.0,36.7,932.0,2025-06-12,15
33.2,812.0,27.3,787.0,19.9,766.0,36.9,803.0,2025-06-12,16
32.8,662.0,26.5,623.0,19.5,612.0,36.7,631.0,2025-06-12,17
31.0,482.0,23.5,421.0,17.6,328.0,36.5,430.0,2025-06-12,18
28.7,289.0,22.1,215.0,17.0,159.0,36.1,223.0,2025-06-12,19
25.6,110.0,20.5,53.0,16.6,31.0,34.2,51.0,2025-06-12,20
22.8,7.0,19.4,0.0,16.5,0.0,32.9,0.0,2025-06-12,21
21.0,0.0,18.6,0.0,16.3,0.0,31.4,0.0,2025-06-12,22
19.6,0.0,17.9,0.0,15.9,0.0,29.7,0.0,2025-06-12,23
18.3,0.0,17.2,0.0,15.5,0.0,28.4,0.0,2025-06-13,0
17.1,0.0,16.7,0.0,15.0,0.0,27.3,0.0,2025-06-13,1
16.1,0.0,16.2,0.0,14.7,0.0,26.1,0.0,2025-06-13,2
15.3,0.0,15.7,0.0,14.4,0.0,24.6,0.0,2025-06-13,3
14.7,0.0,15.2,0.0,14.0,0.0,22.7,0.0,2025-06-13,4
14.1,0.0,14.8,0.0,13.6,0.0,21.6,0.0,2025-06-13,5
12.8,2.0,15.3,2.0,15.5,1.0,21.8,11.0,2025-06-13,6
13.2,82.0,15.9,58.0,15.8,34.0,23.5,130.0,2025-06-13,7
14.8,253.0,16.2,136.0,16.7,131.0,25.3,324.0,2025-06-13,8
17.2,447.0,17.8,318.0,18.3,334.0,27.3,538.0,2025-06-13,9
20.1,632.0,20.6,623.0,19.7,585.0,29.0,726.0,2025-06-13,10
23.2,790.0,23.9,806.0,20.3,810.0,30.9,878.0,2025-06-13,11
26.2,905.0,26.8,923.0,20.7,941.0,32.7,980.0,2025-06-13,12
28.8,969.0,28.3,989.0,21.0,998.0,34.3,1023.0,2025-06-13,13
30.6,976.0,28.0,980.0,21.1,981.0,35.3,1005.0,2025-06-13,14
31.6,925.0,27.4,913.0,21.0,910.0,35.9,930.0,2025-06-13,15
31.6,816.0,27.1,792.0,20.8,786.0,36.0,801.0,2025-06-13,16
30.9,665.0,26.5,626.0,20.4,617.0,36.1,629.0,2025-06-13,17
29.6,491.0,23.9,426.0,18.7,405.0,36.0,427.0,2025-06-13,18
27.6,282.0,22.1,220.0,17.9,205.0,35.3,221.0,2025-06-13,19
25.0,99.0,20.4,54.0,17.0,42.0,33.6,51.0,2025-06-13,20
22.7,7.0,19.2,0.0,16.7,0.0,32.8,0.0,2025-06-13,21
20.6,0.0,18.4,0.0,16.5,0.0,31.0,0.0,2025-06-13,22
18.8,0.0,18.1,0.0,16.2,0.0,29.4,0.0,2025-06-13,23
17.5,0.0,17.6,0.0,15.7,0.0,28.2,0.0,2025-06-14,0
16.4,0.0,17.2,0.0,15.2,0.0,27.2,0.0,2025-06-14,1
15.4,0.0,16.7,0.0,14.7,0.0,26.0,0.0,2025-06-14,2
14.6,0.0,16.1,0.0,14.5,0.0,24.8,0.0,2025-06-14,3
14.0,0.0,15.5,0.0,14.3,0.0,24.0,0.0,2025-06-14,4
13.5,0.0,15.4,0.0,14.1,0.0,23.2,0.0,2025-06-14,5
13.2,2.0,16.2,1.0,14.3,2.0,23.3,10.0,2025-06-14,6
13.7,81.0,16.5,64.0,15.6,57.0,25.7,131.0,2025-06-14,7
15.4,255.0,17.3,155.0,16.5,119.0,28.3,322.0,2025-06-14,8
18.0,451.0,18.9,323.0,17.5,247.0,30.9,537.0,2025-06-14,9
20.9,638.0,21.6,592.0,19.6,528.0,32.7,727.0,2025-06-14,10
23.9,797.0,24.6,796.0,21.0,763.0,34.3,882.0,2025-06-14,11
26.6,907.0,27.9,932.0,21.9,928.0,35.7,987.0,2025-06-14,12
28.7,928.0,30.3,992.0,22.0,866.0,36.6,1033.0,2025-06-14,13
30.2,906.0,30.8,987.0,22.1,988.0,37.2,1018.0,2025-06-14,14
30.7,768.0,29.7,909.0,22.0,916.0,37.7,941.0,2025-06-14,15
31.2,793.0,28.4,721.0,22.1,779.0,37.7,809.0,2025-06-14,16
30.9,660.0,28.2,601.0,22.2,627.0,37.3,636.0,2025-06-14,17
30.6,495.0,27.0,402.0,20.2,423.0,36.7,434.0,2025-06-14,18
29.2,299.0,24.2,164.0,19.2,214.0,35.8,217.0,2025-06-14,19
26.9,115.0,22.1,43.0,18.2,45.0,33.3,48.0,2025-06-14,20
24.0,8.0,21.2,0.0,17.8,0.0,32.4,0.0,2025-06-14,21
21.4,0.0,20.0,0.0,17.5,0.0,31.2,0.0,2025-06-14,22
19.4,0.0,19.4,0.0,17.2,0.0,30.6,0.0,2025-06-14,23
17.8,0.0,19.3,0.0,16.9,0.0,29.6,0.0,2025-06-15,0
16.7,0.0,18.9,0.0,16.3,0.0,28.0,0.0,2025-06-15,1
15.9,0.0,18.3,0.0,15.4,0.0,26.3,0.0,2025-06-15,2
15.0,0.0,17.9,0.0,15.2,0.0,25.4,0.0,2025-06-15,3
14.3,0.0,17.6,0.0,15.0,0.0,24.6,0.0,2025-06-15,4
13.8,0.0,16.9,0.0,15.1,0.0,24.1,0.0,2025-06-15,5
13.0,2.0,16.1,2.0,15.7,1.0,25.0,9.0,2025-06-15,6
13.8,73.0,16.4,62.0,16.1,31.0,26.8,124.0,2025-06-15,7
15.4,217.0,17.4,198.0,17.5,146.0,29.3,278.0,2025-06-15,8
17.9,400.0,20.2,460.0,19.9,368.0,31.7,538.0,2025-06-15,9
21.1,599.0,23.7,669.0,22.0,653.0,33.4,730.0,2025-06-15,10
24.5,775.0,27.7,834.0,22.9,839.0,35.2,885.0,2025-06-15,11
27.8,904.0,31.5,950.0,23.5,913.0,36.8,990.0,2025-06-15,12
30.5,968.0,34.0,1004.0,24.8,1004.0,38.0,1036.0,2025-06-15,13
32.5,975.0,34.3,992.0,25.7,997.0,38.8,1022.0,2025-06-15,14
33.7,925.0,33.9,923.0,25.2,927.0,39.3,947.0,2025-06-15,15
34.3,815.0,32.0,794.0,23.7,801.0,39.5,817.0,2025-06-15,16
34.1,660.0,29.4,629.0,23.0,629.0,39.4,642.0,2025-06-15,17
33.3,476.0,28.6,438.0,21.4,428.0,38.8,437.0,2025-06-15,18
32.1,276.0,26.3,234.0,21.2,217.0,37.7,227.0,2025-06-15,19
29.3,105.0,23.6,59.0,20.0,46.0,34.8,53.0,2025-06-15,20
26.1,7.0,22.0,0.0,19.3,0.0,32.3,0.0,2025-06-15,21
23.6,0.0,20.9,0.0,18.6,0.0,31.0,0.0,2025-06-15,22
21.3,0.0,20.6,0.0,17.8,0.0,30.0,0.0,2025-06-15,23
19.4,0.0,20.6,0.0,17.1,0.0,28.7,0.0,2025-06-16,0
17.9,0.0,20.1,0.0,16.6,0.0,27.7,0.0,2025-06-16,1
16.9,0.0,19.3,0.0,16.1,0.0,26.5,0.0,2025-06-16,2
16.1,0.0,18.2,0.0,15.6,0.0,25.6,0.0,2025-06-16,3
15.4,0.0,17.5,0.0,15.1,0.0,24.9,0.0,2025-06-16,4
14.6,0.0,17.0,0.0,14.6,0.0,24.1,0.0,2025-06-16,5
13.1,2.0,16.4,2.0,15.7,1.0,24.2,11.0,2025-06-16,6
13.3,79.0,17.2,88.0,15.8,37.0,26.5,134.0,2025-06-16,7
14.8,250.0,18.9,270.0,16.4,154.0,29.2,333.0,2025-06-16,8
17.2,445.0,21.5,480.0,18.8,350.0,31.5,540.0,2025-06-16,9
20.2,631.0,24.6,676.0,21.6,659.0,33.2,730.0,2025-06-16,10
23.2,788.0,28.2,836.0,23.5,851.0,34.9,883.0,2025-06-16,11
26.3,902.0,31.2,948.0,24.2,964.0,36.6,986.0,2025-06-16,12
28.9,963.0,32.7,1001.0,24.9,1017.0,37.8,1033.0,2025-06-16,13
30.9,970.0,33.2,994.0,25.2,1008.0,38.4,1018.0,2025-06-16,14
32.1,919.0,33.2,927.0,24.8,937.0,38.6,941.0,2025-06-16,15
32.8,815.0,32.4,803.0,24.4,808.0,38.6,809.0,2025-06-16,16
32.8,668.0,31.0,635.0,24.6,634.0,39.1,632.0,2025-06-16,17
31.3,487.0,28.5,437.0,22.0,428.0,39.6,430.0,2025-06-16,18
29.9,293.0,26.7,233.0,20.9,219.0,37.3,224.0,2025-06-16,19
27.3,113.0,24.6,60.0,19.8,46.0,34.8,53.0,2025-06-16,20
24.5,8.0,23.2,0.0,18.9,0.0,32.6,0.0,2025-06-16,21
22.5,0.0,22.4,0.0,18.3,0.0,30.5,0.0,2025-06-16,22
20.9,0.0,21.8,0.0,17.8,0.0,28.6,0.0,2025-06-16,23
19.5,0.0,20.9,0.0,17.3,0.0,26.7,0.0,2025-06-17,0
18.4,0.0,19.9,0.0,16.9,0.0,25.0,0.0,2025-06-17,1
17.7,0.0,19.2,0.0,16.5,0.0,24.7,0.0,2025-06-17,2
17.2,0.0,18.5,0.0,16.1,0.0,24.2,0.0,2025-06-17,3
16.7,0.0,18.0,0.0,15.8,0.0,23.9,0.0,2025-06-17,4
16.2,0.0,17.7,0.0,15.7,0.0,22.8,0.0,2025-06-17,5
15.3,2.0,16.5,2.0,15.7,1.0,23.6,11.0,2025-06-17,6
15.9,80.0,17.3,87.0,15.7,44.0,24.8,133.0,2025-06-17,7
17.6,249.0,18.9,270.0,16.8,168.0,26.6,331.0,2025-06-17,8
20.0,442.0,21.6,483.0,20.4,446.0,28.8,537.0,2025-06-17,9
23.0,628.0,25.0,678.0,23.3,678.0,31.1,725.0,2025-06-17,10
26.2,785.0,28.6,837.0,24.8,847.0,33.7,878.0,2025-06-17,11
29.2,900.0,31.8,946.0,25.2,961.0,35.7,980.0,2025-06-17,12
31.8,965.0,33.4,1005.0,25.6,1014.0,36.8,1027.0,2025-06-17,13
33.8,972.0,33.1,996.0,25.8,1006.0,37.4,1013.0,2025-06-17,14
35.1,922.0,33.0,925.0,25.7,935.0,37.9,937.0,2025-06-17,15
36.0,818.0,32.6,805.0,25.2,807.0,38.1,808.0,2025-06-17,16
36.4,669.0,31.7,639.0,24.3,634.0,38.0,636.0,2025-06-17,17
35.3,489.0,29.9,441.0,21.9,425.0,37.3,433.0,2025-06-17,18
34.7,294.0,28.4,235.0,20.5,217.0,36.7,227.0,2025-06-17,19
31.2,114.0,26.5,61.0,19.2,46.0,34.0,54.0,2025-06-17,20
27.9,8.0,24.8,0.0,18.6,0.0,32.2,0.0,2025-06-17,21
26.4,0.0,23.7,0.0,18.1,0.0,30.4,0.0,2025-06-17,22
24.8,0.0,22.6,0.0,17.6,0.0,28.9,0.0,2025-06-17,23
23.5,0.0,21.3,0.0,17.0,0.0,27.4,0.0,2025-06-18,0
22.3,0.0,20.3,0.0,16.6,0.0,26.6,0.0,2025-06-18,1
21.0,0.0,19.5,0.0,16.2,0.0,26.7,0.0,2025-06-18,2
19.9,0.0,18.7,0.0,15.9,0.0,26.3,0.0,2025-06-18,3
18.9,0.0,18.3,0.0,15.6,0.0,25.8,0.0,2025-06-18,4
18.1,0.0,17.9,0.0,15.5,0.0,25.1,0.0,2025-06-18,5
16.9,2.0,17.8,2.0,15.9,1.0,25.5,10.0,2025-06-18,6
17.4,78.0,19.4,90.0,15.9,45.0,27.3,132.0,2025-06-18,7
19.3,245.0,21.2,274.0,17.0,152.0,29.7,328.0,2025-06-18,8
22.1,437.0,23.6,479.0,19.6,443.0,31.4,534.0,2025-06-18,9
25.5,621.0,26.6,673.0,21.7,676.0,33.2,722.0,2025-06-18,10
29.2,777.0,29.5,833.0,22.5,848.0,34.9,874.0,2025-06-18,11
32.5,892.0,31.6,944.0,22.9,962.0,36.6,977.0,2025-06-18,12
35.3,956.0,32.5,993.0,23.3,1018.0,38.6,1023.0,2025-06-18,13
37.5,962.0,32.8,985.0,23.6,1008.0,39.9,1008.0,2025-06-18,14
39.0,912.0,32.7,919.0,23.3,935.0,40.6,934.0,2025-06-18,15
39.9,809.0,31.8,799.0,22.7,805.0,41.0,805.0,2025-06-18,16
40.1,661.0,30.1,636.0,22.1,630.0,40.9,633.0,2025-06-18,17
38.8,481.0,28.3,437.0,20.4,427.0,40.5,433.0,2025-06-18,18
37.8,289.0,26.3,233.0,19.3,217.0,39.2,228.0,2025-06-18,19
34.8,112.0,24.6,60.0,18.3,46.0,36.4,55.0,2025-06-18,20
32.1,8.0,23.1,0.0,18.1,0.0,34.6,0.0,2025-06-18,21
30.2,0.0,22.0,0.0,17.9,0.0,32.4,0.0,2025-06-18,22
27.8,0.0,20.9,0.0,17.5,0.0,31.0,0.0,2025-06-18,23
25.6,0.0,20.0,0.0,16.9,0.0,29.5,0.0,2025-06-19,0
23.6,0.0,19.1,0.0,16.5,0.0,28.4,0.0,2025-06-19,1
21.7,0.0,18.4,0.0,16.2,0.0,27.5,0.0,2025-06-19,2
20.2,0.0,17.9,0.0,16.0,0.0,27.5,0.0,2025-06-19,3
19.0,0.0,17.6,0.0,16.0,0.0,26.4,0.0,2025-06-19,4
17.9,0.0,17.3,0.0,15.9,0.0,26.1,0.0,2025-06-19,5
16.8,2.0,17.2,1.0,15.8,1.0,25.7,10.0,2025-06-19,6
16.7,80.0,17.5,54.0,16.1,39.0,28.2,132.0,2025-06-19,7
18.0,249.0,18.3,164.0,16.9,121.0,31.3,328.0,2025-06-19,8
20.4,443.0,20.0,333.0,17.9,213.0,34.3,534.0,2025-06-19,9
23.4,630.0,22.5,559.0,19.8,445.0,36.4,722.0,2025-06-19,10
26.1,789.0,25.1,773.0,21.7,787.0,37.7,876.0,2025-06-19,11
28.3,905.0,27.4,905.0,22.0,935.0,38.4,977.0,2025-06-19,12
30.0,968.0,29.2,978.0,22.4,1008.0,38.7,1021.0,2025-06-19,13
31.3,976.0,28.2,979.0,22.6,1001.0,38.7,1008.0,2025-06-19,14
32.1,926.0,27.6,916.0,22.2,931.0,38.8,932.0,2025-06-19,15
32.0,820.0,27.5,795.0,21.5,805.0,38.8,802.0,2025-06-19,16
31.0,672.0,25.8,630.0,20.6,628.0,38.8,630.0,2025-06-19,17
28.3,493.0,23.0,438.0,19.5,423.0,38.2,431.0,2025-06-19,18
26.0,297.0,22.0,233.0,18.9,209.0,37.1,225.0,2025-06-19,19
22.9,116.0,20.3,60.0,18.3,46.0,35.2,54.0,2025-06-19,20
20.5,9.0,19.1,0.0,17.9,0.0,33.7,0.0,2025-06-19,21
18.6,0.0,18.6,0.0,17.7,0.0,32.0,0.0,2025-06-19,22
17.0,0.0,18.3,0.0,17.3,0.0,30.7,0.0,2025-06-19,23
16.1,0.0,18.2,0.0,17.0,0.0,29.2,0.0,2025-06-20,0
15.6,0.0,17.9,0.0,16.6,0.0,28.0,0.0,2025-06-20,1
15.1,0.0,17.3,0.0,16.2,0.0,27.1,0.0,2025-06-20,2
14.5,0.0,16.9,0.0,15.9,0.0,26.0,0.0,2025-06-20,3
14.1,0.0,16.6,0.0,15.6,0.0,24.9,0.0,2025-06-20,4
13.6,0.0,16.2,0.0,15.6,0.0,23.9,0.0,2025-06-20,5
13.5,2.0,16.3,1.0,16.0,2.0,23.6,10.0,2025-06-20,6
13.8,74.0,16.5,57.0,16.5,55.0,25.2,130.0,2025-06-20,7
15.0,233.0,17.6,183.0,17.3,168.0,26.9,325.0,2025-06-20,8
17.0,432.0,19.6,345.0,18.4,277.0,28.2,531.0,2025-06-20,9
19.2,589.0,21.7,565.0,19.7,540.0,29.9,720.0,2025-06-20,10
21.7,773.0,24.2,789.0,20.5,715.0,31.7,872.0,2025-06-20,11
24.0,887.0,26.7,922.0,21.2,918.0,33.7,975.0,2025-06-20,12
26.1,952.0,27.7,981.0,21.5,997.0,35.4,1021.0,2025-06-20,13
27.7,959.0,27.6,980.0,21.6,991.0,36.1,1011.0,2025-06-20,14
28.9,908.0,27.5,916.0,21.4,916.0,36.6,942.0,2025-06-20,15
29.9,805.0,27.0,796.0,21.2,783.0,37.2,816.0,2025-06-20,16
30.4,659.0,25.9,634.0,21.2,614.0,37.1,644.0,2025-06-20,17
26.8,483.0,23.2,436.0,19.6,394.0,35.7,442.0,2025-06-20,18
25.3,291.0,21.7,233.0,19.0,152.0,33.9,233.0,2025-06-20,19
24.3,114.0,20.0,61.0,18.5,33.0,31.9,57.0,2025-06-20,20
22.6,9.0,19.1,0.0,18.4,0.0,30.4,0.0,2025-06-20,21
21.0,0.0,18.7,0.0,18.2,0.0,29.1,0.0,2025-06-20,22
19.9,0.0,18.2,0.0,17.9,0.0,27.9,0.0,2025-06-20,23
18.9,0.0,17.6,0.0,17.5,0.0,26.8,0.0,2025-06-21,0
18.9,0.0,17.1,0.0,17.1,0.0,25.8,0.0,2025-06-21,1
18.3,0.0,16.9,0.0,16.9,0.0,24.7,0.0,2025-06-21,2
17.8,0.0,16.9,0.0,16.4,0.0,23.6,0.0,2025-06-21,3
17.1,0.0,16.6,0.0,16.2,0.0,22.5,0.0,2025-06-21,4
16.5,0.0,16.3,0.0,16.0,0.0,21.5,0.0,2025-06-21,5
16.0,2.0,16.5,1.0,15.9,1.0,22.0,10.0,2025-06-21,6
16.7,79.0,16.9,37.0,16.2,47.0,22.9,128.0,2025-06-21,7
18.0,252.0,17.7,112.0,16.9,175.0,23.8,321.0,2025-06-21,8
19.5,448.0,19.1,245.0,17.9,303.0,25.0,524.0,2025-06-21,9
21.4,635.0,20.6,393.0,18.7,494.0,26.5,710.0,2025-06-21,10
23.3,794.0,22.9,695.0,19.1,600.0,28.0,862.0,2025-06-21,11
25.0,912.0,24.9,813.0,19.8,779.0,29.4,970.0,2025-06-21,12
26.4,979.0,26.6,898.0,19.7,804.0,30.4,1022.0,2025-06-21,13
27.2,985.0,26.7,965.0,20.2,914.0,31.1,1013.0,2025-06-21,14
28.0,939.0,25.5,906.0,20.3,882.0,32.0,943.0,2025-06-21,15
28.4,838.0,24.6,776.0,20.4,763.0,32.0,818.0,2025-06-21,16
28.8,688.0,24.1,616.0,20.2,553.0,31.4,648.0,2025-06-21,17
27.3,499.0,22.9,427.0,18.7,329.0,29.9,446.0,2025-06-21,18
27.0,303.0,21.6,226.0,18.6,131.0,27.9,237.0,2025-06-21,19
26.3,119.0,20.5,60.0,18.3,28.0,25.8,58.0,2025-06-21,20
24.8,9.0,19.9,0.0,18.1,0.0,24.0,0.0,2025-06-21,21
24.1,0.0,19.2,0.0,17.8,0.0,22.3,0.0,2025-06-21,22
22.9,0.0,18.4,0.0,17.7,0.0,21.8,0.0,2025-06-21,23
21.8,0.0,17.7,0.0,17.5,0.0,21.7,0.0,2025-06-22,0
21.5,0.0,16.9,0.0,16.8,0.0,20.3,0.0,2025-06-22,1
20.5,0.0,16.2,0.0,16.1,0.0,18.8,0.0,2025-06-22,2
19.4,0.0,15.8,0.0,15.8,0.0,18.1,0.0,2025-06-22,3
18.5,0.0,15.4,0.0,15.6,0.0,17.3,0.0,2025-06-22,4
17.9,0.0,15.1,0.0,15.2,0.0,16.3,0.0,2025-06-22,5
17.3,2.0,15.4,2.0,16.9,1.0,15.6,10.0,2025-06-22,6
18.0,77.0,16.2,76.0,17.2,65.0,17.6,132.0,2025-06-22,7
19.2,247.0,17.7,241.0,18.4,252.0,19.2,331.0,2025-06-22,8
20.8,440.0,19.6,443.0,20.0,439.0,20.1,539.0,2025-06-22,9
22.7,625.0,22.0,659.0,21.4,613.0,20.9,728.0,2025-06-22,10
24.7,782.0,24.5,827.0,22.0,824.0,22.5,880.0,2025-06-22,11
26.5,896.0,27.2,941.0,22.1,948.0,24.3,985.0,2025-06-22,12
28.0,959.0,28.1,996.0,22.1,1000.0,26.1,1033.0,2025-06-22,13
29.2,967.0,27.7,987.0,22.3,991.0,27.3,1020.0,2025-06-22,14
30.2,917.0,27.0,918.0,22.2,920.0,28.1,947.0,2025-06-22,15
30.6,815.0,26.4,796.0,21.9,795.0,28.6,818.0,2025-06-22,16
30.5,668.0,26.1,631.0,21.3,625.0,28.6,645.0,2025-06-22,17
28.8,489.0,25.2,435.0,19.9,423.0,28.1,441.0,2025-06-22,18
28.4,295.0,24.0,235.0,19.0,217.0,27.8,232.0,2025-06-22,19
28.0,116.0,22.0,62.0,18.0,47.0,26.5,57.0,2025-06-22,20
26.4,9.0,20.5,0.0,17.8,0.0,25.0,0.0,2025-06-22,21
23.6,0.0,19.8,0.0,17.6,0.0,24.0,0.0,2025-06-22,22
22.2,0.0,19.2,0.0,17.3,0.0,22.9,0.0,2025-06-22,23
21.3,0.0,18.5,0.0,16.8,0.0,21.3,0.0,2025-06-23,0
20.3,0.0,18.1,0.0,16.3,0.0,20.3,0.0,2025-06-23,1
19.8,0.0,17.8,0.0,15.8,0.0,19.7,0.0,2025-06-23,2
19.2,0.0,17.3,0.0,15.6,0.0,19.8,0.0,2025-06-23,3
18.2,0.0,17.0,0.0,15.4,0.0,19.1,0.0,2025-06-23,4
17.3,0.0,16.7,0.0,15.6,0.0,18.9,0.0,2025-06-23,5
16.8,1.0,16.6,2.0,15.8,2.0,19.6,9.0,2025-06-23,6
17.4,76.0,17.4,70.0,17.1,64.0,21.3,125.0,2025-06-23,7
19.4,243.0,18.8,229.0,17.8,130.0,22.9,319.0,2025-06-23,8
22.2,436.0,20.2,343.0,18.5,203.0,24.1,521.0,2025-06-23,9
25.0,622.0,22.4,557.0,19.7,410.0,26.4,714.0,2025-06-23,10
27.6,779.0,24.3,772.0,20.7,628.0,29.1,870.0,2025-06-23,11
30.0,895.0,26.0,917.0,20.6,705.0,30.6,975.0,2025-06-23,12
32.3,960.0,26.9,977.0,20.7,963.0,31.5,1022.0,2025-06-23,13
34.3,971.0,26.9,975.0,20.4,973.0,31.5,970.0,2025-06-23,14
35.1,922.0,26.4,913.0,20.0,913.0,31.2,890.0,2025-06-23,15
35.5,821.0,25.8,797.0,19.5,793.0,31.3,759.0,2025-06-23,16
36.1,677.0,25.1,634.0,18.9,624.0,31.5,619.0,2025-06-23,17
34.9,495.0,23.1,439.0,17.8,426.0,30.5,426.0,2025-06-23,18
32.5,299.0,21.6,237.0,17.0,217.0,30.1,232.0,2025-06-23,19
29.4,115.0,20.1,63.0,16.4,47.0,28.5,56.0,2025-06-23,20
26.9,9.0,18.8,0.0,16.2,0.0,27.0,0.0,2025-06-23,21
24.9,0.0,17.8,0.0,16.0,0.0,26.2,0.0,2025-06-23,22
23.2,0.0,17.1,0.0,15.6,0.0,25.7,0.0,2025-06-23,23
22.0,0.0,16.6,0.0,15.2,0.0,25.2,0.0,2025-06-24,0
20.8,0.0,16.3,0.0,14.8,0.0,23.2,0.0,2025-06-24,1
19.2,0.0,16.1,0.0,14.3,0.0,22.6,0.0,2025-06-24,2
17.3,0.0,16.0,0.0,14.0,0.0,21.8,0.0,2025-06-24,3
16.2,0.0,16.0,0.0,13.7,0.0,21.5,0.0,2025-06-24,4
15.6,0.0,15.9,0.0,13.4,0.0,20.1,0.0,2025-06-24,5
14.1,1.0,16.2,1.0,14.3,2.0,20.7,9.0,2025-06-24,6
14.4,74.0,16.4,51.0,15.3,88.0,22.5,124.0,2025-06-24,7
15.8,240.0,16.9,136.0,16.9,271.0,24.0,310.0,2025-06-24,8
17.7,432.0,18.1,287.0,18.5,478.0,25.2,510.0,2025-06-24,9
20.3,616.0,20.5,502.0,20.0,652.0,26.5,679.0,2025-06-24,10
23.4,774.0,22.4,650.0,21.0,839.0,27.9,797.0,2025-06-24,11
26.6,891.0,24.2,768.0,21.2,953.0,29.4,870.0,2025-06-24,12
29.6,957.0,26.0,929.0,21.4,1005.0,30.7,934.0,2025-06-24,13
31.8,967.0,26.1,971.0,21.8,996.0,31.8,834.0,2025-06-24,14
33.0,919.0,25.2,906.0,21.8,926.0,32.3,739.0,2025-06-24,15
33.0,819.0,24.6,788.0,21.5,800.0,32.1,575.0,2025-06-24,16
31.8,673.0,23.7,623.0,20.9,629.0,31.9,465.0,2025-06-24,17
29.7,493.0,22.2,427.0,19.6,424.0,31.4,370.0,2025-06-24,18
27.1,299.0,20.4,221.0,18.8,212.0,31.0,223.0,2025-06-24,19
23.8,118.0,18.9,59.0,18.0,46.0,29.7,55.0,2025-06-24,20
20.7,9.0,17.9,0.0,17.8,0.0,28.0,0.0,2025-06-24,21
18.9,0.0,17.5,0.0,17.5,0.0,26.6,0.0,2025-06-24,22
17.3,0.0,17.2,0.0,17.2,0.0,24.5,0.0,2025-06-24,23
15.9,0.0,17.1,0.0,16.9,0.0,23.3,0.0,2025-06-25,0
15.0,0.0,16.9,0.0,16.6,0.0,22.4,0.0,2025-06-25,1
14.2,0.0,16.7,0.0,16.8,0.0,21.8,0.0,2025-06-25,2
13.7,0.0,16.7,0.0,16.7,0.0,21.7,0.0,2025-06-25,3
13.3,0.0,16.7,0.0,16.6,0.0,21.6,0.0,2025-06-25,4
12.9,0.0,16.4,0.0,16.5,0.0,21.3,0.0,2025-06-25,5
12.5,1.0,16.2,1.0,16.9,1.0,21.4,9.0,2025-06-25,6
13.3,64.0,16.4,47.0,17.4,48.0,23.2,123.0,2025-06-25,7
14.7,208.0,17.5,169.0,18.1,151.0,25.2,315.0,2025-06-25,8
16.8,420.0,19.3,399.0,19.5,355.0,27.2,519.0,2025-06-25,9
19.6,614.0,21.5,588.0,20.9,572.0,29.0,706.0,2025-06-25,10
22.7,774.0,23.9,794.0,21.4,817.0,30.8,858.0,2025-06-25,11
25.9,893.0,26.3,914.0,21.3,940.0,32.0,962.0,2025-06-25,12
29.0,959.0,28.1,980.0,21.6,998.0,33.0,1011.0,2025-06-25,13
31.5,970.0,28.6,977.0,21.6,991.0,34.0,995.0,2025-06-25,14
33.4,923.0,28.1,913.0,21.5,919.0,34.7,922.0,2025-06-25,15
34.4,823.0,27.0,793.0,21.1,792.0,35.0,797.0,2025-06-25,16
34.8,678.0,25.5,628.0,20.4,622.0,35.1,628.0,2025-06-25,17
33.5,497.0,23.9,432.0,19.7,422.0,35.2,430.0,2025-06-25,18
31.0,302.0,22.3,232.0,18.6,215.0,34.5,227.0,2025-06-25,19
27.7,120.0,20.4,61.0,17.5,46.0,32.7,56.0,2025-06-25,20
24.8,10.0,18.8,0.0,17.1,0.0,31.6,0.0,2025-06-25,21
22.4,0.0,18.0,0.0,17.1,0.0,30.0,0.0,2025-06-25,22
20.4,0.0,17.7,0.0,16.9,0.0,27.8,0.0,2025-06-25,23
18.8,0.0,17.5,0.0,16.5,0.0,26.4,0.0,2025-06-26,0
17.6,0.0,17.3,0.0,16.3,0.0,25.0,0.0,2025-06-26,1
16.8,0.0,17.2,0.0,16.1,0.0,24.0,0.0,2025-06-26,2
16.3,0.0,17.0,0.0,15.8,0.0,23.4,0.0,2025-06-26,3
15.9,0.0,16.7,0.0,15.5,0.0,23.2,0.0,2025-06-26,4
15.5,0.0,16.5,0.0,15.2,0.0,23.1,0.0,2025-06-26,5
14.4,1.0,16.9,1.0,16.6,1.0,23.0,9.0,2025-06-26,6
14.9,73.0,17.1,31.0,17.0,54.0,24.9,124.0,2025-06-26,7
16.3,239.0,17.7,123.0,17.9,145.0,27.5,318.0,2025-06-26,8
18.7,431.0,19.4,289.0,19.1,283.0,29.7,524.0,2025-06-26,9
21.7,615.0,21.9,573.0,20.7,492.0,31.9,712.0,2025-06-26,10
24.7,769.0,24.1,762.0,22.1,759.0,33.7,864.0,2025-06-26,11
27.5,888.0,26.6,900.0,22.1,898.0,35.1,967.0,2025-06-26,12
29.9,952.0,28.7,974.0,22.0,951.0,36.1,1014.0,2025-06-26,13
32.0,960.0,29.3,974.0,21.8,937.0,36.4,1001.0,2025-06-26,14
33.4,911.0,28.6,912.0,21.6,885.0,36.5,927.0,2025-06-26,15
34.2,810.0,27.4,792.0,21.2,770.0,36.5,801.0,2025-06-26,16
34.6,663.0,26.3,629.0,20.7,611.0,36.2,634.0,2025-06-26,17
33.7,486.0,24.6,433.0,19.6,421.0,35.7,436.0,2025-06-26,18
32.8,294.0,22.5,233.0,18.9,217.0,34.9,231.0,2025-06-26,19
30.5,116.0,20.3,62.0,17.9,48.0,32.2,57.0,2025-06-26,20
27.7,9.0,18.8,0.0,17.5,0.0,30.8,0.0,2025-06-26,21
25.7,0.0,18.2,0.0,17.2,0.0,29.0,0.0,2025-06-26,22
23.7,0.0,17.7,0.0,17.0,0.0,27.5,0.0,2025-06-26,23
22.1,0.0,17.4,0.0,16.7,0.0,26.9,0.0,2025-06-27,0
20.7,0.0,17.2,0.0,16.3,0.0,26.1,0.0,2025-06-27,1
19.7,0.0,16.9,0.0,16.0,0.0,25.3,0.0,2025-06-27,2
19.0,0.0,16.5,0.0,15.8,0.0,24.2,0.0,2025-06-27,3
18.2,0.0,16.1,0.0,15.4,0.0,23.5,0.0,2025-06-27,4
17.5,0.0,15.7,0.0,14.9,0.0,23.3,0.0,2025-06-27,5
16.7,1.0,16.2,1.0,15.9,1.0,23.3,8.0,2025-06-27,6
17.2,72.0,16.5,58.0,16.2,45.0,25.2,122.0,2025-06-27,7
19.1,236.0,18.0,209.0,16.7,111.0,27.9,314.0,2025-06-27,8
21.9,425.0,20.5,416.0,18.0,237.0,30.4,518.0,2025-06-27,9
25.5,608.0,23.1,637.0,20.2,541.0,32.3,705.0,2025-06-27,10
29.1,765.0,26.0,812.0,21.9,794.0,33.7,858.0,2025-06-27,11
32.2,881.0,28.7,928.0,22.7,938.0,35.0,961.0,2025-06-27,12
34.6,947.0,30.4,984.0,22.7,1000.0,35.8,1006.0,2025-06-27,13
36.3,957.0,30.7,980.0,22.6,994.0,36.4,993.0,2025-06-27,14
37.4,910.0,30.2,919.0,22.3,926.0,36.7,922.0,2025-06-27,15
38.1,809.0,29.1,803.0,21.9,800.0,36.9,797.0,2025-06-27,16
38.2,664.0,27.4,640.0,21.4,629.0,36.8,629.0,2025-06-27,17
37.4,486.0,26.6,446.0,20.3,430.0,36.0,434.0,2025-06-27,18
37.0,294.0,25.2,243.0,19.2,222.0,35.2,230.0,2025-06-27,19
35.8,116.0,22.7,65.0,18.2,49.0,33.0,57.0,2025-06-27,20
32.2,9.0,20.5,0.0,17.7,0.0,31.4,0.0,2025-06-27,21
29.2,0.0,19.1,0.0,17.4,0.0,29.9,0.0,2025-06-27,22
27.2,0.0,18.3,0.0,17.1,0.0,28.7,0.0,2025-06-27,23
25.4,0.0,17.8,0.0,16.6,0.0,26.8,0.0,2025-06-28,0
24.1,0.0,17.4,0.0,16.2,0.0,25.8,0.0,2025-06-28,1
23.0,0.0,17.1,0.0,16.1,0.0,25.2,0.0,2025-06-28,2
21.9,0.0,16.5,0.0,16.0,0.0,24.5,0.0,2025-06-28,3
20.8,0.0,16.1,0.0,15.8,0.0,24.0,0.0,2025-06-28,4
19.7,0.0,15.6,0.0,15.9,0.0,23.8,0.0,2025-06-28,5
19.0,1.0,15.6,1.0,15.8,1.0,24.2,8.0,2025-06-28,6
19.4,71.0,16.6,81.0,15.8,38.0,25.8,121.0,2025-06-28,7
21.3,235.0,18.6,259.0,16.2,91.0,28.1,314.0,2025-06-28,8
23.9,425.0,21.0,467.0,18.0,265.0,29.9,519.0,2025-06-28,9
26.9,608.0,23.8,665.0,20.5,543.0,31.7,707.0,2025-06-28,10
30.2,765.0,27.1,826.0,22.3,814.0,33.5,859.0,2025-06-28,11
33.5,881.0,30.2,939.0,23.3,935.0,35.1,962.0,2025-06-28,12
36.1,946.0,31.8,995.0,23.7,988.0,36.4,1009.0,2025-06-28,13
37.8,957.0,31.7,993.0,23.9,980.0,37.1,996.0,2025-06-28,14
38.7,911.0,31.0,931.0,23.7,911.0,37.5,924.0,2025-06-28,15
38.8,811.0,30.0,813.0,23.3,787.0,37.5,799.0,2025-06-28,16
38.1,665.0,28.8,650.0,22.4,619.0,37.2,631.0,2025-06-28,17
37.9,487.0,27.9,453.0,21.2,422.0,36.5,436.0,2025-06-28,18
35.4,295.0,25.9,246.0,20.3,217.0,35.8,231.0,2025-06-28,19
32.7,117.0,23.1,66.0,19.5,48.0,33.4,58.0,2025-06-28,20
29.6,9.0,20.9,0.0,19.2,0.0,31.6,0.0,2025-06-28,21
27.2,0.0,19.9,0.0,18.9,0.0,30.1,0.0,2025-06-28,22
25.6,0.0,19.1,0.0,18.7,0.0,28.8,0.0,2025-06-28,23
24.2,0.0,18.4,0.0,18.2,0.0,27.1,0.0,2025-06-29,0
22.9,0.0,17.9,0.0,17.8,0.0,26.0,0.0,2025-06-29,1
21.7,0.0,17.3,0.0,17.5,0.0,25.3,0.0,2025-06-29,2
20.6,0.0,16.8,0.0,17.2,0.0,24.3,0.0,2025-06-29,3
19.8,0.0,16.2,0.0,16.9,0.0,23.6,0.0,2025-06-29,4
19.0,0.0,15.8,0.0,16.7,0.0,23.1,0.0,2025-06-29,5
17.9,1.0,15.7,1.0,17.6,1.0,23.4,8.0,2025-06-29,6
18.2,71.0,16.0,67.0,18.1,46.0,25.3,124.0,2025-06-29,7
19.6,234.0,18.0,213.0,19.4,215.0,27.7,320.0,2025-06-29,8
21.9,423.0,21.2,450.0,21.3,448.0,30.1,527.0,2025-06-29,9
24.7,605.0,24.7,651.0,22.9,651.0,31.9,715.0,2025-06-29,10
28.0,761.0,27.9,811.0,23.9,816.0,33.5,867.0,2025-06-29,11
31.6,876.0,30.4,925.0,24.2,928.0,34.9,970.0,2025-06-29,12
34.5,941.0,31.4,987.0,24.2,980.0,36.3,1015.0,2025-06-29,13
36.2,950.0,31.3,984.0,24.1,971.0,37.1,1001.0,2025-06-29,14
36.9,904.0,30.5,919.0,23.7,903.0,37.5,929.0,2025-06-29,15
37.0,805.0,29.0,800.0,23.2,781.0,37.6,802.0,2025-06-29,16
36.5,662.0,27.0,637.0,22.6,614.0,37.2,633.0,2025-06-29,17
36.5,484.0,26.6,441.0,22.2,420.0,36.1,433.0,2025-06-29,18
34.6,292.0,24.8,238.0,21.1,217.0,35.4,229.0,2025-06-29,19
31.3,114.0,22.5,64.0,19.8,48.0,33.5,57.0,2025-06-29,20
28.2,9.0,20.5,0.0,19.0,0.0,31.7,0.0,2025-06-29,21
25.7,0.0,19.3,0.0,18.7,0.0,30.4,0.0,2025-06-29,22
23.9,0.0,18.5,0.0,18.6,0.0,29.5,0.0,2025-06-29,23
21.9,0.0,18.0,0.0,18.3,0.0,27.6,0.0,2025-06-30,0
20.1,0.0,17.7,0.0,18.1,0.0,26.1,0.0,2025-06-30,1
18.8,0.0,17.4,0.0,17.8,0.0,25.2,0.0,2025-06-30,2
17.8,0.0,17.0,0.0,17.6,0.0,24.7,0.0,2025-06-30,3
17.0,0.0,16.4,0.0,17.3,0.0,24.2,0.0,2025-06-30,4
16.2,0.0,15.8,0.0,17.0,0.0,23.8,0.0,2025-06-30,5
16.2,1.0,15.7,1.0,17.7,1.0,25.1,8.0,2025-06-30,6
16.4,68.0,16.1,68.0,18.1,71.0,26.4,119.0,2025-06-30,7
17.8,230.0,18.1,230.0,19.5,232.0,28.9,310.0,2025-06-30,8
20.0,418.0,20.8,456.0,21.2,454.0,30.6,513.0,2025-06-30,9
22.9,602.0,23.8,656.0,22.7,658.0,31.9,700.0,2025-06-30,10
26.2,760.0,26.8,812.0,23.8,825.0,33.4,852.0,2025-06-30,11
29.3,877.0,29.2,924.0,24.1,936.0,35.5,956.0,2025-06-30,12
31.8,944.0,30.5,982.0,23.8,990.0,37.9,1006.0,2025-06-30,13
34.0,956.0,30.5,975.0,23.6,983.0,38.3,997.0,2025-06-30,14
35.8,912.0,29.1,913.0,23.3,915.0,38.7,928.0,2025-06-30,15
36.6,814.0,28.0,806.0,22.7,791.0,38.7,799.0,2025-06-30,16
36.8,669.0,26.9,647.0,22.2,624.0,38.4,629.0,2025-06-30,17
36.3,490.0,25.6,452.0,21.5,426.0,38.1,434.0,2025-06-30,18
35.4,298.0,23.2,246.0,20.3,221.0,37.2,231.0,2025-06-30,19
31.8,118.0,20.9,66.0,19.0,49.0,34.6,57.0,2025-06-30,20
28.2,9.0,19.2,0.0,18.5,0.0,33.1,0.0,2025-06-30,21
25.3,0.0,18.4,0.0,18.3,0.0,31.5,0.0,2025-06-30,22
23.1,0.0,17.9,0.0,18.2,0.0,30.2,0.0,2025-06-30,23
21.4,0.0,17.4,0.0,18.0,0.0,29.2,0.0,2025-07-01,0
20.1,0.0,17.0,0.0,17.6,0.0,28.3,0.0,2025-07-01,1
19.0,0.0,16.5,0.0,17.5,0.0,27.6,0.0,2025-07-01,2
18.0,0.0,16.0,0.0,17.3,0.0,26.7,0.0,2025-07-01,3
17.4,0.0,15.5,0.0,17.3,0.0,25.7,0.0,2025-07-01,4
16.9,0.0,15.1,0.0,17.5,0.0,25.0,0.0,2025-07-01,5
16.5,1.0,15.0,1.0,17.3,1.0,25.2,7.0,2025-07-01,6
16.6,64.0,15.7,66.0,17.4,32.0,27.4,118.0,2025-07-01,7
18.1,231.0,17.1,226.0,17.9,93.0,29.6,308.0,2025-07-01,8
20.8,420.0,19.6,448.0,19.6,261.0,31.6,513.0,2025-07-01,9
23.8,607.0,22.5,649.0,21.1,515.0,33.9,634.0,2025-07-01,10
27.0,765.0,25.4,814.0,22.3,784.0,35.9,816.0,2025-07-01,11
30.4,883.0,27.4,927.0,22.7,900.0,37.1,946.0,2025-07-01,12
33.6,949.0,28.1,987.0,21.9,865.0,38.2,935.0,2025-07-01,13
36.1,960.0,28.3,985.0,21.7,801.0,35.6,511.0,2025-07-01,14
37.5,912.0,28.4,923.0,22.1,909.0,36.9,688.0,2025-07-01,15
37.8,812.0,27.6,806.0,21.7,786.0,37.8,778.0,2025-07-01,16
38.0,666.0,25.9,642.0,21.2,619.0,37.2,552.0,2025-07-01,17
37.9,488.0,23.8,448.0,20.0,423.0,38.1,363.0,2025-07-01,18
34.7,293.0,22.1,242.0,19.0,219.0,37.2,218.0,2025-07-01,19
32.0,116.0,19.9,64.0,18.0,48.0,34.2,55.0,2025-07-01,20
27.9,9.0,18.2,0.0,17.8,0.0,32.9,0.0,2025-07-01,21
26.2,0.0,17.4,0.0,17.6,0.0,31.6,0.0,2025-07-01,22
24.7,0.0,16.8,0.0,17.3,0.0,32.2,0.0,2025-07-01,23
23.1,0.0,16.5,0.0,17.0,0.0,31.3,0.0,2025-07-02,0
21.7,0.0,16.0,0.0,16.8,0.0,29.0,0.0,2025-07-02,1
20.4,0.0,15.8,0.0,17.0,0.0,27.9,0.0,2025-07-02,2
19.5,0.0,15.6,0.0,17.2,0.0,26.7,0.0,2025-07-02,3
18.8,0.0,15.4,0.0,17.3,0.0,26.0,0.0,2025-07-02,4
18.1,0.0,15.2,0.0,17.1,0.0,26.0,0.0,2025-07-02,5
17.3,1.0,15.5,1.0,16.4,1.0,26.3,6.0,2025-07-02,6
17.4,67.0,16.0,56.0,17.1,43.0,28.4,82.0,2025-07-02,7
19.1,228.0,16.6,140.0,17.8,108.0,29.3,245.0,2025-07-02,8
21.9,415.0,18.7,340.0,19.0,252.0,29.6,377.0,2025-07-02,9
25.2,598.0,21.7,629.0,20.8,463.0,31.0,509.0,2025-07-02,10
28.7,755.0,24.3,807.0,21.7,801.0,31.7,723.0,2025-07-02,11
31.9,872.0,26.6,921.0,21.3,939.0,31.7,618.0,2025-07-02,12
34.6,940.0,27.7,982.0,21.3,997.0,29.0,644.0,2025-07-02,13
36.6,950.0,27.3,981.0,21.1,989.0,31.9,661.0,2025-07-02,14
37.9,904.0,27.2,917.0,21.4,920.0,33.8,881.0,2025-07-02,15
38.3,817.0,26.6,800.0,21.0,796.0,33.5,728.0,2025-07-02,16
37.2,577.0,25.5,636.0,20.6,628.0,33.1,540.0,2025-07-02,17
36.7,435.0,23.6,439.0,19.2,428.0,31.9,383.0,2025-07-02,18
33.3,260.0,21.6,237.0,18.4,220.0,30.8,179.0,2025-07-02,19
29.9,112.0,20.4,62.0,17.8,49.0,29.9,52.0,2025-07-02,20
26.8,9.0,19.2,0.0,17.5,0.0,29.0,0.0,2025-07-02,21
23.9,0.0,18.5,0.0,17.2,0.0,27.6,0.0,2025-07-02,22
22.3,0.0,18.0,0.0,16.8,0.0,27.0,0.0,2025-07-02,23
20.8,0.0,17.5,0.0,16.5,0.0,26.7,0.0,2025-07-03,0
19.8,0.0,16.9,0.0,16.3,0.0,25.5,0.0,2025-07-03,1
19.2,0.0,16.7,0.0,15.7,0.0,25.1,0.0,2025-07-03,2
18.6,0.0,16.5,0.0,15.3,0.0,24.4,0.0,2025-07-03,3
18.1,0.0,16.3,0.0,15.4,0.0,24.1,0.0,2025-07-03,4
17.6,0.0,16.0,0.0,15.2,0.0,24.0,0.0,2025-07-03,5
16.3,1.0,16.5,1.0,16.5,1.0,23.4,6.0,2025-07-03,6
16.5,58.0,16.8,45.0,16.7,36.0,25.2,108.0,2025-07-03,7
18.2,220.0,17.9,183.0,17.3,118.0,27.0,294.0,2025-07-03,8
20.7,387.0,20.2,406.0,18.4,249.0,28.6,495.0,2025-07-03,9
23.8,593.0,22.3,629.0,20.1,566.0,30.3,680.0,2025-07-03,10
27.1,773.0,24.4,793.0,21.0,802.0,31.6,798.0,2025-07-03,11
29.6,835.0,26.8,905.0,21.6,927.0,32.7,892.0,2025-07-03,12
31.0,796.0,28.6,965.0,21.8,965.0,33.3,879.0,2025-07-03,13
32.4,930.0,28.8,962.0,21.7,960.0,33.0,815.0,2025-07-03,14
32.2,907.0,28.3,899.0,21.8,893.0,33.4,688.0,2025-07-03,15
31.9,817.0,27.3,783.0,21.6,780.0,33.7,697.0,2025-07-03,16
31.5,674.0,26.3,621.0,21.0,617.0,34.0,581.0,2025-07-03,17
29.0,403.0,25.0,428.0,19.9,403.0,35.4,400.0,2025-07-03,18
26.8,220.0,23.2,230.0,19.0,203.0,34.0,213.0,2025-07-03,19
24.6,75.0,21.5,61.0,18.3,42.0,32.4,53.0,2025-07-03,20
22.2,8.0,20.3,0.0,18.0,0.0,31.1,0.0,2025-07-03,21
20.5,0.0,19.5,0.0,17.6,0.0,30.1,0.0,2025-07-03,22
19.3,0.0,18.7,0.0,17.2,0.0,29.3,0.0,2025-07-03,23
18.5,0.0,18.2,0.0,16.8,0.0,28.5,0.0,2025-07-04,0
17.6,0.0,17.6,0.0,16.4,0.0,28.0,0.0,2025-07-04,1
16.8,0.0,17.2,0.0,16.1,0.0,27.2,0.0,2025-07-04,2
16.3,0.0,16.9,0.0,16.0,0.0,26.5,0.0,2025-07-04,3
15.7,0.0,16.7,0.0,16.0,0.0,26.1,0.0,2025-07-04,4
15.4,0.0,16.7,0.0,15.5,0.0,25.7,0.0,2025-07-04,5
15.0,1.0,17.5,1.0,15.8,1.0,25.6,6.0,2025-07-04,6
15.5,67.0,17.9,64.0,16.9,76.0,27.4,114.0,2025-07-04,7
17.0,231.0,19.4,230.0,18.7,252.0,29.2,307.0,2025-07-04,8
19.3,424.0,21.4,423.0,20.7,462.0,30.4,513.0,2025-07-04,9
21.8,609.0,23.8,625.0,22.3,659.0,32.0,703.0,2025-07-04,10
24.6,767.0,26.3,791.0,23.0,819.0,33.3,855.0,2025-07-04,11
27.4,884.0,28.6,913.0,23.3,930.0,34.1,956.0,2025-07-04,12
29.5,952.0,29.9,974.0,23.7,985.0,34.5,1002.0,2025-07-04,13
31.1,963.0,30.1,972.0,23.7,979.0,35.4,989.0,2025-07-04,14
31.8,918.0,29.8,912.0,23.3,912.0,36.0,917.0,2025-07-04,15
31.8,818.0,29.0,795.0,22.8,788.0,36.3,791.0,2025-07-04,16
31.2,672.0,27.9,633.0,22.4,619.0,36.1,624.0,2025-07-04,17
29.2,493.0,26.8,442.0,21.6,421.0,35.5,430.0,2025-07-04,18
27.2,299.0,24.6,238.0,20.7,217.0,34.5,226.0,2025-07-04,19
24.3,118.0,22.3,63.0,19.8,48.0,32.2,56.0,2025-07-04,20
21.6,9.0,20.9,0.0,19.2,0.0,31.0,0.0,2025-07-04,21
20.0,0.0,19.9,0.0,18.9,0.0,29.7,0.0,2025-07-04,22
18.8,0.0,19.2,0.0,18.5,0.0,28.4,0.0,2025-07-04,23
17.6,0.0,18.8,0.0,18.0,0.0,27.2,0.0,2025-07-05,0
16.5,0.0,18.3,0.0,17.4,0.0,26.3,0.0,2025-07-05,1
15.5,0.0,17.8,0.0,17.0,0.0,25.2,0.0,2025-07-05,2
14.8,0.0,17.3,0.0,16.7,0.0,24.0,0.0,2025-07-05,3
14.2,0.0,16.8,0.0,16.4,0.0,22.8,0.0,2025-07-05,4
13.6,0.0,16.3,0.0,16.2,0.0,22.1,0.0,2025-07-05,5
13.0,1.0,16.4,1.0,16.4,1.0,22.4,6.0,2025-07-05,6
13.3,67.0,16.8,58.0,16.9,47.0,24.1,116.0,2025-07-05,7
14.8,233.0,18.3,195.0,17.6,140.0,26.8,311.0,2025-07-05,8
17.1,428.0,21.1,426.0,19.6,358.0,28.6,519.0,2025-07-05,9
19.8,617.0,24.4,651.0,21.9,651.0,29.9,711.0,2025-07-05,10
22.7,779.0,27.7,817.0,23.3,820.0,31.2,867.0,2025-07-05,11
25.7,899.0,30.5,932.0,24.0,944.0,32.6,975.0,2025-07-05,12
28.6,969.0,32.0,992.0,24.2,1004.0,33.6,1024.0,2025-07-05,13
30.9,981.0,32.4,990.0,24.1,1000.0,34.6,1013.0,2025-07-05,14
32.4,936.0,32.1,930.0,23.9,933.0,35.3,941.0,2025-07-05,15
33.2,833.0,30.8,812.0,23.5,809.0,35.5,815.0,2025-07-05,16
33.4,683.0,29.3,645.0,22.8,637.0,35.3,645.0,2025-07-05,17
32.6,498.0,28.0,448.0,21.3,434.0,35.0,446.0,2025-07-05,18
32.0,301.0,26.2,242.0,20.4,224.0,34.2,236.0,2025-07-05,19
29.7,118.0,23.8,64.0,19.5,49.0,31.8,58.0,2025-07-05,20
26.3,9.0,22.3,0.0,19.0,0.0,30.5,0.0,2025-07-05,21
24.1,0.0,21.3,0.0,18.5,0.0,28.9,0.0,2025-07-05,22
21.8,0.0,20.4,0.0,18.0,0.0,27.4,0.0,2025-07-05,23
20.3,0.0,19.5,0.0,17.3,0.0,26.6,0.0,2025-07-06,0
18.9,0.0,18.6,0.0,16.8,0.0,25.6,0.0,2025-07-06,1
17.8,0.0,17.8,0.0,16.2,0.0,24.9,0.0,2025-07-06,2
17.0,0.0,17.1,0.0,16.0,0.0,23.7,0.0,2025-07-06,3
16.2,0.0,16.6,0.0,15.8,0.0,23.0,0.0,2025-07-06,4
15.3,0.0,16.2,0.0,15.3,0.0,22.7,0.0,2025-07-06,5
14.3,0.0,16.1,1.0,15.2,1.0,22.9,6.0,2025-07-06,6
14.7,65.0,16.7,71.0,15.9,52.0,24.2,115.0,2025-07-06,7
16.4,230.0,18.4,241.0,17.1,174.0,27.0,310.0,2025-07-06,8
19.0,423.0,20.5,448.0,19.1,378.0,29.1,517.0,2025-07-06,9
22.2,610.0,23.4,653.0,20.9,593.0,30.8,708.0,2025-07-06,10
25.9,770.0,26.4,817.0,22.1,809.0,32.6,864.0,2025-07-06,11
29.4,890.0,29.1,933.0,22.7,946.0,34.4,971.0,2025-07-06,12
32.1,959.0,30.8,991.0,22.9,1000.0,36.2,1022.0,2025-07-06,13
34.3,970.0,30.9,988.0,23.2,994.0,37.3,1015.0,2025-07-06,14
35.5,924.0,30.2,927.0,23.1,928.0,37.7,944.0,2025-07-06,15
36.0,822.0,29.8,810.0,22.9,804.0,37.7,815.0,2025-07-06,16
35.7,676.0,28.9,646.0,22.2,633.0,37.5,642.0,2025-07-06,17
35.3,497.0,26.6,450.0,21.0,433.0,37.1,443.0,2025-07-06,18
34.2,302.0,24.4,242.0,19.7,223.0,36.6,234.0,2025-07-06,19
31.5,119.0,22.2,64.0,18.6,49.0,34.8,57.0,2025-07-06,20
28.6,9.0,20.7,0.0,18.2,0.0,33.0,0.0,2025-07-06,21
25.6,0.0,19.6,0.0,17.9,0.0,30.9,0.0,2025-07-06,22
23.5,0.0,18.9,0.0,17.5,0.0,28.8,0.0,2025-07-06,23
21.9,0.0,18.4,0.0,17.0,0.0,27.5,0.0,2025-07-07,0
20.8,0.0,17.9,0.0,16.6,0.0,26.6,0.0,2025-07-07,1
19.6,0.0,17.4,0.0,16.2,0.0,25.9,0.0,2025-07-07,2
18.4,0.0,16.9,0.0,16.0,0.0,25.3,0.0,2025-07-07,3
17.4,0.0,16.5,0.0,15.8,0.0,24.5,0.0,2025-07-07,4
16.5,0.0,15.8,0.0,15.6,0.0,24.0,0.0,2025-07-07,5
15.7,0.0,16.2,0.0,17.2,0.0,24.6,6.0,2025-07-07,6
15.8,64.0,16.6,44.0,17.5,47.0,25.7,114.0,2025-07-07,7
17.3,227.0,17.5,162.0,18.1,143.0,28.2,309.0,2025-07-07,8
19.6,419.0,19.7,389.0,19.5,318.0,30.4,517.0,2025-07-07,9
22.8,605.0,22.1,612.0,21.2,584.0,32.3,708.0,2025-07-07,10
26.3,766.0,25.0,784.0,22.2,789.0,34.3,861.0,2025-07-07,11
29.7,886.0,27.4,903.0,22.6,926.0,36.0,963.0,2025-07-07,12
32.6,953.0,28.7,972.0,22.9,986.0,37.2,1006.0,2025-07-07,13
34.3,964.0,29.0,973.0,23.0,980.0,38.3,993.0,2025-07-07,14
35.0,917.0,28.6,911.0,23.2,912.0,38.6,922.0,2025-07-07,15
34.9,818.0,27.8,793.0,23.0,788.0,38.4,799.0,2025-07-07,16
33.5,672.0,26.8,631.0,22.3,620.0,38.2,629.0,2025-07-07,17
32.4,493.0,25.6,440.0,21.0,425.0,37.5,430.0,2025-07-07,18
29.5,299.0,23.3,237.0,19.9,219.0,36.7,225.0,2025-07-07,19
25.6,117.0,21.3,62.0,19.0,47.0,34.1,55.0,2025-07-07,20
22.6,9.0,20.0,0.0,18.7,0.0,32.2,0.0,2025-07-07,21
20.7,0.0,19.3,0.0,18.5,0.0,30.7,0.0,2025-07-07,22
19.5,0.0,18.7,0.0,18.3,0.0,29.9,0.0,2025-07-07,23
18.6,0.0,17.9,0.0,18.0,0.0,29.1,0.0,2025-07-08,0
17.9,0.0,17.3,0.0,17.9,0.0,28.1,0.0,2025-07-08,1
17.1,0.0,16.8,0.0,17.8,0.0,26.9,0.0,2025-07-08,2
16.6,0.0,16.2,0.0,17.5,0.0,25.7,0.0,2025-07-08,3
15.9,0.0,15.9,0.0,17.1,0.0,25.1,0.0,2025-07-08,4
15.4,0.0,15.7,0.0,16.8,0.0,24.8,0.0,2025-07-08,5
14.9,0.0,15.3,0.0,17.3,0.0,24.6,5.0,2025-07-08,6
15.1,62.0,16.3,70.0,17.8,41.0,26.3,108.0,2025-07-08,7
16.9,224.0,18.6,245.0,19.0,135.0,28.5,298.0,2025-07-08,8
19.3,416.0,21.6,446.0,20.8,335.0,31.0,500.0,2025-07-08,9
22.0,602.0,24.7,637.0,22.7,599.0,33.1,687.0,2025-07-08,10
24.7,762.0,27.8,796.0,24.0,808.0,35.1,838.0,2025-07-08,11
27.2,881.0,30.2,909.0,24.1,813.0,36.9,941.0,2025-07-08,12
29.1,950.0,31.1,966.0,24.7,968.0,37.8,989.0,2025-07-08,13
30.6,961.0,30.9,964.0,24.7,960.0,38.6,979.0,2025-07-08,14
31.4,916.0,30.5,902.0,24.7,888.0,38.9,910.0,2025-07-08,15
31.7,816.0,30.1,785.0,23.8,704.0,38.9,784.0,2025-07-08,16
31.2,671.0,29.3,623.0,23.4,603.0,38.8,617.0,2025-07-08,17
31.0,492.0,27.9,429.0,22.5,408.0,38.2,421.0,2025-07-08,18
29.5,297.0,26.0,229.0,21.5,208.0,37.5,218.0,2025-07-08,19
27.1,116.0,23.7,60.0,20.5,45.0,35.3,52.0,2025-07-08,20
24.2,8.0,22.1,0.0,20.2,0.0,33.8,0.0,2025-07-08,21
22.1,0.0,21.2,0.0,20.1,0.0,32.5,0.0,2025-07-08,22
20.6,0.0,20.6,0.0,19.6,0.0,31.1,0.0,2025-07-08,23
19.4,0.0,20.1,0.0,19.3,0.0,30.1,0.0,2025-07-09,0
18.2,0.0,19.7,0.0,19.0,0.0,29.2,0.0,2025-07-09,1
17.2,0.0,19.6,0.0,18.6,0.0,28.3,0.0,2025-07-09,2
16.4,0.0,19.1,0.0,18.4,0.0,27.4,0.0,2025-07-09,3
15.9,0.0,18.5,0.0,18.3,0.0,26.6,0.0,2025-07-09,4
15.5,0.0,18.3,0.0,18.1,0.0,26.0,0.0,2025-07-09,5
14.7,0.0,16.9,0.0,17.4,0.0,26.6,5.0,2025-07-09,6
15.0,61.0,18.0,66.0,18.6,59.0,28.5,102.0,2025-07-09,7
16.4,223.0,20.0,231.0,19.9,182.0,31.1,289.0,2025-07-09,8
18.7,416.0,22.5,435.0,21.6,395.0,33.5,490.0,2025-07-09,9
21.4,603.0,25.5,626.0,23.1,623.0,35.2,675.0,2025-07-09,10
24.4,764.0,28.8,785.0,24.2,789.0,36.7,825.0,2025-07-09,11
27.4,883.0,32.0,899.0,24.7,897.0,38.0,927.0,2025-07-09,12
30.2,951.0,33.9,959.0,24.9,959.0,39.0,976.0,2025-07-09,13
32.4,964.0,34.4,957.0,25.0,954.0,39.6,965.0,2025-07-09,14
34.0,919.0,34.0,894.0,24.8,890.0,40.0,894.0,2025-07-09,15
35.0,818.0,32.9,774.0,24.7,770.0,40.2,771.0,2025-07-09,16
35.5,673.0,31.6,618.0,24.1,605.0,39.9,607.0,2025-07-09,17
34.6,494.0,29.9,429.0,22.8,412.0,39.9,418.0,2025-07-09,18
34.3,299.0,26.7,229.0,21.8,209.0,39.2,220.0,2025-07-09,19
33.3,117.0,23.7,59.0,20.6,45.0,37.0,53.0,2025-07-09,20
29.8,8.0,21.9,0.0,20.3,0.0,35.5,0.0,2025-07-09,21
26.3,0.0,21.0,0.0,20.1,0.0,34.0,0.0,2025-07-09,22
24.7,0.0,20.4,0.0,19.7,0.0,32.0,0.0,2025-07-09,23
23.7,0.0,20.3,0.0,19.3,0.0,30.1,0.0,2025-07-10,0
22.8,0.0,20.1,0.0,18.9,0.0,28.6,0.0,2025-07-10,1
21.9,0.0,19.6,0.0,18.4,0.0,27.8,0.0,2025-07-10,2
21.1,0.0,18.9,0.0,18.2,0.0,27.0,0.0,2025-07-10,3
20.2,0.0,18.3,0.0,18.2,0.0,26.2,0.0,2025-07-10,4
19.2,0.0,17.7,0.0,17.9,0.0,25.3,0.0,2025-07-10,5
17.5,0.0,16.7,0.0,18.1,0.0,25.3,5.0,2025-07-10,6
18.0,60.0,17.7,68.0,18.2,41.0,26.3,111.0,2025-07-10,7
20.1,223.0,19.9,244.0,19.1,157.0,28.8,307.0,2025-07-10,8
23.3,416.0,23.1,453.0,20.8,371.0,30.5,516.0,2025-07-10,9
26.6,604.0,26.4,651.0,22.9,608.0,32.6,709.0,2025-07-10,10
29.9,765.0,29.5,816.0,24.5,788.0,35.0,864.0,2025-07-10,11
33.0,884.0,32.2,933.0,25.4,920.0,37.1,972.0,2025-07-10,12
35.7,952.0,33.7,988.0,25.7,978.0,38.2,1023.0,2025-07-10,13
37.8,965.0,34.1,986.0,25.5,974.0,39.1,1012.0,2025-07-10,14
39.4,918.0,33.9,922.0,24.8,907.0,39.7,941.0,2025-07-10,15
40.3,817.0,33.1,803.0,24.0,785.0,39.9,816.0,2025-07-10,16
39.6,671.0,32.1,640.0,23.4,616.0,39.8,646.0,2025-07-10,17
39.8,495.0,29.6,441.0,22.0,415.0,39.2,445.0,2025-07-10,18
37.7,297.0,27.6,236.0,21.4,212.0,38.6,234.0,2025-07-10,19
34.6,115.0,25.4,61.0,20.4,45.0,36.1,55.0,2025-07-10,20
33.0,8.0,23.5,0.0,19.8,0.0,34.3,0.0,2025-07-10,21
31.0,0.0,22.1,0.0,19.4,0.0,32.1,0.0,2025-07-10,22
29.3,0.0,21.0,0.0,18.9,0.0,30.2,0.0,2025-07-10,23
27.8,0.0,20.3,0.0,18.5,0.0,29.0,0.0,2025-07-11,0
26.4,0.0,19.8,0.0,18.2,0.0,27.7,0.0,2025-07-11,1
25.2,0.0,19.2,0.0,17.8,0.0,26.9,0.0,2025-07-11,2
23.9,0.0,18.5,0.0,17.6,0.0,26.6,0.0,2025-07-11,3
22.7,0.0,17.9,0.0,17.6,0.0,25.9,0.0,2025-07-11,4
21.5,0.0,17.5,0.0,17.8,0.0,25.7,0.0,2025-07-11,5
20.3,0.0,16.6,0.0,17.4,0.0,26.5,4.0,2025-07-11,6
20.0,58.0,17.2,53.0,17.6,23.0,27.2,108.0,2025-07-11,7
21.3,219.0,18.4,185.0,18.2,100.0,29.4,301.0,2025-07-11,8
23.8,410.0,20.4,389.0,19.0,209.0,31.3,509.0,2025-07-11,9
27.0,595.0,22.9,601.0,20.8,499.0,33.0,700.0,2025-07-11,10
30.3,755.0,25.7,779.0,21.7,725.0,34.6,856.0,2025-07-11,11
33.7,874.0,28.2,911.0,22.0,883.0,36.2,964.0,2025-07-11,12
36.7,942.0,29.9,972.0,22.2,955.0,37.6,1012.0,2025-07-11,13
38.9,953.0,30.4,973.0,22.2,945.0,38.7,999.0,2025-07-11,14
40.3,907.0,30.2,912.0,22.1,895.0,39.5,927.0,2025-07-11,15
40.6,807.0,29.9,795.0,21.8,775.0,39.9,801.0,2025-07-11,16
40.4,662.0,29.0,632.0,21.2,601.0,39.6,631.0,2025-07-11,17
39.3,483.0,26.3,431.0,20.1,401.0,39.4,432.0,2025-07-11,18
37.5,291.0,24.5,231.0,19.0,198.0,38.8,226.0,2025-07-11,19
34.9,112.0,22.4,58.0,18.2,40.0,36.6,53.0,2025-07-11,20
31.2,8.0,20.7,0.0,17.9,0.0,34.8,0.0,2025-07-11,21
28.4,0.0,19.7,0.0,17.8,0.0,32.6,0.0,2025-07-11,22
26.2,0.0,19.0,0.0,17.5,0.0,30.9,0.0,2025-07-11,23
24.0,0.0,18.4,0.0,17.1,0.0,29.2,0.0,2025-07-12,0
22.5,0.0,18.0,0.0,16.7,0.0,28.1,0.0,2025-07-12,1
21.1,0.0,17.5,0.0,16.5,0.0,27.8,0.0,2025-07-12,2
19.8,0.0,17.1,0.0,16.2,0.0,27.5,0.0,2025-07-12,3
18.9,0.0,16.9,0.0,16.5,0.0,26.6,0.0,2025-07-12,4
18.0,0.0,16.9,0.0,16.8,0.0,25.9,0.0,2025-07-12,5
17.1,0.0,17.4,0.0,17.2,0.0,27.2,4.0,2025-07-12,6
17.1,56.0,17.6,39.0,17.6,36.0,27.7,104.0,2025-07-12,7
18.6,215.0,18.5,133.0,18.3,128.0,29.8,294.0,2025-07-12,8
21.0,405.0,20.1,307.0,19.6,313.0,31.7,499.0,2025-07-12,9
24.2,589.0,22.3,503.0,20.8,523.0,33.5,688.0,2025-07-12,10
27.7,748.0,24.5,760.0,21.8,723.0,35.5,840.0,2025-07-12,11
31.2,866.0,26.8,891.0,22.4,870.0,37.3,944.0,2025-07-12,12
34.1,935.0,28.8,960.0,22.5,956.0,38.8,993.0,2025-07-12,13
36.2,948.0,29.5,962.0,22.5,958.0,39.9,982.0,2025-07-12,14
37.0,904.0,29.4,903.0,22.3,895.0,40.4,912.0,2025-07-12,15
36.5,807.0,28.9,787.0,22.1,780.0,40.5,789.0,2025-07-12,16
35.3,664.0,27.4,625.0,21.7,615.0,40.2,621.0,2025-07-12,17
35.3,486.0,25.5,431.0,20.4,416.0,39.6,426.0,2025-07-12,18
32.6,293.0,23.3,229.0,19.7,212.0,38.8,220.0,2025-07-12,19
28.7,113.0,21.2,58.0,18.8,44.0,36.3,51.0,2025-07-12,20
25.2,8.0,19.7,0.0,18.5,0.0,34.4,0.0,2025-07-12,21
22.7,0.0,18.8,0.0,18.3,0.0,32.9,0.0,2025-07-12,22
21.3,0.0,18.1,0.0,18.0,0.0,31.7,0.0,2025-07-12,23
19.6,0.0,17.7,0.0,17.5,0.0,30.5,0.0,2025-07-13,0
18.6,0.0,17.4,0.0,17.1,0.0,29.5,0.0,2025-07-13,1
17.6,0.0,17.1,0.0,16.8,0.0,28.6,0.0,2025-07-13,2
16.8,0.0,17.0,0.0,16.5,0.0,28.2,0.0,2025-07-13,3
16.3,0.0,16.7,0.0,17.1,0.0,27.3,0.0,2025-07-13,4
16.1,0.0,16.6,0.0,17.3,0.0,26.9,0.0,2025-07-13,5
16.2,0.0,16.7,0.0,17.7,0.0,27.8,4.0,2025-07-13,6
16.5,55.0,16.9,23.0,18.3,31.0,28.8,99.0,2025-07-13,7
17.8,213.0,17.4,103.0,19.0,110.0,31.1,284.0,2025-07-13,8
20.3,404.0,19.1,297.0,20.0,219.0,33.0,485.0,2025-07-13,9
23.3,589.0,21.7,516.0,21.4,441.0,34.5,675.0,2025-07-13,10
26.4,748.0,24.7,757.0,22.2,709.0,36.2,829.0,2025-07-13,11
29.5,866.0,27.1,895.0,22.6,887.0,38.0,935.0,2025-07-13,12
32.2,933.0,28.1,958.0,23.0,949.0,39.6,985.0,2025-07-13,13
34.4,945.0,28.1,960.0,23.0,954.0,40.7,965.0,2025-07-13,14
35.9,901.0,27.7,900.0,22.8,898.0,41.1,881.0,2025-07-13,15
36.5,804.0,27.0,783.0,22.5,777.0,41.1,782.0,2025-07-13,16
35.8,662.0,25.8,622.0,22.2,612.0,41.1,586.0,2025-07-13,17
35.8,485.0,24.1,429.0,21.0,414.0,40.8,363.0,2025-07-13,18
33.3,293.0,22.5,228.0,20.3,210.0,40.2,173.0,2025-07-13,19
29.9,112.0,20.6,57.0,19.4,44.0,37.8,41.0,2025-07-13,20
26.8,7.0,18.9,0.0,18.9,0.0,36.0,0.0,2025-07-13,21
24.2,0.0,18.4,0.0,18.7,0.0,34.8,0.0,2025-07-13,22
22.2,0.0,18.2,0.0,18.7,0.0,33.2,0.0,2025-07-13,23
20.8,0.0,18.0,0.0,18.6,0.0,32.1,0.0,2025-07-14,0
19.6,0.0,17.6,0.0,18.6,0.0,30.9,0.0,2025-07-14,1
18.5,0.0,17.4,0.0,18.6,0.0,29.8,0.0,2025-07-14,2
17.7,0.0,17.3,0.0,18.6,0.0,28.9,0.0,2025-07-14,3
17.1,0.0,17.1,0.0,18.5,0.0,28.2,0.0,2025-07-14,4
16.5,0.0,16.9,0.0,18.4,0.0,27.6,0.0,2025-07-14,5
16.1,0.0,17.0,0.0,18.2,0.0,30.0,2.0,2025-07-14,6
16.4,55.0,17.0,23.0,18.6,24.0,30.4,67.0,2025-07-14,7
17.9,216.0,17.6,111.0,19.5,116.0,32.3,190.0,2025-07-14,8
20.4,409.0,18.7,223.0,20.1,189.0,34.2,358.0,2025-07-14,9
23.8,597.0,20.7,417.0,21.2,349.0,36.2,652.0,2025-07-14,10
27.2,758.0,23.6,702.0,22.2,547.0,38.0,821.0,2025-07-14,11
30.6,880.0,26.5,849.0,23.0,726.0,39.6,921.0,2025-07-14,12
33.9,950.0,28.4,916.0,23.0,853.0,41.2,978.0,2025-07-14,13
36.6,963.0,29.0,944.0,22.9,941.0,42.0,964.0,2025-07-14,14
38.3,918.0,28.1,894.0,22.6,873.0,42.3,895.0,2025-07-14,15
38.7,818.0,26.8,779.0,22.1,754.0,42.2,775.0,2025-07-14,16
38.0,671.0,25.2,614.0,21.5,583.0,42.2,618.0,2025-07-14,17
37.4,492.0,23.9,423.0,20.4,388.0,41.5,413.0,2025-07-14,18
34.6,295.0,22.0,224.0,19.6,201.0,40.6,211.0,2025-07-14,19
30.8,112.0,19.9,55.0,18.7,42.0,37.9,48.0,2025-07-14,20
27.1,7.0,18.7,0.0,18.5,0.0,36.2,0.0,2025-07-14,21
24.5,0.0,18.1,0.0,18.3,0.0,35.1,0.0,2025-07-14,22
22.3,0.0,17.7,0.0,18.0,0.0,33.9,0.0,2025-07-14,23
20.2,0.0,17.3,0.0,17.9,0.0,33.1,0.0,2025-07-15,0
18.8,0.0,16.9,0.0,17.6,0.0,31.8,0.0,2025-07-15,1
17.8,0.0,16.6,0.0,17.4,0.0,30.5,0.0,2025-07-15,2
17.1,0.0,16.3,0.0,17.2,0.0,29.7,0.0,2025-07-15,3
16.0,0.0,16.1,0.0,17.1,0.0,28.7,0.0,2025-07-15,4
15.1,0.0,15.8,0.0,16.7,0.0,27.9,0.0,2025-07-15,5
14.7,0.0,15.6,0.0,17.3,0.0,27.6,3.0,2025-07-15,6
15.0,53.0,16.5,51.0,18.2,56.0,29.6,95.0,2025-07-15,7
16.3,205.0,18.0,184.0,19.6,230.0,32.6,280.0,2025-07-15,8
18.4,399.0,20.1,352.0,21.0,399.0,35.0,482.0,2025-07-15,9
21.0,588.0,22.0,535.0,22.0,570.0,36.3,670.0,2025-07-15,10
24.1,748.0,24.4,749.0,22.6,774.0,37.9,826.0,2025-07-15,11
27.3,871.0,26.7,891.0,22.9,900.0,38.7,933.0,2025-07-15,12
29.8,939.0,28.4,951.0,23.0,960.0,39.2,981.0,2025-07-15,13
31.5,951.0,28.6,956.0,22.8,955.0,39.6,974.0,2025-07-15,14
32.3,907.0,28.3,899.0,22.6,879.0,39.6,889.0,2025-07-15,15
31.8,808.0,27.6,785.0,22.1,753.0,39.7,771.0,2025-07-15,16
30.1,664.0,26.3,624.0,21.8,591.0,39.8,615.0,2025-07-15,17
29.8,486.0,25.0,432.0,20.6,402.0,39.4,419.0,2025-07-15,18
26.9,291.0,23.1,228.0,19.6,203.0,38.5,216.0,2025-07-15,19
23.5,110.0,20.9,56.0,18.9,41.0,36.6,49.0,2025-07-15,20
20.7,7.0,19.6,0.0,18.8,0.0,35.3,0.0,2025-07-15,21
18.6,0.0,18.9,0.0,18.7,0.0,33.6,0.0,2025-07-15,22
17.5,0.0,18.4,0.0,18.5,0.0,32.0,0.0,2025-07-15,23
16.5,0.0,18.1,0.0,18.2,0.0,30.9,0.0,2025-07-16,0
15.9,0.0,17.8,0.0,17.9,0.0,29.9,0.0,2025-07-16,1
15.4,0.0,17.4,0.0,17.7,0.0,29.0,0.0,2025-07-16,2
15.1,0.0,16.9,0.0,17.3,0.0,28.5,0.0,2025-07-16,3
14.6,0.0,16.5,0.0,17.0,0.0,27.9,0.0,2025-07-16,4
14.3,0.0,16.0,0.0,16.7,0.0,27.1,0.0,2025-07-16,5
14.7,0.0,16.5,0.0,17.0,0.0,26.1,3.0,2025-07-16,6
15.1,51.0,16.8,58.0,18.1,60.0,27.9,94.0,2025-07-16,7
16.6,206.0,18.4,231.0,19.6,224.0,30.4,278.0,2025-07-16,8
18.7,399.0,20.7,425.0,21.0,425.0,32.5,478.0,2025-07-16,9
21.2,590.0,22.7,581.0,22.1,591.0,33.6,668.0,2025-07-16,10
23.7,749.0,25.0,778.0,22.9,746.0,34.7,823.0,2025-07-16,11
25.8,867.0,27.0,895.0,23.3,896.0,35.4,930.0,2025-07-16,12
27.6,935.0,28.1,953.0,23.4,950.0,36.2,981.0,2025-07-16,13
29.1,946.0,28.7,953.0,23.3,946.0,36.8,973.0,2025-07-16,14
29.9,900.0,28.8,894.0,23.0,881.0,37.2,903.0,2025-07-16,15
30.0,802.0,28.0,776.0,22.5,759.0,37.4,775.0,2025-07-16,16
29.3,657.0,26.5,614.0,22.1,593.0,37.2,619.0,2025-07-16,17
28.0,479.0,24.4,384.0,20.8,399.0,36.5,418.0,2025-07-16,18
26.0,286.0,23.1,210.0,20.0,199.0,35.7,213.0,2025-07-16,19
23.4,107.0,21.5,53.0,19.2,40.0,34.4,47.0,2025-07-16,20
20.8,6.0,20.3,0.0,19.0,0.0,32.9,0.0,2025-07-16,21
18.8,0.0,19.7,0.0,18.8,0.0,32.0,0.0,2025-07-16,22
17.3,0.0,19.1,0.0,18.6,0.0,31.3,0.0,2025-07-16,23
16.4,0.0,18.6,0.0,18.5,0.0,30.2,0.0,2025-07-17,0
15.7,0.0,18.3,0.0,18.3,0.0,29.5,0.0,2025-07-17,1
15.2,0.0,18.0,0.0,18.0,0.0,28.8,0.0,2025-07-17,2
14.9,0.0,17.5,0.0,17.9,0.0,27.9,0.0,2025-07-17,3
14.6,0.0,17.2,0.0,17.6,0.0,26.8,0.0,2025-07-17,4
14.3,0.0,16.8,0.0,17.3,0.0,26.0,0.0,2025-07-17,5
14.1,0.0,17.2,0.0,17.7,0.0,26.0,3.0,2025-07-17,6
14.5,49.0,17.8,48.0,18.6,52.0,27.9,90.0,2025-07-17,7
16.0,205.0,19.1,177.0,19.9,211.0,30.0,274.0,2025-07-17,8
18.2,397.0,21.2,370.0,21.5,415.0,31.4,457.0,2025-07-17,9
20.9,587.0,23.7,585.0,23.1,605.0,32.7,655.0,2025-07-17,10
23.9,746.0,26.1,774.0,23.7,767.0,34.2,811.0,2025-07-17,11
26.8,865.0,28.2,904.0,23.5,882.0,35.5,920.0,2025-07-17,12
29.4,935.0,29.1,955.0,23.5,929.0,36.1,966.0,2025-07-17,13
31.3,948.0,28.9,946.0,23.9,919.0,36.9,965.0,2025-07-17,14
32.7,904.0,28.2,883.0,23.3,778.0,37.4,868.0,2025-07-17,15
33.4,807.0,27.5,767.0,22.9,746.0,37.1,768.0,2025-07-17,16
32.9,663.0,26.4,606.0,22.3,538.0,36.7,601.0,2025-07-17,17
32.4,485.0,25.2,414.0,21.5,356.0,36.7,208.0,2025-07-17,18
30.8,290.0,23.2,209.0,20.6,181.0,32.5,134.0,2025-07-17,19
27.6,108.0,21.1,51.0,19.8,38.0,32.4,42.0,2025-07-17,20
24.3,6.0,20.3,0.0,19.4,0.0,32.3,0.0,2025-07-17,21
21.7,0.0,19.6,0.0,19.3,0.0,31.5,0.0,2025-07-17,22
19.9,0.0,19.3,0.0,19.2,0.0,30.2,0.0,2025-07-17,23
18.6,0.0,18.8,0.0,19.2,0.0,29.7,0.0,2025-07-18,0
17.5,0.0,18.4,0.0,19.1,0.0,29.1,0.0,2025-07-18,1
16.7,0.0,17.9,0.0,18.9,0.0,28.9,0.0,2025-07-18,2
16.2,0.0,17.7,0.0,18.6,0.0,28.7,0.0,2025-07-18,3
15.8,0.0,17.6,0.0,18.6,0.0,27.9,0.0,2025-07-18,4
15.3,0.0,17.4,0.0,18.8,0.0,26.7,0.0,2025-07-18,5
15.1,0.0,17.6,0.0,18.4,0.0,26.7,1.0,2025-07-18,6
15.4,49.0,18.3,52.0,19.0,55.0,27.0,35.0,2025-07-18,7
16.8,209.0,20.3,219.0,20.2,199.0,28.3,144.0,2025-07-18,8
19.1,402.0,21.8,371.0,21.2,282.0,29.2,303.0,2025-07-18,9
22.1,590.0,24.3,560.0,21.5,322.0,29.5,413.0,2025-07-18,10
25.6,752.0,26.2,762.0,22.2,472.0,30.0,484.0,2025-07-18,11
28.9,873.0,27.3,853.0,23.1,768.0,30.8,635.0,2025-07-18,12
31.9,943.0,28.2,932.0,23.0,879.0,31.9,558.0,2025-07-18,13
34.1,956.0,28.3,862.0,23.4,844.0,33.5,882.0,2025-07-18,14
35.6,910.0,27.9,776.0,23.2,757.0,34.3,792.0,2025-07-18,15
36.0,812.0,28.2,762.0,23.0,668.0,35.3,674.0,2025-07-18,16
35.5,666.0,27.2,530.0,22.4,528.0,34.6,466.0,2025-07-18,17
34.2,485.0,26.3,401.0,21.4,335.0,33.3,401.0,2025-07-18,18
32.4,290.0,23.8,210.0,20.5,180.0,33.2,200.0,2025-07-18,19
29.2,108.0,21.4,50.0,19.5,33.0,32.3,42.0,2025-07-18,20
25.7,6.0,20.0,0.0,19.4,0.0,30.8,0.0,2025-07-18,21
22.9,0.0,19.5,0.0,19.3,0.0,29.1,0.0,2025-07-18,22
21.0,0.0,19.5,0.0,19.2,0.0,28.6,0.0,2025-07-18,23
19.2,0.0,19.2,0.0,19.0,0.0,28.5,0.0,2025-07-19,0
18.0,0.0,18.7,0.0,18.8,0.0,27.7,0.0,2025-07-19,1
17.0,0.0,18.5,0.0,18.7,0.0,27.0,0.0,2025-07-19,2
16.0,0.0,18.5,0.0,18.7,0.0,26.3,0.0,2025-07-19,3
15.2,0.0,18.4,0.0,18.7,0.0,25.9,0.0,2025-07-19,4
14.3,0.0,18.4,0.0,18.8,0.0,25.6,0.0,2025-07-19,5
13.9,0.0,18.6,0.0,18.9,0.0,25.4,2.0,2025-07-19,6
14.2,39.0,18.8,23.0,19.2,28.0,27.1,86.0,2025-07-19,7
15.2,156.0,19.2,89.0,19.7,97.0,29.4,266.0,2025-07-19,8
17.4,376.0,20.2,191.0,20.4,191.0,31.6,467.0,2025-07-19,9
20.3,586.0,21.6,315.0,21.2,299.0,33.3,654.0,2025-07-19,10
23.7,755.0,24.0,569.0,22.7,512.0,34.8,807.0,2025-07-19,11
27.3,878.0,26.3,797.0,23.4,650.0,35.8,914.0,2025-07-19,12
30.7,949.0,28.3,937.0,23.7,886.0,36.6,965.0,2025-07-19,13
33.5,962.0,28.4,947.0,23.1,915.0,37.2,929.0,2025-07-19,14
35.4,917.0,27.9,868.0,22.8,820.0,37.4,723.0,2025-07-19,15
36.1,817.0,27.9,739.0,22.5,662.0,37.9,626.0,2025-07-19,16
35.5,670.0,27.1,588.0,21.4,498.0,37.1,530.0,2025-07-19,17
34.4,487.0,25.0,399.0,20.2,388.0,37.4,371.0,2025-07-19,18
32.1,291.0,22.9,208.0,19.4,152.0,37.1,183.0,2025-07-19,19
28.0,108.0,21.2,47.0,19.0,24.0,35.9,38.0,2025-07-19,20
24.3,5.0,20.4,0.0,18.9,0.0,33.3,0.0,2025-07-19,21
21.8,0.0,19.9,0.0,18.8,0.0,31.7,0.0,2025-07-19,22
19.6,0.0,19.5,0.0,18.6,0.0,31.2,0.0,2025-07-19,23
18.1,0.0,19.3,0.0,18.2,0.0,30.3,0.0,2025-07-20,0
16.8,0.0,19.2,0.0,17.9,0.0,29.5,0.0,2025-07-20,1
15.9,0.0,19.0,0.0,17.6,0.0,28.1,0.0,2025-07-20,2
15.2,0.0,18.9,0.0,17.4,0.0,27.3,0.0,2025-07-20,3
14.3,0.0,18.9,0.0,17.6,0.0,26.6,0.0,2025-07-20,4
13.7,0.0,18.8,0.0,17.7,0.0,26.0,0.0,2025-07-20,5
13.6,0.0,18.8,0.0,17.9,0.0,26.4,2.0,2025-07-20,6
14.0,41.0,18.9,19.0,18.2,32.0,28.1,89.0,2025-07-20,7
15.5,178.0,19.3,78.0,18.9,113.0,30.8,278.0,2025-07-20,8
17.8,385.0,20.1,161.0,19.5,211.0,33.2,487.0,2025-07-20,9
20.7,590.0,21.5,307.0,20.6,344.0,34.8,681.0,2025-07-20,10
23.9,756.0,23.9,553.0,21.6,489.0,35.9,842.0,2025-07-20,11
27.1,878.0,26.2,829.0,22.1,687.0,37.0,952.0,2025-07-20,12
30.1,947.0,28.1,923.0,22.2,841.0,38.1,1004.0,2025-07-20,13
32.4,960.0,28.1,922.0,22.2,879.0,39.0,991.0,2025-07-20,14
34.0,914.0,27.1,869.0,22.0,845.0,38.9,917.0,2025-07-20,15
34.7,814.0,26.4,758.0,21.6,749.0,38.2,788.0,2025-07-20,16
33.7,667.0,26.0,596.0,21.2,587.0,38.0,618.0,2025-07-20,17
30.4,481.0,24.4,396.0,19.7,332.0,37.2,417.0,2025-07-20,18
27.1,284.0,22.7,211.0,19.1,101.0,36.3,213.0,2025-07-20,19
23.5,103.0,21.1,49.0,18.8,18.0,33.9,44.0,2025-07-20,20
20.6,5.0,20.3,0.0,18.5,0.0,32.8,0.0,2025-07-20,21
18.4,0.0,19.8,0.0,18.3,0.0,31.7,0.0,2025-07-20,22
16.9,0.0,19.5,0.0,18.2,0.0,31.2,0.0,2025-07-20,23
16.1,0.0,19.2,0.0,18.0,0.0,30.8,0.0,2025-07-21,0
15.7,0.0,19.0,0.0,17.9,0.0,29.8,0.0,2025-07-21,1
15.5,0.0,18.9,0.0,17.8,0.0,28.7,0.0,2025-07-21,2
15.4,0.0,18.8,0.0,17.8,0.0,28.0,0.0,2025-07-21,3
15.3,0.0,18.7,0.0,17.7,0.0,27.7,0.0,2025-07-21,4
15.2,0.0,18.6,0.0,17.7,0.0,27.3,0.0,2025-07-21,5
15.1,0.0,19.2,0.0,17.4,0.0,26.9,2.0,2025-07-21,6
15.5,43.0,19.5,16.0,18.0,32.0,28.4,87.0,2025-07-21,7
16.7,194.0,20.1,89.0,18.8,139.0,30.3,273.0,2025-07-21,8
18.4,345.0,20.6,142.0,19.8,271.0,31.6,477.0,2025-07-21,9
20.2,530.0,21.9,331.0,21.2,490.0,33.1,664.0,2025-07-21,10
22.0,701.0,23.7,549.0,21.9,679.0,34.4,817.0,2025-07-21,11
24.0,830.0,24.8,699.0,22.3,843.0,35.2,921.0,2025-07-21,12
25.9,919.0,26.5,839.0,22.1,853.0,35.9,973.0,2025-07-21,13
27.3,938.0,27.5,888.0,22.2,946.0,36.2,968.0,2025-07-21,14
28.3,893.0,27.8,897.0,22.0,874.0,36.5,901.0,2025-07-21,15
28.3,792.0,27.3,785.0,21.7,751.0,36.5,779.0,2025-07-21,16
27.5,647.0,26.4,623.0,21.2,595.0,36.2,611.0,2025-07-21,17
26.1,469.0,24.5,426.0,20.6,393.0,35.7,418.0,2025-07-21,18
24.0,273.0,22.5,220.0,20.1,176.0,35.1,212.0,2025-07-21,19
21.8,96.0,20.7,50.0,19.4,34.0,33.6,43.0,2025-07-21,20
19.8,4.0,19.8,0.0,19.2,0.0,32.4,0.0,2025-07-21,21
18.0,0.0,19.5,0.0,19.0,0.0,31.0,0.0,2025-07-21,22
16.8,0.0,19.6,0.0,18.9,0.0,29.4,0.0,2025-07-21,23
15.6,0.0,19.5,0.0,18.7,0.0,28.0,0.0,2025-07-22,0
15.1,0.0,19.3,0.0,18.6,0.0,27.0,0.0,2025-07-22,1
15.0,0.0,19.2,0.0,18.3,0.0,26.2,0.0,2025-07-22,2
15.0,0.0,19.4,0.0,17.9,0.0,25.6,0.0,2025-07-22,3
14.9,0.0,19.4,0.0,17.6,0.0,24.8,0.0,2025-07-22,4
14.7,0.0,19.4,0.0,17.1,0.0,24.1,0.0,2025-07-22,5
15.3,0.0,19.9,0.0,17.6,0.0,23.6,2.0,2025-07-22,6
15.4,22.0,20.1,17.0,18.4,38.0,25.2,87.0,2025-07-22,7
16.0,106.0,20.6,98.0,19.5,138.0,27.3,276.0,2025-07-22,8
17.3,233.0,21.4,182.0,20.7,287.0,28.9,486.0,2025-07-22,9
18.9,408.0,22.2,240.0,22.3,507.0,30.4,681.0,2025-07-22,10
21.5,665.0,23.4,364.0,23.3,748.0,31.8,840.0,2025-07-22,11
23.8,804.0,25.3,690.0,23.0,905.0,32.9,950.0,2025-07-22,12
25.5,813.0,26.7,875.0,23.2,964.0,33.7,1000.0,2025-07-22,13
26.8,777.0,27.3,952.0,23.3,966.0,34.2,991.0,2025-07-22,14
28.0,762.0,26.9,898.0,22.9,900.0,34.4,921.0,2025-07-22,15
28.3,667.0,26.0,781.0,22.5,776.0,34.3,795.0,2025-07-22,16
28.0,566.0,24.9,617.0,22.1,607.0,33.9,624.0,2025-07-22,17
25.8,338.0,23.7,423.0,21.3,406.0,33.3,425.0,2025-07-22,18
24.4,216.0,22.1,219.0,20.5,190.0,32.5,216.0,2025-07-22,19
22.4,63.0,20.2,49.0,19.7,34.0,30.6,44.0,2025-07-22,20
20.4,3.0,19.3,0.0,19.5,0.0,29.5,0.0,2025-07-22,21
18.9,0.0,18.9,0.0,19.2,0.0,28.8,0.0,2025-07-22,22
17.8,0.0,18.7,0.0,19.0,0.0,27.2,0.0,2025-07-22,23
16.8,0.0,18.6,0.0,18.9,0.0,25.9,0.0,2025-07-23,0
16.0,0.0,18.4,0.0,18.8,0.0,24.8,0.0,2025-07-23,1
15.4,0.0,18.0,0.0,18.5,0.0,23.9,0.0,2025-07-23,2
15.0,0.0,18.1,0.0,18.5,0.0,23.0,0.0,2025-07-23,3
14.7,0.0,17.9,0.0,18.3,0.0,22.4,0.0,2025-07-23,4
14.5,0.0,17.9,0.0,18.1,0.0,21.8,0.0,2025-07-23,5
14.3,0.0,18.5,0.0,17.9,0.0,21.9,1.0,2025-07-23,6
14.7,40.0,18.9,39.0,18.4,49.0,23.5,85.0,2025-07-23,7
16.0,187.0,20.0,180.0,19.7,204.0,25.2,273.0,2025-07-23,8
17.9,380.0,21.3,359.0,21.2,390.0,26.9,481.0,2025-07-23,9
20.2,565.0,23.1,601.0,22.7,593.0,28.6,676.0,2025-07-23,10
22.9,722.0,25.3,776.0,23.7,775.0,30.3,838.0,2025-07-23,11
25.6,843.0,27.0,900.0,24.1,911.0,31.7,951.0,2025-07-23,12
27.8,909.0,27.8,965.0,23.9,974.0,32.6,1002.0,2025-07-23,13
29.4,931.0,28.3,967.0,23.8,971.0,33.2,994.0,2025-07-23,14
30.4,885.0,28.2,909.0,23.7,905.0,33.5,926.0,2025-07-23,15
30.7,790.0,27.2,792.0,23.2,781.0,33.5,799.0,2025-07-23,16
30.3,647.0,26.3,627.0,22.7,611.0,33.2,625.0,2025-07-23,17
28.8,465.0,24.7,429.0,21.3,413.0,32.5,423.0,2025-07-23,18
27.0,271.0,22.8,222.0,20.5,202.0,31.8,213.0,2025-07-23,19
24.5,95.0,21.2,49.0,19.6,36.0,30.1,42.0,2025-07-23,20
22.2,4.0,20.3,0.0,19.3,0.0,27.8,0.0,2025-07-23,21
20.7,0.0,19.6,0.0,19.1,0.0,27.2,0.0,2025-07-23,22
19.4,0.0,18.8,0.0,18.8,0.0,26.4,0.0,2025-07-23,23
18.1,0.0,18.3,0.0,18.5,0.0,25.7,0.0,2025-07-24,0
17.3,0.0,18.0,0.0,18.1,0.0,24.2,0.0,2025-07-24,1
16.5,0.0,17.4,0.0,17.7,0.0,22.9,0.0,2025-07-24,2
16.0,0.0,17.0,0.0,17.3,0.0,21.8,0.0,2025-07-24,3
15.4,0.0,16.4,0.0,17.0,0.0,21.0,0.0,2025-07-24,4
14.9,0.0,16.0,0.0,16.5,0.0,20.5,0.0,2025-07-24,5
14.9,0.0,15.8,0.0,17.8,0.0,20.3,1.0,2025-07-24,6
15.3,40.0,16.5,50.0,18.4,37.0,22.2,87.0,2025-07-24,7
16.6,192.0,18.4,221.0,19.7,168.0,24.8,280.0,2025-07-24,8
18.7,383.0,20.7,425.0,21.0,324.0,27.3,493.0,2025-07-24,9
21.2,570.0,23.3,625.0,22.4,568.0,29.0,692.0,2025-07-24,10
24.0,731.0,25.9,792.0,23.2,800.0,30.6,854.0,2025-07-24,11
26.9,851.0,27.9,909.0,23.9,919.0,32.0,966.0,2025-07-24,12
29.2,917.0,28.9,970.0,24.3,982.0,33.1,1020.0,2025-07-24,13
30.7,911.0,29.2,971.0,24.0,976.0,33.8,1009.0,2025-07-24,14
31.7,882.0,28.6,909.0,23.5,894.0,34.3,937.0,2025-07-24,15
32.0,789.0,27.7,792.0,23.0,779.0,34.7,809.0,2025-07-24,16
31.4,626.0,26.8,627.0,22.6,618.0,34.4,634.0,2025-07-24,17
30.6,450.0,25.7,429.0,21.1,417.0,33.6,429.0,2025-07-24,18
28.8,261.0,23.6,222.0,20.2,204.0,32.8,216.0,2025-07-24,19
26.4,84.0,21.1,48.0,19.4,36.0,30.4,42.0,2025-07-24,20
24.0,3.0,19.9,0.0,19.3,0.0,29.0,0.0,2025-07-24,21
21.9,0.0,19.0,0.0,19.1,0.0,27.5,0.0,2025-07-24,22
20.0,0.0,18.6,0.0,18.8,0.0,25.0,0.0,2025-07-24,23
18.4,0.0,18.1,0.0,18.6,0.0,24.1,0.0,2025-07-25,0
17.1,0.0,17.8,0.0,18.4,0.0,23.0,0.0,2025-07-25,1
16.1,0.0,17.4,0.0,18.3,0.0,22.4,0.0,2025-07-25,2
15.1,0.0,16.9,0.0,18.5,0.0,21.9,0.0,2025-07-25,3
14.4,0.0,16.5,0.0,18.4,0.0,21.3,0.0,2025-07-25,4
14.0,0.0,16.1,0.0,18.3,0.0,21.0,0.0,2025-07-25,5
14.4,0.0,15.9,0.0,17.7,0.0,21.0,1.0,2025-07-25,6
14.7,37.0,16.4,42.0,17.7,30.0,22.0,83.0,2025-07-25,7
16.0,170.0,17.8,194.0,18.3,123.0,24.4,278.0,2025-07-25,8
17.9,347.0,19.9,412.0,19.6,299.0,26.3,489.0,2025-07-25,9
20.2,558.0,22.0,576.0,21.0,588.0,28.2,681.0,2025-07-25,10
22.9,726.0,24.2,740.0,22.0,769.0,30.0,838.0,2025-07-25,11
25.9,848.0,26.3,865.0,22.6,911.0,31.9,954.0,2025-07-25,12
27.8,917.0,27.8,942.0,22.7,974.0,33.5,1014.0,2025-07-25,13
29.5,891.0,27.5,952.0,22.5,965.0,34.5,1010.0,2025-07-25,14
30.2,830.0,26.0,898.0,22.0,898.0,35.1,935.0,2025-07-25,15
30.7,775.0,25.5,782.0,21.9,776.0,35.0,796.0,2025-07-25,16
30.1,628.0,25.0,619.0,21.3,602.0,34.2,625.0,2025-07-25,17
27.8,460.0,24.0,422.0,20.4,397.0,33.4,404.0,2025-07-25,18
25.2,269.0,22.7,216.0,19.6,187.0,32.4,211.0,2025-07-25,19
22.4,92.0,20.6,46.0,18.9,32.0,29.9,40.0,2025-07-25,20
19.8,3.0,19.1,0.0,18.6,0.0,28.8,0.0,2025-07-25,21
18.1,0.0,18.5,0.0,18.3,0.0,27.4,0.0,2025-07-25,22
17.1,0.0,18.0,0.0,17.9,0.0,26.1,0.0,2025-07-25,23
15.9,0.0,17.6,0.0,17.7,0.0,24.9,0.0,2025-07-26,0
15.3,0.0,17.4,0.0,17.6,0.0,23.7,0.0,2025-07-26,1
14.8,0.0,17.1,0.0,17.5,0.0,23.0,0.0,2025-07-26,2
14.5,0.0,16.7,0.0,17.6,0.0,22.0,0.0,2025-07-26,3
14.5,0.0,16.4,0.0,17.6,0.0,21.2,0.0,2025-07-26,4
14.3,0.0,16.0,0.0,17.9,0.0,20.4,0.0,2025-07-26,5
14.9,0.0,16.6,0.0,17.2,0.0,20.1,1.0,2025-07-26,6
15.2,20.0,17.0,45.0,17.6,43.0,21.7,82.0,2025-07-26,7
15.8,100.0,18.6,210.0,18.8,187.0,23.6,271.0,2025-07-26,8
17.0,244.0,20.3,356.0,20.2,413.0,25.4,480.0,2025-07-26,9
19.2,473.0,22.0,537.0,21.6,616.0,27.3,674.0,2025-07-26,10
21.2,676.0,23.7,706.0,22.5,792.0,29.4,835.0,2025-07-26,11
23.7,833.0,25.4,866.0,22.6,917.0,31.4,949.0,2025-07-26,12
26.0,910.0,26.2,956.0,22.7,971.0,32.7,1005.0,2025-07-26,13
27.6,922.0,26.3,959.0,22.8,964.0,33.2,996.0,2025-07-26,14
28.9,877.0,26.4,897.0,22.5,899.0,33.4,918.0,2025-07-26,15
29.6,777.0,26.0,777.0,22.2,775.0,33.5,793.0,2025-07-26,16
28.9,632.0,25.2,607.0,21.7,604.0,33.4,623.0,2025-07-26,17
27.7,452.0,23.5,374.0,20.6,407.0,32.8,421.0,2025-07-26,18
25.5,261.0,22.2,169.0,19.8,196.0,31.5,209.0,2025-07-26,19
22.5,88.0,20.7,44.0,19.0,30.0,29.1,39.0,2025-07-26,20
19.9,3.0,19.8,0.0,18.5,0.0,28.0,0.0,2025-07-26,21
18.2,0.0,19.2,0.0,18.3,0.0,27.0,0.0,2025-07-26,22
17.1,0.0,18.7,0.0,18.0,0.0,25.7,0.0,2025-07-26,23
16.2,0.0,18.2,0.0,17.6,0.0,24.5,0.0,2025-07-27,0
15.4,0.0,17.7,0.0,16.9,0.0,23.7,0.0,2025-07-27,1
14.9,0.0,17.3,0.0,16.6,0.0,23.0,0.0,2025-07-27,2
14.6,0.0,16.8,0.0,16.2,0.0,22.5,0.0,2025-07-27,3
14.4,0.0,16.3,0.0,15.7,0.0,21.8,0.0,2025-07-27,4
14.2,0.0,15.9,0.0,15.1,0.0,21.0,0.0,2025-07-27,5
14.4,0.0,16.6,0.0,15.7,0.0,20.5,1.0,2025-07-27,6
14.8,27.0,17.1,38.0,16.5,49.0,22.3,80.0,2025-07-27,7
15.8,117.0,18.4,190.0,18.4,221.0,25.1,269.0,2025-07-27,8
17.5,280.0,20.2,397.0,20.4,421.0,26.7,479.0,2025-07-27,9
19.5,487.0,22.5,601.0,21.8,622.0,28.4,674.0,2025-07-27,10
22.2,706.0,25.0,776.0,22.8,805.0,30.6,833.0,2025-07-27,11
25.1,842.0,27.1,896.0,23.0,924.0,32.5,945.0,2025-07-27,12
27.6,913.0,27.8,957.0,23.1,981.0,33.6,1000.0,2025-07-27,13
29.5,925.0,27.7,958.0,23.2,976.0,34.4,989.0,2025-07-27,14
31.1,880.0,27.4,895.0,23.0,909.0,35.1,916.0,2025-07-27,15
31.7,781.0,26.9,777.0,22.5,784.0,35.4,789.0,2025-07-27,16
31.6,635.0,26.2,611.0,21.8,609.0,35.3,617.0,2025-07-27,17
29.9,456.0,25.2,415.0,20.9,408.0,35.3,416.0,2025-07-27,18
28.0,263.0,23.0,211.0,19.7,198.0,34.3,206.0,2025-07-27,19
25.1,88.0,20.9,44.0,18.5,33.0,31.5,37.0,2025-07-27,20
22.5,3.0,19.5,0.0,18.2,0.0,30.2,0.0,2025-07-27,21
20.6,0.0,18.7,0.0,18.1,0.0,28.2,0.0,2025-07-27,22
19.3,0.0,18.2,0.0,17.8,0.0,26.9,0.0,2025-07-27,23
18.2,0.0,17.8,0.0,17.6,0.0,25.9,0.0,2025-07-28,0
17.4,0.0,17.5,0.0,17.3,0.0,25.1,0.0,2025-07-28,1
16.9,0.0,16.9,0.0,17.0,0.0,24.8,0.0,2025-07-28,2
16.4,0.0,16.4,0.0,16.8,0.0,24.8,0.0,2025-07-28,3
15.9,0.0,16.0,0.0,17.0,0.0,24.3,0.0,2025-07-28,4
15.5,0.0,15.7,0.0,16.9,0.0,23.5,0.0,2025-07-28,5
15.3,0.0,16.7,0.0,17.4,0.0,23.8,1.0,2025-07-28,6
15.4,36.0,17.1,35.0,17.7,26.0,24.5,79.0,2025-07-28,7
16.6,186.0,18.2,142.0,18.7,128.0,27.2,269.0,2025-07-28,8
18.7,374.0,19.8,310.0,19.8,226.0,29.2,481.0,2025-07-28,9
21.3,566.0,22.1,574.0,20.9,344.0,30.9,675.0,2025-07-28,10
24.1,730.0,24.0,736.0,22.5,615.0,32.8,834.0,2025-07-28,11
27.0,852.0,26.1,879.0,23.2,853.0,34.8,945.0,2025-07-28,12
29.8,923.0,27.9,950.0,23.2,975.0,36.0,997.0,2025-07-28,13
32.3,936.0,28.4,958.0,23.2,970.0,36.8,986.0,2025-07-28,14
34.2,891.0,28.1,898.0,23.1,901.0,37.5,913.0,2025-07-28,15
34.8,789.0,26.9,780.0,22.6,779.0,37.5,784.0,2025-07-28,16
34.6,641.0,25.4,614.0,21.9,607.0,37.0,611.0,2025-07-28,17
34.2,462.0,24.3,417.0,20.9,403.0,37.1,410.0,2025-07-28,18
31.6,266.0,22.9,211.0,19.8,194.0,36.3,201.0,2025-07-28,19
28.7,88.0,20.9,43.0,18.8,31.0,33.7,36.0,2025-07-28,20
26.4,2.0,19.5,0.0,18.4,0.0,32.0,0.0,2025-07-28,21
24.6,0.0,18.8,0.0,18.2,0.0,30.5,0.0,2025-07-28,22
23.4,0.0,18.2,0.0,17.8,0.0,29.0,0.0,2025-07-28,23
22.2,0.0,17.8,0.0,17.5,0.0,27.5,0.0,2025-07-29,0
21.0,0.0,17.3,0.0,17.1,0.0,26.5,0.0,2025-07-29,1
20.0,0.0,16.8,0.0,16.6,0.0,25.6,0.0,2025-07-29,2
19.2,0.0,16.5,0.0,16.5,0.0,25.0,0.0,2025-07-29,3
18.4,0.0,16.0,0.0,16.8,0.0,24.8,0.0,2025-07-29,4
17.8,0.0,15.5,0.0,16.5,0.0,23.8,0.0,2025-07-29,5
17.5,0.0,15.4,0.0,17.2,0.0,23.9,0.0,2025-07-29,6
17.3,35.0,16.0,42.0,17.4,22.0,24.5,77.0,2025-07-29,7
18.4,186.0,17.6,192.0,18.1,91.0,26.9,266.0,2025-07-29,8
20.5,378.0,19.8,403.0,19.5,254.0,29.0,477.0,2025-07-29,9
23.4,568.0,22.3,612.0,21.0,402.0,30.8,672.0,2025-07-29,10
26.7,731.0,25.2,778.0,23.0,794.0,32.7,833.0,2025-07-29,11
30.0,854.0,28.3,902.0,23.8,918.0,34.5,946.0,2025-07-29,12
32.7,926.0,30.1,961.0,23.9,981.0,36.1,1002.0,2025-07-29,13
34.7,939.0,29.9,959.0,23.7,978.0,37.0,992.0,2025-07-29,14
35.8,893.0,28.2,894.0,23.4,911.0,37.4,918.0,2025-07-29,15
36.2,793.0,27.7,778.0,22.7,785.0,37.6,789.0,2025-07-29,16
35.3,645.0,27.3,613.0,22.0,611.0,37.5,618.0,2025-07-29,17
34.6,464.0,26.3,414.0,21.0,407.0,37.1,415.0,2025-07-29,18
31.9,266.0,23.7,207.0,20.2,194.0,36.0,204.0,2025-07-29,19
28.5,87.0,21.1,41.0,19.4,31.0,33.1,35.0,2025-07-29,20
25.2,2.0,19.7,0.0,18.9,0.0,31.1,0.0,2025-07-29,21
22.6,0.0,18.8,0.0,18.4,0.0,30.1,0.0,2025-07-29,22
20.7,0.0,18.2,0.0,18.2,0.0,28.7,0.0,2025-07-29,23
19.0,0.0,17.9,0.0,17.9,0.0,27.2,0.0,2025-07-30,0
17.8,0.0,17.8,0.0,17.5,0.0,25.9,0.0,2025-07-30,1
16.8,0.0,17.8,0.0,16.9,0.0,25.1,0.0,2025-07-30,2
16.0,0.0,17.3,0.0,16.6,0.0,24.4,0.0,2025-07-30,3
15.3,0.0,17.0,0.0,16.4,0.0,23.8,0.0,2025-07-30,4
14.9,0.0,16.6,0.0,16.3,0.0,23.1,0.0,2025-07-30,5
14.5,0.0,16.7,0.0,16.7,0.0,22.7,0.0,2025-07-30,6
14.8,32.0,17.2,38.0,16.7,23.0,24.4,75.0,2025-07-30,7
16.3,169.0,18.7,165.0,17.1,88.0,27.1,263.0,2025-07-30,8
18.3,350.0,20.6,343.0,18.4,212.0,29.2,473.0,2025-07-30,9
21.0,552.0,23.2,594.0,20.3,441.0,31.0,669.0,2025-07-30,10
24.1,723.0,25.9,769.0,22.5,766.0,32.7,830.0,2025-07-30,11
27.1,845.0,28.7,891.0,23.5,908.0,34.0,942.0,2025-07-30,12
29.6,915.0,30.8,954.0,23.8,973.0,35.0,994.0,2025-07-30,13
31.6,928.0,31.2,957.0,23.9,974.0,35.6,985.0,2025-07-30,14
32.6,884.0,30.7,896.0,23.3,908.0,35.8,914.0,2025-07-30,15
32.6,787.0,30.1,775.0,22.9,783.0,35.7,787.0,2025-07-30,16
32.0,641.0,28.8,607.0,22.3,609.0,35.3,613.0,2025-07-30,17
31.0,458.0,27.2,407.0,21.4,405.0,35.0,409.0,2025-07-30,18
28.4,263.0,23.9,202.0,20.6,193.0,34.3,198.0,2025-07-30,19
24.6,85.0,21.8,39.0,19.7,30.0,31.9,33.0,2025-07-30,20
21.8,2.0,20.8,0.0,19.2,0.0,30.6,0.0,2025-07-30,21
19.8,0.0,20.1,0.0,18.9,0.0,29.6,0.0,2025-07-30,22
18.4,0.0,19.4,0.0,18.6,0.0,28.7,0.0,2025-07-30,23
17.3,0.0,19.1,0.0,18.3,0.0,27.2,0.0,2025-07-31,0
16.6,0.0,18.8,0.0,18.0,0.0,26.1,0.0,2025-07-31,1
16.2,0.0,18.4,0.0,17.4,0.0,25.2,0.0,2025-07-31,2
15.8,0.0,17.9,0.0,17.8,0.0,23.8,0.0,2025-07-31,3
15.4,0.0,17.4,0.0,18.0,0.0,23.0,0.0,2025-07-31,4
15.0,0.0,16.9,0.0,17.8,0.0,22.6,0.0,2025-07-31,5
14.8,0.0,16.3,0.0,17.5,0.0,22.5,0.0,2025-07-31,6
15.2,29.0,16.9,40.0,17.5,20.0,23.6,74.0,2025-07-31,7
16.5,155.0,18.7,202.0,17.9,96.0,25.7,261.0,2025-07-31,8
18.4,346.0,21.0,403.0,19.1,237.0,28.0,472.0,2025-07-31,9
21.2,565.0,23.6,600.0,21.1,473.0,30.3,669.0,2025-07-31,10
24.4,730.0,26.6,774.0,22.7,769.0,32.3,830.0,2025-07-31,11
27.6,853.0,29.4,894.0,23.3,915.0,34.0,943.0,2025-07-31,12
30.5,924.0,31.5,957.0,23.6,976.0,35.2,997.0,2025-07-31,13
33.1,938.0,32.0,957.0,23.6,971.0,36.2,988.0,2025-07-31,14
34.9,892.0,31.5,895.0,23.3,905.0,36.7,915.0,2025-07-31,15
35.8,793.0,30.8,777.0,22.8,780.0,36.7,788.0,2025-07-31,16
35.7,645.0,29.2,612.0,22.2,606.0,36.5,615.0,2025-07-31,17
35.7,463.0,27.1,413.0,20.3,402.0,36.0,412.0,2025-07-31,18
34.8,266.0,24.8,205.0,19.4,190.0,35.0,199.0,2025-07-31,19
31.2,85.0,22.9,38.0,18.2,29.0,32.0,33.0,2025-07-31,20
27.5,1.0,21.6,0.0,17.9,0.0,30.4,0.0,2025-07-31,21
24.9,0.0,20.8,0.0,17.7,0.0,29.3,0.0,2025-07-31,22
22.8,0.0,20.2,0.0,17.4,0.0,27.9,0.0,2025-07-31,23
21.1,0.0,19.6,0.0,17.0,0.0,26.9,0.0,2025-08-01,0
20.0,0.0,18.9,0.0,16.4,0.0,26.4,0.0,2025-08-01,1
19.1,0.0,18.2,0.0,16.1,0.0,25.7,0.0,2025-08-01,2
18.2,0.0,17.6,0.0,15.7,0.0,24.9,0.0,2025-08-01,3
17.4,0.0,17.2,0.0,15.4,0.0,24.2,0.0,2025-08-01,4
16.8,0.0,16.8,0.0,15.0,0.0,23.5,0.0,2025-08-01,5
15.5,0.0,16.5,0.0,15.8,0.0,23.6,0.0,2025-08-01,6
15.5,32.0,16.5,31.0,16.1,22.0,24.0,73.0,2025-08-01,7
16.9,182.0,17.6,159.0,16.7,88.0,26.8,262.0,2025-08-01,8
19.1,377.0,19.7,335.0,17.7,202.0,29.1,473.0,2025-08-01,9
21.9,571.0,22.3,554.0,19.9,481.0,31.3,669.0,2025-08-01,10
25.0,736.0,25.2,761.0,21.6,766.0,33.5,830.0,2025-08-01,11
28.4,860.0,28.1,896.0,22.7,899.0,35.1,944.0,2025-08-01,12
31.4,929.0,30.4,960.0,23.3,976.0,36.2,998.0,2025-08-01,13
33.8,942.0,31.0,960.0,23.2,977.0,37.0,987.0,2025-08-01,14
35.5,896.0,30.4,898.0,22.9,909.0,37.4,913.0,2025-08-01,15
35.9,794.0,29.1,778.0,22.3,781.0,37.6,785.0,2025-08-01,16
35.5,646.0,27.9,610.0,21.7,605.0,37.3,612.0,2025-08-01,17
33.8,464.0,26.3,412.0,20.7,402.0,36.4,408.0,2025-08-01,18
31.0,266.0,24.4,204.0,19.8,189.0,35.2,196.0,2025-08-01,19
27.3,84.0,22.0,38.0,18.7,28.0,32.6,31.0,2025-08-01,20
24.1,1.0,20.4,0.0,18.2,0.0,31.3,0.0,2025-08-01,21
21.8,0.0,19.6,0.0,17.8,0.0,30.4,0.0,2025-08-01,22
20.3,0.0,19.0,0.0,17.3,0.0,29.0,0.0,2025-08-01,23
19.0,0.0,18.6,0.0,16.8,0.0,27.4,0.0,2025-08-02,0
18.3,0.0,18.2,0.0,16.3,0.0,26.0,0.0,2025-08-02,1
18.0,0.0,17.8,0.0,16.0,0.0,24.9,0.0,2025-08-02,2
17.5,0.0,17.2,0.0,15.9,0.0,24.1,0.0,2025-08-02,3
17.1,0.0,16.6,0.0,16.5,0.0,23.4,0.0,2025-08-02,4
16.6,0.0,16.2,0.0,16.4,0.0,22.8,0.0,2025-08-02,5
14.9,0.0,16.1,0.0,16.4,0.0,23.1,0.0,2025-08-02,6
14.9,30.0,16.0,29.0,16.5,21.0,23.7,71.0,2025-08-02,7
16.2,181.0,16.6,142.0,16.8,93.0,26.2,262.0,2025-08-02,8
18.4,378.0,19.0,373.0,18.1,185.0,28.3,476.0,2025-08-02,9
21.2,571.0,22.0,578.0,20.0,383.0,30.1,675.0,2025-08-02,10
24.3,737.0,25.2,775.0,22.3,752.0,31.8,839.0,2025-08-02,11
27.5,860.0,28.2,896.0,23.2,923.0,33.3,953.0,2025-08-02,12
30.5,933.0,30.4,960.0,23.5,986.0,34.6,1007.0,2025-08-02,13
33.1,947.0,31.2,957.0,24.0,982.0,35.8,996.0,2025-08-02,14
35.0,901.0,30.9,897.0,23.9,915.0,36.6,922.0,2025-08-02,15
35.7,799.0,30.3,779.0,23.5,789.0,36.9,794.0,2025-08-02,16
35.6,647.0,28.9,609.0,22.8,614.0,36.7,618.0,2025-08-02,17
35.5,463.0,27.6,409.0,21.4,404.0,36.2,410.0,2025-08-02,18
33.9,263.0,25.4,201.0,20.4,189.0,35.3,196.0,2025-08-02,19
30.5,81.0,22.9,36.0,19.4,27.0,32.7,30.0,2025-08-02,20
27.3,1.0,21.3,0.0,18.9,0.0,30.9,0.0,2025-08-02,21
24.3,0.0,20.3,0.0,18.5,0.0,29.3,0.0,2025-08-02,22
22.0,0.0,19.6,0.0,17.8,0.0,27.7,0.0,2025-08-02,23
20.5,0.0,19.2,0.0,17.3,0.0,26.6,0.0,2025-08-03,0
19.4,0.0,18.8,0.0,16.7,0.0,26.0,0.0,2025-08-03,1
18.3,0.0,18.2,0.0,16.4,0.0,25.6,0.0,2025-08-03,2
17.7,0.0,17.6,0.0,16.2,0.0,24.8,0.0,2025-08-03,3
17.3,0.0,17.0,0.0,15.8,0.0,24.2,0.0,2025-08-03,4
16.8,0.0,16.6,0.0,15.4,0.0,23.7,0.0,2025-08-03,5
16.1,0.0,16.0,0.0,16.9,0.0,23.7,0.0,2025-08-03,6
16.1,30.0,16.3,35.0,16.9,13.0,24.6,70.0,2025-08-03,7
17.3,180.0,17.7,189.0,17.3,69.0,26.9,262.0,2025-08-03,8
19.6,375.0,20.2,398.0,18.5,215.0,29.0,478.0,2025-08-03,9
22.5,567.0,23.0,611.0,20.6,463.0,31.1,678.0,2025-08-03,10
25.6,733.0,26.0,775.0,22.7,742.0,33.3,841.0,2025-08-03,11
28.2,858.0,28.9,899.0,24.1,912.0,35.4,952.0,2025-08-03,12
30.5,930.0,31.2,959.0,24.3,980.0,37.1,1003.0,2025-08-03,13
32.5,944.0,32.4,959.0,24.5,978.0,37.8,993.0,2025-08-03,14
33.9,898.0,32.4,895.0,24.4,911.0,37.9,919.0,2025-08-03,15
34.2,794.0,31.7,773.0,24.3,784.0,38.0,792.0,2025-08-03,16
34.2,642.0,30.8,605.0,23.8,607.0,37.7,616.0,2025-08-03,17
32.8,458.0,27.5,405.0,21.7,396.0,37.1,409.0,2025-08-03,18
31.0,258.0,25.1,198.0,20.8,185.0,35.6,194.0,2025-08-03,19
28.4,78.0,22.8,34.0,20.1,26.0,32.6,29.0,2025-08-03,20
25.9,1.0,21.3,0.0,19.7,0.0,31.7,0.0,2025-08-03,21
23.6,0.0,20.6,0.0,19.2,0.0,30.7,0.0,2025-08-03,22
21.7,0.0,20.3,0.0,18.5,0.0,29.9,0.0,2025-08-03,23
20.3,0.0,20.0,0.0,18.0,0.0,28.7,0.0,2025-08-04,0
19.1,0.0,19.7,0.0,17.4,0.0,27.9,0.0,2025-08-04,1
18.4,0.0,19.0,0.0,16.9,0.0,27.0,0.0,2025-08-04,2
17.8,0.0,18.2,0.0,16.5,0.0,26.0,0.0,2025-08-04,3
17.3,0.0,17.5,0.0,16.2,0.0,25.1,0.0,2025-08-04,4
16.8,0.0,16.9,0.0,15.7,0.0,23.7,0.0,2025-08-04,5
16.3,0.0,16.5,0.0,16.8,0.0,22.6,0.0,2025-08-04,6
16.3,28.0,16.7,36.0,16.8,24.0,23.8,69.0,2025-08-04,7
17.4,177.0,17.9,180.0,17.3,96.0,26.1,254.0,2025-08-04,8
19.6,372.0,20.1,386.0,18.8,271.0,28.6,469.0,2025-08-04,9
22.3,564.0,23.0,597.0,21.2,584.0,30.4,666.0,2025-08-04,10
24.8,729.0,26.2,770.0,22.9,776.0,31.9,821.0,2025-08-04,11
27.2,854.0,28.9,876.0,23.7,904.0,33.2,909.0,2025-08-04,12
29.4,927.0,30.7,935.0,23.9,968.0,34.5,939.0,2025-08-04,13
31.5,941.0,31.4,949.0,23.7,965.0,35.4,916.0,2025-08-04,14
33.1,895.0,31.7,888.0,23.4,896.0,35.7,826.0,2025-08-04,15
34.1,793.0,31.7,754.0,23.0,768.0,35.8,672.0,2025-08-04,16
34.0,640.0,30.9,548.0,22.5,595.0,35.9,480.0,2025-08-04,17
32.6,455.0,27.8,374.0,20.9,390.0,35.3,276.0,2025-08-04,18
31.0,255.0,25.9,173.0,20.0,180.0,34.4,128.0,2025-08-04,19
28.7,76.0,23.9,28.0,19.1,24.0,32.3,21.0,2025-08-04,20
26.1,1.0,22.6,0.0,18.8,0.0,31.3,0.0,2025-08-04,21
24.0,0.0,21.6,0.0,18.3,0.0,30.4,0.0,2025-08-04,22
22.5,0.0,20.9,0.0,17.8,0.0,28.9,0.0,2025-08-04,23
21.1,0.0,20.5,0.0,17.5,0.0,27.9,0.0,2025-08-05,0
19.9,0.0,20.3,0.0,17.1,0.0,26.9,0.0,2025-08-05,1
19.0,0.0,19.8,0.0,16.8,0.0,25.6,0.0,2025-08-05,2
18.2,0.0,19.2,0.0,16.5,0.0,24.5,0.0,2025-08-05,3
17.5,0.0,18.5,0.0,16.2,0.0,23.9,0.0,2025-08-05,4
16.9,0.0,17.8,0.0,15.6,0.0,23.6,0.0,2025-08-05,5
15.9,0.0,17.2,0.0,16.5,0.0,23.3,0.0,2025-08-05,6
15.5,28.0,17.5,35.0,17.2,38.0,24.0,51.0,2025-08-05,7
16.3,177.0,19.0,192.0,18.6,201.0,26.2,200.0,2025-08-05,8
18.4,373.0,21.4,392.0,20.6,410.0,28.8,432.0,2025-08-05,9
21.1,566.0,24.5,597.0,22.8,605.0,30.9,639.0,2025-08-05,10
23.7,732.0,27.8,765.0,24.2,772.0,32.8,777.0,2025-08-05,11
26.3,856.0,30.7,885.0,24.6,896.0,34.3,846.0,2025-08-05,12
28.7,927.0,32.8,946.0,24.6,956.0,35.5,868.0,2025-08-05,13
30.6,939.0,33.6,945.0,24.5,953.0,36.5,913.0,2025-08-05,14
32.0,891.0,32.9,882.0,24.3,885.0,37.1,874.0,2025-08-05,15
32.9,787.0,31.9,760.0,23.6,756.0,37.4,757.0,2025-08-05,16
33.5,636.0,30.6,593.0,22.7,581.0,37.3,593.0,2025-08-05,17
32.6,452.0,28.3,393.0,21.5,374.0,37.0,392.0,2025-08-05,18
32.2,252.0,26.8,189.0,20.6,171.0,35.7,181.0,2025-08-05,19
30.1,73.0,25.0,31.0,19.8,22.0,32.9,25.0,2025-08-05,20
27.0,0.0,23.6,0.0,19.6,0.0,31.8,0.0,2025-08-05,21
25.2,0.0,22.7,0.0,19.3,0.0,31.1,0.0,2025-08-05,22
23.6,0.0,21.9,0.0,18.8,0.0,29.6,0.0,2025-08-05,23
22.1,0.0,21.3,0.0,18.4,0.0,28.2,0.0,2025-08-06,0
21.0,0.0,20.6,0.0,18.0,0.0,27.1,0.0,2025-08-06,1
20.0,0.0,20.0,0.0,17.7,0.0,26.2,0.0,2025-08-06,2
19.2,0.0,19.3,0.0,17.3,0.0,25.4,0.0,2025-08-06,3
18.5,0.0,18.7,0.0,17.2,0.0,24.8,0.0,2025-08-06,4
18.0,0.0,18.2,0.0,16.7,0.0,24.3,0.0,2025-08-06,5
17.2,0.0,17.7,0.0,16.0,0.0,24.0,0.0,2025-08-06,6
17.2,26.0,18.3,33.0,17.0,39.0,25.5,62.0,2025-08-06,7
18.3,170.0,20.0,192.0,19.4,209.0,28.3,245.0,2025-08-06,8
20.8,363.0,22.9,394.0,22.2,418.0,31.1,458.0,2025-08-06,9
23.8,555.0,26.6,592.0,24.6,618.0,33.1,656.0,2025-08-06,10
27.3,721.0,30.1,759.0,26.0,784.0,34.8,817.0,2025-08-06,11
30.6,846.0,32.7,880.0,26.8,900.0,36.2,924.0,2025-08-06,12
33.1,917.0,34.2,942.0,27.2,958.0,37.5,956.0,2025-08-06,13
35.0,934.0,35.1,944.0,27.3,953.0,38.2,937.0,2025-08-06,14
36.2,865.0,35.5,881.0,26.9,885.0,38.7,874.0,2025-08-06,15
36.8,703.0,34.7,752.0,26.3,758.0,38.6,754.0,2025-08-06,16
37.2,626.0,33.2,594.0,25.5,584.0,38.2,582.0,2025-08-06,17
35.7,408.0,30.4,393.0,23.3,377.0,37.6,379.0,2025-08-06,18
35.4,246.0,27.8,188.0,22.3,170.0,36.5,175.0,2025-08-06,19
33.8,70.0,25.8,30.0,21.1,21.0,34.4,23.0,2025-08-06,20
32.9,0.0,24.6,0.0,20.7,0.0,33.5,0.0,2025-08-06,21
30.4,0.0,23.6,0.0,20.4,0.0,32.1,0.0,2025-08-06,22
28.6,0.0,22.7,0.0,20.2,0.0,30.8,0.0,2025-08-06,23
27.2,0.0,21.7,0.0,19.8,0.0,29.7,0.0,2025-08-07,0
25.8,0.0,21.2,0.0,19.4,0.0,28.6,0.0,2025-08-07,1
24.6,0.0,20.8,0.0,19.2,0.0,27.5,0.0,2025-08-07,2
23.7,0.0,20.1,0.0,19.0,0.0,26.6,0.0,2025-08-07,3
22.8,0.0,19.3,0.0,18.8,0.0,25.8,0.0,2025-08-07,4
21.7,0.0,19.0,0.0,18.6,0.0,25.3,0.0,2025-08-07,5
20.4,0.0,17.7,0.0,18.2,0.0,25.8,0.0,2025-08-07,6
20.1,24.0,18.2,33.0,18.6,32.0,26.9,59.0,2025-08-07,7
21.0,165.0,20.6,193.0,19.3,128.0,29.9,233.0,2025-08-07,8
22.8,359.0,23.7,400.0,21.8,381.0,32.5,437.0,2025-08-07,9
25.5,550.0,27.9,600.0,24.3,598.0,34.3,629.0,2025-08-07,10
28.6,717.0,31.9,768.0,26.3,777.0,35.9,795.0,2025-08-07,11
31.8,841.0,35.4,889.0,27.6,895.0,37.1,913.0,2025-08-07,12
34.4,912.0,37.8,953.0,28.2,954.0,37.9,965.0,2025-08-07,13
36.2,925.0,38.5,953.0,28.2,948.0,38.3,956.0,2025-08-07,14
37.1,877.0,37.6,891.0,27.8,879.0,38.6,884.0,2025-08-07,15
37.5,774.0,35.4,768.0,27.5,752.0,38.5,756.0,2025-08-07,16
37.4,623.0,33.3,598.0,27.2,578.0,38.8,583.0,2025-08-07,17
36.5,439.0,29.5,395.0,25.5,376.0,39.1,382.0,2025-08-07,18
35.8,242.0,28.2,189.0,24.1,169.0,37.6,174.0,2025-08-07,19
34.5,67.0,26.4,29.0,22.8,20.0,35.4,22.0,2025-08-07,20
31.2,0.0,25.1,0.0,22.2,0.0,34.3,0.0,2025-08-07,21
28.5,0.0,24.3,0.0,21.9,0.0,33.1,0.0,2025-08-07,22
26.8,0.0,23.4,0.0,21.6,0.0,32.2,0.0,2025-08-07,23
25.5,0.0,22.5,0.0,21.2,0.0,30.7,0.0,2025-08-08,0
24.2,0.0,21.6,0.0,20.6,0.0,29.5,0.0,2025-08-08,1
23.1,0.0,20.8,0.0,20.1,0.0,28.3,0.0,2025-08-08,2
22.0,0.0,20.1,0.0,19.7,0.0,27.6,0.0,2025-08-08,3
21.1,0.0,19.3,0.0,19.3,0.0,27.1,0.0,2025-08-08,4
20.4,0.0,18.8,0.0,18.7,0.0,26.5,0.0,2025-08-08,5
19.1,0.0,17.3,0.0,18.1,0.0,26.2,0.0,2025-08-08,6
18.8,24.0,17.7,32.0,18.7,20.0,27.0,60.0,2025-08-08,7
20.7,166.0,19.8,191.0,18.9,104.0,29.3,244.0,2025-08-08,8
23.7,359.0,22.3,391.0,20.4,227.0,31.6,456.0,2025-08-08,9
27.3,550.0,25.5,589.0,23.1,546.0,33.3,653.0,2025-08-08,10
30.6,715.0,28.9,758.0,25.0,740.0,34.7,813.0,2025-08-08,11
33.6,837.0,31.7,877.0,25.4,878.0,36.1,923.0,2025-08-08,12
36.0,907.0,34.1,938.0,25.3,942.0,37.7,975.0,2025-08-08,13
37.9,919.0,35.5,940.0,25.2,937.0,38.6,965.0,2025-08-08,14
38.8,872.0,35.3,876.0,24.9,871.0,39.3,892.0,2025-08-08,15
39.5,769.0,34.0,753.0,24.1,744.0,39.7,762.0,2025-08-08,16
39.8,619.0,32.1,584.0,23.3,570.0,39.1,586.0,2025-08-08,17
38.9,437.0,29.3,383.0,21.9,362.0,38.9,380.0,2025-08-08,18
38.4,240.0,26.9,181.0,21.0,160.0,37.7,171.0,2025-08-08,19
36.4,66.0,24.4,27.0,20.0,18.0,36.0,21.0,2025-08-08,20
35.1,0.0,23.0,0.0,19.7,0.0,35.3,0.0,2025-08-08,21
32.5,0.0,22.1,0.0,19.7,0.0,33.8,0.0,2025-08-08,22
30.3,0.0,21.4,0.0,19.4,0.0,32.4,0.0,2025-08-08,23
28.9,0.0,20.8,0.0,19.1,0.0,31.2,0.0,2025-08-09,0
27.7,0.0,20.2,0.0,18.9,0.0,30.0,0.0,2025-08-09,1
26.3,0.0,19.6,0.0,18.6,0.0,29.1,0.0,2025-08-09,2
25.2,0.0,19.0,0.0,18.3,0.0,28.2,0.0,2025-08-09,3
23.9,0.0,18.7,0.0,18.0,0.0,27.2,0.0,2025-08-09,4
22.5,0.0,18.2,0.0,18.0,0.0,26.3,0.0,2025-08-09,5
21.0,0.0,17.2,0.0,18.6,0.0,26.3,0.0,2025-08-09,6
20.4,23.0,17.2,30.0,18.8,18.0,27.3,58.0,2025-08-09,7
21.5,166.0,19.0,185.0,19.5,95.0,29.8,242.0,2025-08-09,8
23.8,359.0,21.5,387.0,20.7,248.0,32.0,453.0,2025-08-09,9
26.9,551.0,24.7,587.0,22.2,413.0,33.6,650.0,2025-08-09,10
30.4,716.0,27.8,753.0,23.2,646.0,35.1,813.0,2025-08-09,11
33.9,839.0,30.1,868.0,23.7,862.0,36.5,926.0,2025-08-09,12
36.8,910.0,31.0,929.0,23.7,907.0,37.9,978.0,2025-08-09,13
39.0,922.0,30.8,926.0,24.0,890.0,38.9,967.0,2025-08-09,14
40.3,875.0,29.9,862.0,23.9,816.0,39.5,892.0,2025-08-09,15
40.9,773.0,28.5,740.0,23.5,701.0,39.8,762.0,2025-08-09,16
40.4,623.0,27.5,574.0,22.9,544.0,39.7,585.0,2025-08-09,17
39.9,437.0,26.1,377.0,21.7,362.0,39.1,377.0,2025-08-09,18
38.5,239.0,24.0,176.0,20.8,158.0,38.1,169.0,2025-08-09,19
34.2,64.0,21.7,25.0,20.2,17.0,35.5,19.0,2025-08-09,20
31.2,0.0,20.5,0.0,20.1,0.0,34.3,0.0,2025-08-09,21
28.4,0.0,19.8,0.0,19.8,0.0,33.1,0.0,2025-08-09,22
26.7,0.0,19.8,0.0,19.5,0.0,32.2,0.0,2025-08-09,23
25.3,0.0,19.9,0.0,19.3,0.0,31.2,0.0,2025-08-10,0
23.9,0.0,19.4,0.0,19.1,0.0,29.9,0.0,2025-08-10,1
22.4,0.0,18.8,0.0,18.8,0.0,28.9,0.0,2025-08-10,2
21.0,0.0,18.2,0.0,18.6,0.0,28.0,0.0,2025-08-10,3
20.0,0.0,17.6,0.0,18.3,0.0,27.4,0.0,2025-08-10,4
19.3,0.0,17.0,0.0,18.1,0.0,27.3,0.0,2025-08-10,5
18.0,0.0,17.2,0.0,18.3,0.0,27.4,0.0,2025-08-10,6
17.6,22.0,17.5,24.0,18.3,12.0,27.8,55.0,2025-08-10,7
18.7,165.0,18.5,139.0,18.8,62.0,30.1,236.0,2025-08-10,8
20.9,360.0,20.4,286.0,19.6,145.0,32.6,445.0,2025-08-10,9
24.1,553.0,22.9,504.0,21.2,315.0,33.9,640.0,2025-08-10,10
27.7,718.0,25.7,704.0,23.6,626.0,35.3,800.0,2025-08-10,11
31.4,841.0,28.5,856.0,24.6,830.0,36.7,910.0,2025-08-10,12
34.9,911.0,30.7,924.0,24.3,904.0,38.0,961.0,2025-08-10,13
37.7,923.0,32.0,922.0,24.2,903.0,39.3,950.0,2025-08-10,14
39.6,875.0,32.1,859.0,24.2,837.0,39.9,878.0,2025-08-10,15
40.4,771.0,30.9,735.0,23.6,702.0,40.1,748.0,2025-08-10,16
40.2,620.0,28.3,563.0,23.1,535.0,40.3,575.0,2025-08-10,17
39.3,435.0,25.7,369.0,23.0,340.0,39.7,371.0,2025-08-10,18
37.1,236.0,23.9,170.0,21.9,155.0,38.9,164.0,2025-08-10,19
33.6,61.0,22.2,23.0,20.9,16.0,36.1,18.0,2025-08-10,20
30.6,0.0,21.3,0.0,20.6,0.0,34.0,0.0,2025-08-10,21
27.7,0.0,21.0,0.0,20.2,0.0,32.6,0.0,2025-08-10,22
25.4,0.0,20.7,0.0,19.8,0.0,30.9,0.0,2025-08-10,23
23.4,0.0,20.2,0.0,19.4,0.0,29.6,0.0,2025-08-11,0
21.4,0.0,19.8,0.0,19.1,0.0,28.7,0.0,2025-08-11,1
20.1,0.0,19.1,0.0,18.7,0.0,28.5,0.0,2025-08-11,2
19.2,0.0,18.7,0.0,18.4,0.0,28.7,0.0,2025-08-11,3
18.6,0.0,18.3,0.0,18.3,0.0,27.8,0.0,2025-08-11,4
18.0,0.0,17.9,0.0,18.1,0.0,27.6,0.0,2025-08-11,5
16.7,0.0,17.6,0.0,17.8,0.0,27.7,0.0,2025-08-11,6
16.5,21.0,17.9,27.0,18.4,32.0,28.3,54.0,2025-08-11,7
17.6,161.0,19.5,178.0,19.8,190.0,30.6,235.0,2025-08-11,8
19.8,354.0,22.0,382.0,21.6,397.0,32.7,445.0,2025-08-11,9
22.8,546.0,24.9,577.0,23.0,595.0,34.1,641.0,2025-08-11,10
26.1,710.0,27.9,746.0,23.8,760.0,35.6,801.0,2025-08-11,11
29.5,833.0,30.7,867.0,24.0,873.0,37.3,912.0,2025-08-11,12
32.6,903.0,32.8,927.0,24.0,935.0,39.1,965.0,2025-08-11,13
35.3,915.0,33.2,921.0,23.6,922.0,40.7,953.0,2025-08-11,14
37.0,867.0,32.7,857.0,23.1,852.0,41.3,880.0,2025-08-11,15
37.2,763.0,32.0,738.0,22.6,728.0,41.4,750.0,2025-08-11,16
36.1,612.0,30.6,568.0,22.0,556.0,41.2,575.0,2025-08-11,17
34.7,427.0,28.0,370.0,20.5,342.0,40.8,370.0,2025-08-11,18
32.1,230.0,25.6,168.0,19.4,151.0,39.3,162.0,2025-08-11,19
28.7,58.0,23.8,22.0,18.8,15.0,36.9,17.0,2025-08-11,20
25.4,0.0,22.7,0.0,18.7,0.0,35.2,0.0,2025-08-11,21
23.0,0.0,22.2,0.0,18.4,0.0,33.7,0.0,2025-08-11,22
20.9,0.0,21.9,0.0,18.2,0.0,31.6,0.0,2025-08-11,23
19.6,0.0,21.3,0.0,18.1,0.0,30.3,0.0,2025-08-12,0
18.3,0.0,20.6,0.0,17.9,0.0,29.5,0.0,2025-08-12,1
17.5,0.0,20.0,0.0,17.8,0.0,28.9,0.0,2025-08-12,2
16.8,0.0,19.6,0.0,17.7,0.0,28.6,0.0,2025-08-12,3
16.3,0.0,19.0,0.0,17.6,0.0,28.2,0.0,2025-08-12,4
15.8,0.0,18.5,0.0,17.5,0.0,27.7,0.0,2025-08-12,5
15.5,0.0,17.7,0.0,17.5,0.0,27.8,0.0,2025-08-12,6
15.4,19.0,17.6,25.0,17.8,19.0,28.0,52.0,2025-08-12,7
16.6,150.0,18.9,143.0,18.7,87.0,30.5,233.0,2025-08-12,8
18.6,330.0,21.0,311.0,20.4,291.0,32.8,443.0,2025-08-12,9
21.5,537.0,23.4,540.0,21.7,511.0,34.6,639.0,2025-08-12,10
24.6,705.0,25.8,722.0,22.4,688.0,36.4,800.0,2025-08-12,11
27.7,828.0,28.4,858.0,22.9,815.0,37.9,910.0,2025-08-12,12
30.6,898.0,30.7,922.0,23.4,904.0,39.5,962.0,2025-08-12,13
32.8,911.0,31.6,923.0,23.6,895.0,41.1,949.0,2025-08-12,14
34.1,864.0,31.5,858.0,23.4,848.0,42.0,882.0,2025-08-12,15
34.3,761.0,30.9,735.0,22.9,731.0,41.7,746.0,2025-08-12,16
33.3,611.0,30.1,566.0,22.4,562.0,41.5,547.0,2025-08-12,17
32.2,427.0,27.1,368.0,20.3,347.0,41.1,374.0,2025-08-12,18
29.1,229.0,25.1,164.0,19.5,148.0,39.7,158.0,2025-08-12,19
25.6,56.0,23.0,21.0,18.8,14.0,37.2,16.0,2025-08-12,20
22.6,0.0,21.8,0.0,18.6,0.0,35.9,0.0,2025-08-12,21
20.7,0.0,21.2,0.0,18.3,0.0,34.4,0.0,2025-08-12,22
19.1,0.0,20.7,0.0,18.3,0.0,32.8,0.0,2025-08-12,23
17.8,0.0,20.1,0.0,18.1,0.0,31.6,0.0,2025-08-13,0
16.9,0.0,19.7,0.0,18.0,0.0,30.7,0.0,2025-08-13,1
16.4,0.0,19.3,0.0,17.8,0.0,29.6,0.0,2025-08-13,2
16.0,0.0,18.9,0.0,17.4,0.0,28.9,0.0,2025-08-13,3
15.6,0.0,18.5,0.0,17.5,0.0,28.0,0.0,2025-08-13,4
15.3,0.0,18.1,0.0,17.3,0.0,27.3,0.0,2025-08-13,5
15.8,0.0,17.4,0.0,17.4,0.0,27.4,0.0,2025-08-13,6
15.9,14.0,17.4,22.0,17.5,21.0,28.5,51.0,2025-08-13,7
16.7,115.0,18.6,154.0,18.2,103.0,30.9,229.0,2025-08-13,8
18.3,301.0,20.8,372.0,19.3,223.0,33.2,437.0,2025-08-13,9
20.6,506.0,23.2,562.0,21.1,429.0,35.4,632.0,2025-08-13,10
23.5,701.0,26.0,726.0,22.7,661.0,37.4,794.0,2025-08-13,11
26.5,837.0,28.7,855.0,23.4,848.0,39.0,906.0,2025-08-13,12
29.2,902.0,30.1,922.0,23.5,930.0,40.2,957.0,2025-08-13,13
31.2,916.0,30.4,922.0,23.5,933.0,40.7,942.0,2025-08-13,14
32.5,869.0,30.3,856.0,23.0,864.0,40.6,873.0,2025-08-13,15
33.0,768.0,29.7,729.0,23.0,737.0,40.4,745.0,2025-08-13,16
32.2,616.0,28.1,558.0,22.6,562.0,40.0,570.0,2025-08-13,17
30.8,428.0,25.0,346.0,20.3,347.0,39.1,364.0,2025-08-13,18
28.1,229.0,23.1,156.0,19.3,149.0,38.0,156.0,2025-08-13,19
24.6,55.0,21.2,19.0,18.8,13.0,36.1,15.0,2025-08-13,20
21.8,0.0,20.1,0.0,18.8,0.0,34.6,0.0,2025-08-13,21
19.7,0.0,19.7,0.0,18.6,0.0,33.4,0.0,2025-08-13,22
18.3,0.0,19.5,0.0,18.4,0.0,31.8,0.0,2025-08-13,23
17.4,0.0,19.0,0.0,18.1,0.0,30.5,0.0,2025-08-14,0
16.6,0.0,18.5,0.0,17.9,0.0,29.7,0.0,2025-08-14,1
15.9,0.0,18.0,0.0,17.7,0.0,28.4,0.0,2025-08-14,2
15.2,0.0,17.6,0.0,17.4,0.0,27.5,0.0,2025-08-14,3
14.8,0.0,17.2,0.0,17.1,0.0,26.5,0.0,2025-08-14,4
14.7,0.0,16.9,0.0,16.8,0.0,25.8,0.0,2025-08-14,5
15.0,0.0,17.0,0.0,18.1,0.0,25.3,0.0,2025-08-14,6
15.3,13.0,17.2,15.0,18.5,21.0,26.6,50.0,2025-08-14,7
16.5,108.0,17.7,100.0,19.4,141.0,29.5,232.0,2025-08-14,8
18.2,275.0,19.5,308.0,20.3,273.0,32.0,444.0,2025-08-14,9
20.6,520.0,22.4,528.0,21.6,466.0,33.6,642.0,2025-08-14,10
23.4,718.0,25.6,743.0,22.6,704.0,35.1,804.0,2025-08-14,11
26.3,843.0,28.4,871.0,23.0,862.0,36.2,915.0,2025-08-14,12
29.2,914.0,30.1,935.0,23.4,940.0,37.3,965.0,2025-08-14,13
31.6,924.0,30.1,931.0,23.3,943.0,37.7,952.0,2025-08-14,14
33.5,874.0,29.4,867.0,22.9,876.0,38.1,877.0,2025-08-14,15
34.6,769.0,28.2,740.0,22.7,748.0,37.9,746.0,2025-08-14,16
35.0,614.0,26.7,570.0,22.5,570.0,37.6,569.0,2025-08-14,17
33.5,426.0,23.8,349.0,20.5,357.0,37.2,363.0,2025-08-14,18
32.2,225.0,22.1,153.0,19.8,150.0,36.0,154.0,2025-08-14,19
29.2,52.0,20.9,18.0,19.4,13.0,33.4,14.0,2025-08-14,20
26.3,0.0,20.5,0.0,19.2,0.0,32.7,0.0,2025-08-14,21
23.8,0.0,20.0,0.0,18.8,0.0,31.9,0.0,2025-08-14,22
22.1,0.0,19.4,0.0,18.5,0.0,30.2,0.0,2025-08-14,23
20.9,0.0,18.7,0.0,18.4,0.0,29.1,0.0,2025-08-15,0
19.9,0.0,18.4,0.0,18.3,0.0,27.8,0.0,2025-08-15,1
19.1,0.0,18.0,0.0,18.2,0.0,26.5,0.0,2025-08-15,2
18.6,0.0,17.8,0.0,17.9,0.0,26.2,0.0,2025-08-15,3
18.1,0.0,17.8,0.0,17.8,0.0,25.2,0.0,2025-08-15,4
17.7,0.0,17.9,0.0,17.7,0.0,24.2,0.0,2025-08-15,5
17.4,0.0,17.9,0.0,17.7,0.0,23.8,0.0,2025-08-15,6
17.4,17.0,18.2,15.0,17.8,14.0,24.9,49.0,2025-08-15,7
18.8,151.0,19.0,114.0,18.2,101.0,27.9,229.0,2025-08-15,8
21.2,343.0,20.5,275.0,19.3,233.0,30.0,442.0,2025-08-15,9
24.3,533.0,22.6,449.0,20.6,449.0,31.9,639.0,2025-08-15,10
27.7,698.0,24.7,678.0,21.9,689.0,33.2,801.0,2025-08-15,11
30.9,821.0,27.1,847.0,22.4,813.0,34.2,914.0,2025-08-15,12
33.5,892.0,28.8,921.0,22.6,887.0,35.0,968.0,2025-08-15,13
35.6,904.0,29.4,925.0,22.6,920.0,35.7,959.0,2025-08-15,14
37.0,854.0,29.0,861.0,22.5,866.0,36.3,884.0,2025-08-15,15
37.1,750.0,28.7,737.0,22.1,736.0,36.1,742.0,2025-08-15,16
36.5,598.0,27.8,567.0,21.6,558.0,35.4,556.0,2025-08-15,17
35.1,413.0,25.1,364.0,19.7,323.0,34.7,359.0,2025-08-15,18
33.0,216.0,23.2,160.0,18.7,142.0,33.7,150.0,2025-08-15,19
30.0,48.0,21.5,17.0,18.0,11.0,31.4,12.0,2025-08-15,20
27.4,0.0,20.5,0.0,17.9,0.0,30.2,0.0,2025-08-15,21
25.2,0.0,19.7,0.0,18.0,0.0,29.2,0.0,2025-08-15,22
23.4,0.0,19.2,0.0,17.8,0.0,28.6,0.0,2025-08-15,23
21.9,0.0,18.8,0.0,17.7,0.0,28.3,0.0,2025-08-16,0
20.7,0.0,18.6,0.0,17.5,0.0,28.3,0.0,2025-08-16,1
19.7,0.0,18.4,0.0,17.6,0.0,27.2,0.0,2025-08-16,2
19.2,0.0,18.1,0.0,17.9,0.0,26.2,0.0,2025-08-16,3
18.8,0.0,17.8,0.0,17.9,0.0,25.6,0.0,2025-08-16,4
18.4,0.0,17.8,0.0,17.8,0.0,25.5,0.0,2025-08-16,5
17.9,0.0,18.5,0.0,18.0,0.0,24.6,0.0,2025-08-16,6
17.8,14.0,18.8,11.0,18.3,15.0,25.6,47.0,2025-08-16,7
18.7,122.0,19.4,96.0,19.1,112.0,27.8,225.0,2025-08-16,8
19.7,233.0,20.5,238.0,20.5,337.0,29.5,434.0,2025-08-16,9
21.3,388.0,22.1,372.0,21.6,457.0,30.9,630.0,2025-08-16,10
23.8,538.0,24.4,623.0,23.0,709.0,32.1,786.0,2025-08-16,11
26.2,763.0,26.6,830.0,22.9,847.0,33.4,899.0,2025-08-16,12
28.2,880.0,28.0,915.0,22.8,941.0,34.1,954.0,2025-08-16,13
29.9,893.0,28.2,919.0,22.7,938.0,35.0,934.0,2025-08-16,14
31.0,843.0,27.7,855.0,22.5,868.0,34.9,863.0,2025-08-16,15
31.4,738.0,26.9,731.0,22.1,736.0,35.0,736.0,2025-08-16,16
31.0,586.0,26.1,560.0,21.6,559.0,34.6,559.0,2025-08-16,17
30.0,400.0,24.5,361.0,20.2,350.0,34.4,355.0,2025-08-16,18
28.4,206.0,22.8,157.0,19.3,142.0,33.2,146.0,2025-08-16,19
26.6,44.0,21.3,16.0,18.8,11.0,31.1,11.0,2025-08-16,20
25.1,0.0,20.3,0.0,18.6,0.0,29.9,0.0,2025-08-16,21
23.9,0.0,19.7,0.0,18.4,0.0,28.9,0.0,2025-08-16,22
22.6,0.0,19.4,0.0,17.9,0.0,27.6,0.0,2025-08-16,23
21.6,0.0,19.4,0.0,17.4,0.0,27.2,0.0,2025-08-17,0
20.9,0.0,19.3,0.0,17.0,0.0,26.1,0.0,2025-08-17,1
20.2,0.0,19.0,0.0,16.5,0.0,25.1,0.0,2025-08-17,2
19.4,0.0,18.6,0.0,16.2,0.0,24.4,0.0,2025-08-17,3
18.4,0.0,18.3,0.0,16.0,0.0,23.8,0.0,2025-08-17,4
17.5,0.0,18.1,0.0,15.9,0.0,23.4,0.0,2025-08-17,5
17.6,0.0,18.3,0.0,16.0,0.0,22.9,0.0,2025-08-17,6
17.1,14.0,18.3,13.0,16.4,25.0,23.8,45.0,2025-08-17,7
17.6,142.0,18.8,101.0,18.1,160.0,26.1,223.0,2025-08-17,8
19.0,331.0,20.4,277.0,19.9,339.0,28.3,435.0,2025-08-17,9
21.0,519.0,22.8,554.0,21.5,575.0,30.4,633.0,2025-08-17,10
23.4,686.0,25.4,731.0,22.5,767.0,32.1,796.0,2025-08-17,11
25.8,813.0,28.1,855.0,22.9,895.0,33.3,912.0,2025-08-17,12
28.0,886.0,29.7,918.0,23.0,955.0,34.3,967.0,2025-08-17,13
29.5,898.0,29.7,916.0,23.2,946.0,35.0,953.0,2025-08-17,14
30.3,849.0,29.0,851.0,23.0,873.0,35.3,876.0,2025-08-17,15
30.3,746.0,28.0,727.0,22.6,741.0,35.4,745.0,2025-08-17,16
29.3,596.0,26.9,557.0,22.0,561.0,35.1,566.0,2025-08-17,17
28.1,410.0,26.1,356.0,21.0,353.0,34.5,357.0,2025-08-17,18
25.9,212.0,24.1,154.0,20.2,142.0,33.1,146.0,2025-08-17,19
23.3,44.0,22.2,15.0,19.5,10.0,30.6,10.0,2025-08-17,20
21.0,0.0,21.1,0.0,19.3,0.0,29.2,0.0,2025-08-17,21
19.5,0.0,20.2,0.0,19.0,0.0,27.9,0.0,2025-08-17,22
18.3,0.0,19.6,0.0,18.6,0.0,26.7,0.0,2025-08-17,23
17.6,0.0,19.4,0.0,17.9,0.0,25.8,0.0,2025-08-18,0
17.2,0.0,19.2,0.0,17.5,0.0,25.1,0.0,2025-08-18,1
16.8,0.0,18.9,0.0,17.3,0.0,24.8,0.0,2025-08-18,2
16.5,0.0,18.7,0.0,16.8,0.0,24.2,0.0,2025-08-18,3
16.3,0.0,18.2,0.0,16.6,0.0,23.8,0.0,2025-08-18,4
16.1,0.0,17.6,0.0,16.6,0.0,23.4,0.0,2025-08-18,5
15.3,0.0,17.9,0.0,16.4,0.0,22.8,0.0,2025-08-18,6
15.4,14.0,18.0,17.0,16.7,20.0,23.5,45.0,2025-08-18,7
16.5,148.0,19.6,143.0,18.2,126.0,26.2,224.0,2025-08-18,8
18.2,346.0,21.9,364.0,19.8,296.0,28.4,437.0,2025-08-18,9
20.5,543.0,24.5,575.0,22.0,579.0,30.6,636.0,2025-08-18,10
23.1,711.0,27.4,748.0,23.3,754.0,32.5,800.0,2025-08-18,11
25.8,836.0,30.0,869.0,23.6,887.0,34.2,913.0,2025-08-18,12
28.1,906.0,31.5,930.0,23.7,951.0,35.5,967.0,2025-08-18,13
30.0,917.0,31.6,924.0,23.8,943.0,36.2,953.0,2025-08-18,14
31.4,868.0,31.4,858.0,23.6,870.0,36.6,874.0,2025-08-18,15
32.2,760.0,30.8,733.0,23.3,736.0,36.7,736.0,2025-08-18,16
32.4,604.0,29.5,555.0,22.6,557.0,36.5,556.0,2025-08-18,17
31.7,417.0,27.7,354.0,21.3,348.0,36.0,350.0,2025-08-18,18
30.9,213.0,25.4,151.0,20.1,139.0,34.6,141.0,2025-08-18,19
28.1,42.0,23.6,14.0,19.5,9.0,32.4,9.0,2025-08-18,20
25.6,0.0,22.7,0.0,19.2,0.0,30.8,0.0,2025-08-18,21
23.9,0.0,22.3,0.0,19.0,0.0,29.2,0.0,2025-08-18,22
22.4,0.0,21.8,0.0,18.6,0.0,27.9,0.0,2025-08-18,23
21.3,0.0,21.3,0.0,18.3,0.0,27.2,0.0,2025-08-19,0
20.4,0.0,20.6,0.0,18.1,0.0,27.1,0.0,2025-08-19,1
19.5,0.0,20.0,0.0,17.6,0.0,26.7,0.0,2025-08-19,2
18.7,0.0,19.2,0.0,17.5,0.0,26.4,0.0,2025-08-19,3
18.0,0.0,18.7,0.0,17.3,0.0,25.3,0.0,2025-08-19,4
17.4,0.0,18.2,0.0,17.4,0.0,24.7,0.0,2025-08-19,5
16.4,0.0,17.4,0.0,16.6,0.0,24.5,0.0,2025-08-19,6
16.3,14.0,17.7,18.0,16.7,14.0,25.4,38.0,2025-08-19,7
17.5,146.0,19.2,133.0,17.5,107.0,28.0,199.0,2025-08-19,8
19.8,342.0,21.6,322.0,19.9,269.0,30.1,400.0,2025-08-19,9
22.6,537.0,24.9,569.0,22.9,597.0,31.8,588.0,2025-08-19,10
25.6,705.0,28.3,744.0,25.0,768.0,33.6,749.0,2025-08-19,11
28.6,830.0,31.1,864.0,25.8,887.0,35.3,877.0,2025-08-19,12
31.2,902.0,33.0,924.0,25.7,944.0,36.7,922.0,2025-08-19,13
33.0,914.0,33.5,916.0,25.4,936.0,37.5,904.0,2025-08-19,14
34.2,865.0,33.0,852.0,25.3,863.0,38.2,835.0,2025-08-19,15
35.0,759.0,32.0,729.0,25.2,732.0,38.1,706.0,2025-08-19,16
35.1,604.0,30.4,557.0,24.5,553.0,37.7,532.0,2025-08-19,17
33.8,414.0,28.0,354.0,22.9,342.0,37.2,330.0,2025-08-19,18
32.7,210.0,26.2,149.0,21.4,135.0,36.0,129.0,2025-08-19,19
28.9,40.0,24.4,13.0,20.5,8.0,33.9,8.0,2025-08-19,20
26.3,0.0,23.4,0.0,20.2,0.0,32.6,0.0,2025-08-19,21
24.5,0.0,22.5,0.0,19.8,0.0,31.3,0.0,2025-08-19,22
23.0,0.0,21.9,0.0,19.3,0.0,29.9,0.0,2025-08-19,23
22.0,0.0,21.4,0.0,18.8,0.0,28.9,0.0,2025-08-20,0
21.1,0.0,20.7,0.0,18.7,0.0,28.7,0.0,2025-08-20,1
20.0,0.0,20.3,0.0,18.6,0.0,28.0,0.0,2025-08-20,2
19.0,0.0,19.7,0.0,18.1,0.0,27.6,0.0,2025-08-20,3
18.2,0.0,19.3,0.0,17.8,0.0,26.7,0.0,2025-08-20,4
17.8,0.0,18.8,0.0,17.6,0.0,26.7,0.0,2025-08-20,5
16.4,0.0,17.9,0.0,17.6,0.0,26.8,0.0,2025-08-20,6
16.6,13.0,18.2,20.0,18.4,21.0,26.7,37.0,2025-08-20,7
18.0,145.0,20.7,169.0,19.4,136.0,29.1,201.0,2025-08-20,8
20.5,343.0,23.8,375.0,21.4,325.0,31.1,413.0,2025-08-20,9
23.8,540.0,27.3,574.0,23.9,584.0,32.7,604.0,2025-08-20,10
27.6,707.0,30.6,742.0,25.5,757.0,34.3,757.0,2025-08-20,11
31.0,831.0,33.3,859.0,26.3,873.0,35.9,871.0,2025-08-20,12
33.8,900.0,35.0,911.0,26.8,928.0,37.5,913.0,2025-08-20,13
36.2,910.0,35.3,910.0,27.0,918.0,38.6,895.0,2025-08-20,14
37.8,859.0,35.2,848.0,27.0,820.0,39.0,804.0,2025-08-20,15
38.6,752.0,34.8,718.0,26.8,692.0,39.0,667.0,2025-08-20,16
39.0,596.0,34.0,546.0,26.2,535.0,38.7,481.0,2025-08-20,17
38.1,405.0,31.8,343.0,23.3,318.0,38.4,291.0,2025-08-20,18
37.4,204.0,29.3,133.0,22.2,129.0,37.4,115.0,2025-08-20,19
34.5,38.0,26.8,11.0,21.3,7.0,35.4,7.0,2025-08-20,20
32.3,0.0,25.4,0.0,20.9,0.0,34.0,0.0,2025-08-20,21
30.6,0.0,24.6,0.0,20.6,0.0,32.5,0.0,2025-08-20,22
29.5,0.0,24.3,0.0,20.1,0.0,31.5,0.0,2025-08-20,23
27.8,0.0,24.1,0.0,19.7,0.0,30.5,0.0,2025-08-21,0
26.8,0.0,23.5,0.0,19.6,0.0,30.1,0.0,2025-08-21,1
25.1,0.0,23.2,0.0,19.5,0.0,29.5,0.0,2025-08-21,2
23.9,0.0,22.5,0.0,19.2,0.0,28.7,0.0,2025-08-21,3
22.9,0.0,21.9,0.0,19.2,0.0,28.7,0.0,2025-08-21,4
22.0,0.0,21.4,0.0,18.8,0.0,28.4,0.0,2025-08-21,5
20.0,0.0,20.1,0.0,18.6,0.0,28.5,0.0,2025-08-21,6
19.7,12.0,20.3,19.0,19.2,23.0,28.9,37.0,2025-08-21,7
21.7,142.0,22.3,163.0,20.7,146.0,31.1,201.0,2025-08-21,8
24.9,324.0,25.4,364.0,22.7,320.0,33.3,404.0,2025-08-21,9
27.9,521.0,28.8,560.0,24.4,466.0,35.4,594.0,2025-08-21,10
30.9,704.0,32.3,722.0,26.1,666.0,36.9,743.0,2025-08-21,11
34.2,829.0,35.1,833.0,26.8,793.0,38.3,833.0,2025-08-21,12
37.1,902.0,36.7,855.0,26.8,822.0,39.8,899.0,2025-08-21,13
39.3,912.0,37.2,763.0,27.1,874.0,40.4,903.0,2025-08-21,14
40.6,867.0,37.0,682.0,27.3,789.0,40.4,822.0,2025-08-21,15
41.1,756.0,36.0,654.0,27.1,681.0,40.3,695.0,2025-08-21,16
41.3,598.0,34.5,496.0,26.2,520.0,40.3,526.0,2025-08-21,17
40.4,401.0,31.1,328.0,23.9,309.0,39.0,309.0,2025-08-21,18
39.2,198.0,29.6,129.0,22.8,123.0,38.2,118.0,2025-08-21,19
35.8,35.0,26.6,10.0,21.9,6.0,36.2,6.0,2025-08-21,20
33.5,0.0,25.9,0.0,21.5,0.0,34.3,0.0,2025-08-21,21
31.8,0.0,25.6,0.0,21.2,0.0,32.3,0.0,2025-08-21,22
29.9,0.0,24.9,0.0,21.0,0.0,31.8,0.0,2025-08-21,23
28.2,0.0,24.4,0.0,21.0,0.0,31.3,0.0,2025-08-22,0
26.8,0.0,24.0,0.0,20.7,0.0,30.5,0.0,2025-08-22,1
25.5,0.0,23.5,0.0,20.7,0.0,30.1,0.0,2025-08-22,2
24.3,0.0,23.0,0.0,20.2,0.0,29.8,0.0,2025-08-22,3
23.0,0.0,22.5,0.0,19.9,0.0,29.1,0.0,2025-08-22,4
22.1,0.0,22.1,0.0,19.7,0.0,28.4,0.0,2025-08-22,5
19.4,0.0,21.3,0.0,19.6,0.0,28.5,0.0,2025-08-22,6
18.9,11.0,21.6,18.0,20.3,21.0,29.4,37.0,2025-08-22,7
19.7,139.0,23.4,159.0,21.7,169.0,32.3,204.0,2025-08-22,8
21.9,334.0,26.0,360.0,23.8,364.0,34.7,409.0,2025-08-22,9
25.0,527.0,29.4,555.0,26.1,569.0,36.7,601.0,2025-08-22,10
28.5,692.0,32.8,715.0,27.7,737.0,38.1,741.0,2025-08-22,11
32.0,811.0,35.8,833.0,27.8,843.0,39.5,870.0,2025-08-22,12
34.9,874.0,38.1,894.0,27.4,893.0,40.4,919.0,2025-08-22,13
37.5,871.0,38.8,892.0,27.6,885.0,41.0,896.0,2025-08-22,14
39.2,821.0,37.6,825.0,26.9,795.0,41.4,848.0,2025-08-22,15
39.9,705.0,34.7,695.0,26.5,685.0,41.2,715.0,2025-08-22,16
40.1,569.0,32.6,527.0,25.8,508.0,38.8,462.0,2025-08-22,17
39.6,379.0,30.4,311.0,23.9,317.0,37.5,294.0,2025-08-22,18
39.0,153.0,28.6,127.0,22.6,114.0,37.5,87.0,2025-08-22,19
36.7,21.0,27.1,9.0,22.0,6.0,37.1,5.0,2025-08-22,20
33.1,0.0,26.1,0.0,21.8,0.0,35.8,0.0,2025-08-22,21
30.4,0.0,25.5,0.0,21.4,0.0,34.6,0.0,2025-08-22,22
28.6,0.0,25.3,0.0,21.1,0.0,33.2,0.0,2025-08-22,23
27.3,0.0,24.9,0.0,20.7,0.0,32.7,0.0,2025-08-23,0
26.0,0.0,24.3,0.0,20.3,0.0,31.8,0.0,2025-08-23,1
24.6,0.0,23.5,0.0,20.0,0.0,31.2,0.0,2025-08-23,2
23.5,0.0,22.8,0.0,19.7,0.0,30.4,0.0,2025-08-23,3
22.5,0.0,22.3,0.0,19.6,0.0,29.8,0.0,2025-08-23,4
22.0,0.0,22.0,0.0,19.8,0.0,29.3,0.0,2025-08-23,5
20.3,0.0,21.0,0.0,19.8,0.0,29.0,0.0,2025-08-23,6
19.3,10.0,21.2,16.0,20.4,13.0,29.4,27.0,2025-08-23,7
20.2,132.0,22.3,139.0,22.1,121.0,32.4,132.0,2025-08-23,8
22.7,324.0,24.9,308.0,23.5,354.0,33.4,353.0,2025-08-23,9
26.0,519.0,29.0,503.0,25.9,559.0,34.8,472.0,2025-08-23,10
29.7,681.0,33.7,663.0,25.3,698.0,36.7,729.0,2025-08-23,11
32.9,803.0,33.5,702.0,26.2,838.0,37.2,762.0,2025-08-23,12
35.9,869.0,33.9,883.0,27.6,900.0,38.4,625.0,2025-08-23,13
38.5,880.0,34.2,885.0,28.1,874.0,38.0,685.0,2025-08-23,14
39.5,829.0,34.5,814.0,27.6,816.0,38.3,775.0,2025-08-23,15
39.6,722.0,33.4,689.0,27.4,692.0,39.2,697.0,2025-08-23,16
38.2,534.0,31.4,517.0,27.2,514.0,38.8,466.0,2025-08-23,17
34.9,350.0,30.6,324.0,24.5,243.0,36.9,155.0,2025-08-23,18
32.1,127.0,28.3,128.0,23.7,110.0,35.9,104.0,2025-08-23,19
29.7,17.0,26.9,8.0,22.8,2.0,34.0,4.0,2025-08-23,20
28.4,0.0,26.2,0.0,22.1,0.0,32.1,0.0,2025-08-23,21
26.9,0.0,25.8,0.0,21.7,0.0,31.2,0.0,2025-08-23,22
25.6,0.0,25.6,0.0,21.3,0.0,30.8,0.0,2025-08-23,23
24.1,0.0,24.9,0.0,21.0,0.0,29.8,0.0,2025-08-24,0
22.8,0.0,23.9,0.0,20.8,0.0,29.1,0.0,2025-08-24,1
21.8,0.0,23.1,0.0,20.4,0.0,28.5,0.0,2025-08-24,2
20.6,0.0,22.6,0.0,20.4,0.0,28.2,0.0,2025-08-24,3
19.7,0.0,22.4,0.0,20.1,0.0,27.5,0.0,2025-08-24,4
19.2,0.0,22.0,0.0,20.0,0.0,27.1,0.0,2025-08-24,5
18.1,0.0,21.3,0.0,20.3,0.0,27.4,0.0,2025-08-24,6
18.0,9.0,21.3,16.0,21.0,19.0,28.4,32.0,2025-08-24,7
19.0,125.0,22.6,142.0,22.1,161.0,30.9,195.0,2025-08-24,8
20.5,306.0,24.9,328.0,23.9,365.0,29.9,318.0,2025-08-24,9
23.1,465.0,27.4,474.0,25.4,570.0,33.4,591.0,2025-08-24,10
25.8,575.0,30.7,677.0,25.9,736.0,34.2,707.0,2025-08-24,11
28.9,703.0,33.4,786.0,26.1,850.0,35.4,850.0,2025-08-24,12
32.8,854.0,34.2,853.0,27.1,907.0,37.4,878.0,2025-08-24,13
36.0,866.0,35.2,876.0,27.4,891.0,38.5,911.0,2025-08-24,14
37.5,813.0,34.9,815.0,27.0,815.0,38.6,804.0,2025-08-24,15
37.8,707.0,33.0,691.0,26.3,692.0,38.4,660.0,2025-08-24,16
37.9,555.0,31.1,522.0,25.2,518.0,38.5,466.0,2025-08-24,17
36.8,348.0,29.8,324.0,23.4,295.0,38.0,301.0,2025-08-24,18
33.2,174.0,27.3,126.0,22.7,112.0,36.9,97.0,2025-08-24,19
29.7,26.0,25.6,8.0,22.3,4.0,35.2,4.0,2025-08-24,20
26.6,0.0,24.4,0.0,22.0,0.0,33.8,0.0,2025-08-24,21
24.5,0.0,23.6,0.0,21.7,0.0,32.5,0.0,2025-08-24,22
23.1,0.0,23.3,0.0,21.3,0.0,30.6,0.0,2025-08-24,23
21.7,0.0,23.1,0.0,20.9,0.0,29.7,0.0,2025-08-25,0
20.6,0.0,22.8,0.0,20.7,0.0,29.2,0.0,2025-08-25,1
19.7,0.0,22.4,0.0,20.6,0.0,28.6,0.0,2025-08-25,2
18.8,0.0,21.8,0.0,20.8,0.0,28.1,0.0,2025-08-25,3
18.3,0.0,21.3,0.0,21.0,0.0,27.6,0.0,2025-08-25,4
17.8,0.0,20.9,0.0,20.9,0.0,27.0,0.0,2025-08-25,5
17.7,0.0,20.0,0.0,19.8,0.0,25.6,0.0,2025-08-25,6
17.5,8.0,19.9,16.0,20.1,17.0,26.7,33.0,2025-08-25,7
18.7,125.0,21.4,153.0,20.9,137.0,28.4,197.0,2025-08-25,8
20.9,313.0,23.4,352.0,22.4,339.0,29.4,395.0,2025-08-25,9
23.8,503.0,25.9,550.0,24.1,493.0,32.2,548.0,2025-08-25,10
27.0,667.0,28.8,715.0,24.7,666.0,33.3,527.0,2025-08-25,11
30.1,788.0,31.4,831.0,24.3,754.0,32.6,526.0,2025-08-25,12
33.2,855.0,33.4,889.0,25.4,825.0,34.2,524.0,2025-08-25,13
35.5,864.0,34.1,883.0,25.9,880.0,33.9,517.0,2025-08-25,14
37.2,812.0,33.7,815.0,25.4,780.0,32.3,409.0,2025-08-25,15
38.2,704.0,32.2,689.0,24.7,656.0,32.6,337.0,2025-08-25,16
38.2,552.0,30.4,517.0,24.2,509.0,32.5,289.0,2025-08-25,17
36.1,366.0,28.5,323.0,22.3,267.0,32.0,62.0,2025-08-25,18
33.2,172.0,26.7,124.0,21.2,105.0,31.7,52.0,2025-08-25,19
29.5,25.0,25.6,7.0,20.7,4.0,30.7,2.0,2025-08-25,20
26.6,0.0,24.3,0.0,20.5,0.0,29.6,0.0,2025-08-25,21
25.3,0.0,23.2,0.0,20.6,0.0,28.4,0.0,2025-08-25,22
23.5,0.0,22.5,0.0,20.5,0.0,27.3,0.0,2025-08-25,23
22.4,0.0,21.9,0.0,20.3,0.0,27.0,0.0,2025-08-26,0
21.4,0.0,21.5,0.0,20.1,0.0,26.6,0.0,2025-08-26,1
21.0,0.0,21.3,0.0,20.0,0.0,25.9,0.0,2025-08-26,2
20.3,0.0,20.9,0.0,19.7,0.0,25.5,0.0,2025-08-26,3
19.4,0.0,20.3,0.0,19.6,0.0,25.3,0.0,2025-08-26,4
18.4,0.0,20.1,0.0,19.6,0.0,24.6,0.0,2025-08-26,5
18.8,0.0,19.7,0.0,19.3,0.0,24.4,0.0,2025-08-26,6
18.2,8.0,20.2,13.0,19.5,16.0,24.8,28.0,2025-08-26,7
18.4,103.0,21.6,138.0,20.1,115.0,25.9,160.0,2025-08-26,8
20.4,287.0,23.0,326.0,21.7,281.0,27.3,370.0,2025-08-26,9
23.0,485.0,25.1,512.0,23.4,503.0,28.1,512.0,2025-08-26,10
26.1,584.0,27.5,695.0,24.6,708.0,29.3,638.0,2025-08-26,11
29.1,766.0,29.5,818.0,24.8,833.0,29.6,727.0,2025-08-26,12
31.3,836.0,31.2,880.0,24.9,896.0,30.2,746.0,2025-08-26,13
33.6,860.0,31.5,876.0,25.2,892.0,31.5,834.0,2025-08-26,14
34.8,788.0,31.2,799.0,24.8,817.0,32.2,797.0,2025-08-26,15
35.5,619.0,30.3,682.0,24.0,684.0,32.7,651.0,2025-08-26,16
35.3,517.0,27.7,515.0,23.5,506.0,31.5,432.0,2025-08-26,17
34.0,362.0,26.4,320.0,23.5,299.0,30.2,229.0,2025-08-26,18
32.4,167.0,24.2,122.0,22.6,106.0,29.3,98.0,2025-08-26,19
29.8,23.0,22.5,6.0,21.6,3.0,27.9,3.0,2025-08-26,20
26.8,0.0,21.6,0.0,21.1,0.0,27.2,0.0,2025-08-26,21
24.5,0.0,21.0,0.0,20.9,0.0,26.0,0.0,2025-08-26,22
23.2,0.0,20.6,0.0,20.7,0.0,25.5,0.0,2025-08-26,23
22.2,0.0,20.1,0.0,20.6,0.0,24.9,0.0,2025-08-27,0
21.4,0.0,19.7,0.0,20.4,0.0,24.3,0.0,2025-08-27,1
20.5,0.0,19.1,0.0,20.1,0.0,24.0,0.0,2025-08-27,2
19.7,0.0,18.5,0.0,19.8,0.0,23.8,0.0,2025-08-27,3
19.0,0.0,18.1,0.0,19.4,0.0,23.3,0.0,2025-08-27,4
18.6,0.0,17.7,0.0,19.2,0.0,23.0,0.0,2025-08-27,5
18.1,0.0,17.6,0.0,19.2,0.0,21.7,0.0,2025-08-27,6
17.8,7.0,18.1,15.0,19.8,18.0,22.5,30.0,2025-08-27,7
18.7,121.0,20.3,153.0,21.2,165.0,24.0,193.0,2025-08-27,8
20.5,311.0,23.4,357.0,23.6,370.0,25.7,400.0,2025-08-27,9
23.3,504.0,26.5,556.0,25.9,554.0,26.9,595.0,2025-08-27,10
26.4,669.0,29.6,722.0,26.0,719.0,28.3,758.0,2025-08-27,11
29.1,789.0,32.4,839.0,26.3,811.0,29.4,868.0,2025-08-27,12
30.9,855.0,34.4,897.0,26.8,894.0,30.7,900.0,2025-08-27,13
32.2,863.0,34.2,886.0,26.4,808.0,31.9,887.0,2025-08-27,14
33.3,810.0,31.7,758.0,26.0,700.0,32.4,788.0,2025-08-27,15
33.8,704.0,30.5,623.0,25.1,550.0,32.7,676.0,2025-08-27,16
33.4,552.0,29.5,484.0,24.2,342.0,33.1,480.0,2025-08-27,17
33.2,360.0,28.6,315.0,23.2,131.0,32.8,305.0,2025-08-27,18
31.2,168.0,26.8,117.0,22.7,29.0,30.6,104.0,2025-08-27,19
28.5,22.0,25.7,5.0,22.4,2.0,28.3,2.0,2025-08-27,20
26.4,0.0,24.2,0.0,22.4,0.0,26.4,0.0,2025-08-27,21
24.6,0.0,23.4,0.0,22.3,0.0,25.5,0.0,2025-08-27,22
22.8,0.0,22.7,0.0,22.2,0.0,24.4,0.0,2025-08-27,23
21.8,0.0,22.4,0.0,22.3,0.0,23.6,0.0,2025-08-28,0
21.1,0.0,22.2,0.0,22.5,0.0,23.5,0.0,2025-08-28,1
20.4,0.0,21.6,0.0,22.4,0.0,23.3,0.0,2025-08-28,2
19.6,0.0,20.9,0.0,22.0,0.0,23.7,0.0,2025-08-28,3
18.9,0.0,20.8,0.0,21.8,0.0,23.9,0.0,2025-08-28,4
18.2,0.0,20.6,0.0,21.6,0.0,23.4,0.0,2025-08-28,5
17.4,0.0,19.9,0.0,20.7,0.0,22.6,0.0,2025-08-28,6
16.8,7.0,20.3,8.0,20.5,5.0,22.8,22.0,2025-08-28,7
17.9,121.0,21.7,80.0,21.3,45.0,24.8,144.0,2025-08-28,8
20.1,313.0,23.5,173.0,22.3,81.0,26.4,324.0,2025-08-28,9
23.0,508.0,26.4,373.0,22.5,104.0,27.6,408.0,2025-08-28,10
26.5,676.0,27.5,400.0,22.7,129.0,29.4,553.0,2025-08-28,11
29.8,801.0,29.1,511.0,23.4,206.0,31.3,654.0,2025-08-28,12
32.5,870.0,30.8,580.0,22.7,123.0,32.3,692.0,2025-08-28,13
34.6,879.0,31.8,590.0,22.6,139.0,32.5,615.0,2025-08-28,14
36.2,827.0,30.3,496.0,23.9,223.0,32.8,519.0,2025-08-28,15
37.0,717.0,29.7,504.0,24.0,177.0,33.3,344.0,2025-08-28,16
37.3,559.0,30.1,521.0,24.7,480.0,31.3,223.0,2025-08-28,17
36.1,367.0,29.7,292.0,25.9,223.0,30.6,100.0,2025-08-28,18
35.0,167.0,28.8,112.0,24.7,91.0,30.1,36.0,2025-08-28,19
31.5,20.0,28.0,5.0,23.6,2.0,28.5,1.0,2025-08-28,20
27.8,0.0,26.5,0.0,23.2,0.0,27.2,0.0,2025-08-28,21
24.8,0.0,24.7,0.0,22.8,0.0,25.8,0.0,2025-08-28,22
22.6,0.0,23.6,0.0,22.1,0.0,24.4,0.0,2025-08-28,23
21.1,0.0,22.9,0.0,21.8,0.0,23.3,0.0,2025-08-29,0
19.8,0.0,22.2,0.0,21.4,0.0,22.8,0.0,2025-08-29,1
19.0,0.0,21.5,0.0,20.9,0.0,22.1,0.0,2025-08-29,2
18.4,0.0,21.2,0.0,20.6,0.0,21.6,0.0,2025-08-29,3
17.8,0.0,21.0,0.0,20.5,0.0,20.9,0.0,2025-08-29,4
17.1,0.0,20.6,0.0,20.3,0.0,20.7,0.0,2025-08-29,5
16.4,0.0,19.9,0.0,19.6,0.0,21.5,0.0,2025-08-29,6
16.4,5.0,20.8,14.0,20.1,17.0,21.6,28.0,2025-08-29,7
17.2,88.0,23.2,151.0,22.1,159.0,23.4,187.0,2025-08-29,8
18.7,218.0,26.1,355.0,24.9,353.0,24.9,392.0,2025-08-29,9
21.2,422.0,28.6,555.0,27.7,561.0,26.3,586.0,2025-08-29,10
24.8,672.0,31.1,722.0,29.0,725.0,27.8,741.0,2025-08-29,11
28.4,796.0,33.3,839.0,28.9,839.0,29.6,831.0,2025-08-29,12
31.7,862.0,34.8,896.0,28.3,892.0,31.3,868.0,2025-08-29,13
34.4,869.0,35.0,889.0,28.1,883.0,32.3,833.0,2025-08-29,14
36.1,818.0,33.8,818.0,27.9,807.0,32.9,767.0,2025-08-29,15
36.9,706.0,32.2,687.0,27.6,675.0,33.2,628.0,2025-08-29,16
36.9,546.0,30.9,514.0,27.1,498.0,33.5,477.0,2025-08-29,17
35.9,356.0,29.2,310.0,26.3,293.0,32.9,278.0,2025-08-29,18
34.2,159.0,26.9,112.0,24.8,97.0,31.9,93.0,2025-08-29,19
30.5,18.0,25.0,4.0,23.7,2.0,29.9,1.0,2025-08-29,20
28.1,0.0,23.9,0.0,23.2,0.0,28.4,0.0,2025-08-29,21
26.3,0.0,23.3,0.0,22.6,0.0,26.9,0.0,2025-08-29,22
24.8,0.0,23.1,0.0,22.2,0.0,25.6,0.0,2025-08-29,23
23.5,0.0,22.6,0.0,21.5,0.0,24.9,0.0,2025-08-30,0
22.3,0.0,22.2,0.0,21.1,0.0,24.8,0.0,2025-08-30,1
21.4,0.0,21.6,0.0,20.6,0.0,24.7,0.0,2025-08-30,2
20.7,0.0,21.1,0.0,20.2,0.0,24.3,0.0,2025-08-30,3
20.1,0.0,20.5,0.0,20.2,0.0,23.9,0.0,2025-08-30,4
19.6,0.0,19.9,0.0,20.0,0.0,23.3,0.0,2025-08-30,5
18.8,0.0,19.9,0.0,19.6,0.0,22.1,0.0,2025-08-30,6
18.3,6.0,20.5,13.0,20.1,17.0,22.7,27.0,2025-08-30,7
19.8,116.0,23.2,150.0,21.7,163.0,26.0,188.0,2025-08-30,8
22.9,307.0,26.0,356.0,23.7,371.0,28.0,395.0,2025-08-30,9
26.3,500.0,28.8,556.0,25.8,570.0,29.5,580.0,2025-08-30,10
29.6,667.0,31.5,724.0,27.1,735.0,31.0,745.0,2025-08-30,11
32.7,790.0,33.7,842.0,27.8,850.0,32.7,829.0,2025-08-30,12
35.5,858.0,35.1,900.0,27.7,904.0,34.3,860.0,2025-08-30,13
37.7,865.0,35.8,893.0,27.6,893.0,35.3,825.0,2025-08-30,14
38.9,811.0,34.2,822.0,27.3,817.0,35.9,783.0,2025-08-30,15
39.4,700.0,32.7,691.0,27.1,682.0,36.1,654.0,2025-08-30,16
39.5,542.0,32.0,514.0,26.6,502.0,36.0,478.0,2025-08-30,17
38.5,353.0,30.7,307.0,25.9,295.0,36.2,250.0,2025-08-30,18
37.3,156.0,28.6,108.0,24.0,96.0,34.6,87.0,2025-08-30,19
34.8,16.0,25.7,3.0,22.7,1.0,32.3,1.0,2025-08-30,20
33.4,0.0,24.0,0.0,22.1,0.0,31.0,0.0,2025-08-30,21
32.3,0.0,23.4,0.0,21.8,0.0,28.8,0.0,2025-08-30,22
31.1,0.0,23.0,0.0,21.3,0.0,27.4,0.0,2025-08-30,23
29.4,0.0,22.6,0.0,21.0,0.0,26.3,0.0,2025-08-31,0
28.3,0.0,22.2,0.0,20.7,0.0,25.7,0.0,2025-08-31,1
27.0,0.0,21.8,0.0,20.5,0.0,25.1,0.0,2025-08-31,2
25.8,0.0,21.4,0.0,20.2,0.0,24.5,0.0,2025-08-31,3
24.1,0.0,20.8,0.0,19.7,0.0,24.1,0.0,2025-08-31,4
23.1,0.0,20.6,0.0,19.5,0.0,23.7,0.0,2025-08-31,5
21.7,0.0,19.9,0.0,19.2,0.0,23.9,0.0,2025-08-31,6
21.2,5.0,20.0,12.0,19.6,16.0,24.4,26.0,2025-08-31,7
22.5,116.0,21.9,144.0,21.2,160.0,27.7,186.0,2025-08-31,8
25.0,309.0,24.4,345.0,23.4,368.0,30.0,391.0,2025-08-31,9
28.6,504.0,27.4,543.0,25.9,569.0,32.1,577.0,2025-08-31,10
32.1,670.0,30.6,710.0,27.6,735.0,33.9,749.0,2025-08-31,11
35.1,793.0,33.2,827.0,28.0,850.0,34.9,861.0,2025-08-31,12
37.5,858.0,35.1,884.0,28.0,903.0,35.9,863.0,2025-08-31,13
38.8,861.0,36.0,876.0,27.9,892.0,36.6,845.0,2025-08-31,14
39.5,806.0,35.8,805.0,27.6,816.0,37.0,707.0,2025-08-31,15
39.8,695.0,33.9,679.0,27.1,681.0,37.5,545.0,2025-08-31,16
39.4,539.0,31.6,505.0,27.3,500.0,37.4,447.0,2025-08-31,17
38.2,347.0,29.4,301.0,24.9,291.0,37.4,284.0,2025-08-31,18
36.8,151.0,27.3,104.0,23.3,93.0,35.9,86.0,2025-08-31,19
34.3,15.0,25.4,3.0,22.6,1.0,33.4,1.0,2025-08-31,20
31.9,0.0,24.1,0.0,22.2,0.0,31.4,0.0,2025-08-31,21
30.0,0.0,23.1,0.0,21.9,0.0,29.8,0.0,2025-08-31,22
28.4,0.0,23.0,0.0,21.2,0.0,28.5,0.0,2025-08-31,23
27.4,0.0,22.6,0.0,20.6,0.0,27.7,0.0,2025-09-01,0
26.3,0.0,22.1,0.0,20.1,0.0,27.1,0.0,2025-09-01,1
25.2,0.0,21.7,0.0,19.8,0.0,26.5,0.0,2025-09-01,2
24.1,0.0,21.4,0.0,19.5,0.0,25.9,0.0,2025-09-01,3
23.1,0.0,20.9,0.0,19.1,0.0,25.3,0.0,2025-09-01,4
22.2,0.0,20.4,0.0,18.8,0.0,24.9,0.0,2025-09-01,5
20.2,0.0,19.7,0.0,19.1,0.0,25.3,0.0,2025-09-01,6
19.8,5.0,19.9,11.0,19.9,15.0,25.6,25.0,2025-09-01,7
21.0,111.0,21.5,143.0,21.2,158.0,29.0,185.0,2025-09-01,8
23.6,301.0,23.8,345.0,23.2,365.0,30.8,392.0,2025-09-01,9
26.7,494.0,26.9,544.0,25.0,565.0,32.5,576.0,2025-09-01,10
30.2,659.0,30.2,711.0,25.9,729.0,35.2,743.0,2025-09-01,11
33.4,781.0,33.1,827.0,26.3,842.0,37.5,857.0,2025-09-01,12
36.5,848.0,34.7,883.0,26.7,844.0,38.3,902.0,2025-09-01,13
38.8,854.0,34.6,873.0,27.0,831.0,38.9,893.0,2025-09-01,14
40.2,800.0,33.1,801.0,27.4,742.0,39.3,822.0,2025-09-01,15
40.9,688.0,31.6,672.0,27.7,643.0,39.6,685.0,2025-09-01,16
40.9,529.0,30.7,472.0,26.9,420.0,39.1,505.0,2025-09-01,17
39.3,339.0,29.9,279.0,26.2,265.0,38.6,284.0,2025-09-01,18
37.2,145.0,27.5,80.0,24.6,85.0,36.6,83.0,2025-09-01,19
34.9,13.0,24.8,2.0,23.0,1.0,34.9,1.0,2025-09-01,20
33.0,0.0,23.2,0.0,22.3,0.0,32.8,0.0,2025-09-01,21
31.5,0.0,23.0,0.0,21.9,0.0,31.6,0.0,2025-09-01,22
30.1,0.0,23.5,0.0,21.9,0.0,30.7,0.0,2025-09-01,23
29.1,0.0,23.5,0.0,21.9,0.0,29.7,0.0,2025-09-02,0
27.6,0.0,23.0,0.0,21.6,0.0,29.0,0.0,2025-09-02,1
26.2,0.0,22.6,0.0,21.3,0.0,28.4,0.0,2025-09-02,2
25.2,0.0,22.2,0.0,21.0,0.0,28.0,0.0,2025-09-02,3
24.6,0.0,21.8,0.0,20.8,0.0,27.3,0.0,2025-09-02,4
23.8,0.0,21.2,0.0,20.7,0.0,26.6,0.0,2025-09-02,5
23.2,0.0,20.8,0.0,20.7,0.0,26.8,0.0,2025-09-02,6
23.0,1.0,20.6,11.0,21.0,13.0,27.0,16.0,2025-09-02,7
23.6,39.0,22.1,138.0,22.1,120.0,29.6,105.0,2025-09-02,8
25.0,104.0,24.8,335.0,24.3,341.0,33.2,243.0,2025-09-02,9
25.3,106.0,28.9,514.0,26.7,540.0,28.9,198.0,2025-09-02,10
29.2,443.0,31.8,656.0,29.0,706.0,30.3,313.0,2025-09-02,11
33.1,754.0,33.6,767.0,29.0,820.0,31.0,470.0,2025-09-02,12
36.1,837.0,34.6,789.0,28.5,875.0,31.3,507.0,2025-09-02,13
38.0,833.0,33.9,766.0,27.8,862.0,31.5,374.0,2025-09-02,14
38.8,798.0,34.6,735.0,26.6,783.0,30.5,261.0,2025-09-02,15
39.8,670.0,34.5,628.0,25.4,652.0,30.1,147.0,2025-09-02,16
37.2,390.0,33.3,484.0,24.7,475.0,29.5,66.0,2025-09-02,17
33.9,323.0,32.3,278.0,24.8,244.0,26.9,52.0,2025-09-02,18
30.8,139.0,30.4,90.0,23.1,81.0,27.8,17.0,2025-09-02,19
27.9,11.0,27.7,2.0,22.6,1.0,27.2,0.0,2025-09-02,20
24.9,0.0,26.8,0.0,22.2,0.0,26.4,0.0,2025-09-02,21
23.4,0.0,26.1,0.0,21.8,0.0,26.6,0.0,2025-09-02,22
22.0,0.0,25.5,0.0,21.5,0.0,25.7,0.0,2025-09-02,23
21.0,0.0,24.6,0.0,21.2,0.0,24.6,0.0,2025-09-03,0
20.3,0.0,23.7,0.0,21.0,0.0,24.2,0.0,2025-09-03,1
19.8,0.0,23.5,0.0,20.8,0.0,23.9,0.0,2025-09-03,2
19.3,0.0,22.8,0.0,20.6,0.0,23.0,0.0,2025-09-03,3
19.0,0.0,22.2,0.0,20.5,0.0,22.3,0.0,2025-09-03,4
18.4,0.0,21.8,0.0,20.6,0.0,21.4,0.0,2025-09-03,5
18.5,0.0,21.0,0.0,20.1,0.0,21.5,0.0,2025-09-03,6
17.9,4.0,21.4,10.0,20.4,13.0,21.6,20.0,2025-09-03,7
18.6,104.0,23.2,137.0,21.3,125.0,23.0,151.0,2025-09-03,8
20.5,290.0,25.9,336.0,23.2,324.0,25.0,354.0,2025-09-03,9
23.5,480.0,28.9,533.0,25.1,542.0,26.8,530.0,2025-09-03,10
26.8,644.0,31.7,698.0,26.5,711.0,28.7,667.0,2025-09-03,11
29.9,764.0,34.3,816.0,27.2,826.0,30.0,797.0,2025-09-03,12
32.4,830.0,35.8,873.0,27.4,880.0,30.6,729.0,2025-09-03,13
34.6,836.0,36.1,865.0,27.3,869.0,31.7,740.0,2025-09-03,14
36.2,781.0,35.1,794.0,27.4,793.0,31.7,698.0,2025-09-03,15
36.9,671.0,33.5,666.0,27.1,658.0,32.0,587.0,2025-09-03,16
36.3,514.0,31.7,491.0,26.1,478.0,31.5,421.0,2025-09-03,17
35.3,324.0,30.9,285.0,24.7,274.0,31.5,175.0,2025-09-03,18
34.2,133.0,29.7,92.0,23.3,81.0,30.3,69.0,2025-09-03,19
31.9,10.0,27.2,1.0,22.5,0.0,29.0,0.0,2025-09-03,20
29.3,0.0,25.5,0.0,22.2,0.0,27.8,0.0,2025-09-03,21
26.5,0.0,24.3,0.0,21.7,0.0,27.1,0.0,2025-09-03,22
23.9,0.0,24.0,0.0,21.4,0.0,26.2,0.0,2025-09-03,23
22.5,0.0,23.8,0.0,21.1,0.0,25.4,0.0,2025-09-04,0
21.4,0.0,23.1,0.0,21.0,0.0,24.7,0.0,2025-09-04,1
20.6,0.0,22.5,0.0,20.9,0.0,24.2,0.0,2025-09-04,2
19.6,0.0,21.8,0.0,20.7,0.0,23.5,0.0,2025-09-04,3
18.8,0.0,21.3,0.0,20.6,0.0,23.0,0.0,2025-09-04,4
17.7,0.0,20.8,0.0,20.7,0.0,22.4,0.0,2025-09-04,5
16.5,0.0,19.9,0.0,20.6,0.0,23.4,0.0,2025-09-04,6
15.9,4.0,20.1,10.0,20.7,10.0,24.0,21.0,2025-09-04,7
16.7,105.0,21.6,137.0,21.3,91.0,26.6,173.0,2025-09-04,8
18.7,286.0,23.6,337.0,22.7,249.0,28.6,376.0,2025-09-04,9
21.6,478.0,26.5,536.0,24.8,548.0,30.5,569.0,2025-09-04,10
25.1,642.0,29.6,701.0,26.1,720.0,32.2,713.0,2025-09-04,11
28.5,761.0,32.3,818.0,26.4,838.0,33.3,805.0,2025-09-04,12
31.2,831.0,33.9,875.0,26.7,890.0,34.2,830.0,2025-09-04,13
32.6,841.0,34.3,866.0,26.4,875.0,34.7,792.0,2025-09-04,14
33.1,787.0,33.7,788.0,25.9,790.0,35.3,741.0,2025-09-04,15
32.8,675.0,32.3,656.0,25.2,659.0,35.2,638.0,2025-09-04,16
31.8,515.0,30.6,488.0,24.6,479.0,35.1,437.0,2025-09-04,17
28.7,325.0,28.7,289.0,23.0,272.0,32.8,177.0,2025-09-04,18
25.7,133.0,26.1,92.0,21.8,78.0,32.0,69.0,2025-09-04,19
22.8,9.0,24.4,1.0,21.2,0.0,29.8,0.0,2025-09-04,20
20.4,0.0,23.1,0.0,21.0,0.0,28.3,0.0,2025-09-04,21
18.9,0.0,22.3,0.0,20.7,0.0,28.0,0.0,2025-09-04,22
17.9,0.0,22.1,0.0,20.4,0.0,27.5,0.0,2025-09-04,23
17.3,0.0,21.7,0.0,20.2,0.0,27.1,0.0,2025-09-05,0
16.9,0.0,21.1,0.0,20.0,0.0,26.3,0.0,2025-09-05,1
16.6,0.0,20.3,0.0,19.8,0.0,25.7,0.0,2025-09-05,2
16.3,0.0,19.7,0.0,19.6,0.0,24.9,0.0,2025-09-05,3
15.9,0.0,19.0,0.0,19.3,0.0,24.4,0.0,2025-09-05,4
15.5,0.0,18.5,0.0,19.3,0.0,23.8,0.0,2025-09-05,5
15.2,0.0,17.6,0.0,19.5,0.0,22.5,0.0,2025-09-05,6
15.4,3.0,17.7,8.0,19.5,6.0,22.5,20.0,2025-09-05,7
16.3,75.0,18.7,122.0,19.7,59.0,24.0,168.0,2025-09-05,8
17.8,237.0,21.3,342.0,20.4,156.0,25.4,370.0,2025-09-05,9
20.0,466.0,24.3,547.0,21.9,339.0,27.6,563.0,2025-09-05,10
22.5,630.0,27.2,714.0,23.8,670.0,29.3,719.0,2025-09-05,11
25.2,765.0,29.9,831.0,24.4,824.0,31.0,830.0,2025-09-05,12
27.6,832.0,31.9,889.0,24.7,883.0,32.1,865.0,2025-09-05,13
29.6,837.0,32.8,881.0,24.8,867.0,32.5,825.0,2025-09-05,14
31.2,780.0,32.3,810.0,24.8,790.0,33.0,640.0,2025-09-05,15
31.7,665.0,31.4,679.0,24.5,660.0,32.9,560.0,2025-09-05,16
31.4,497.0,30.1,499.0,23.7,480.0,32.6,397.0,2025-09-05,17
29.8,322.0,28.0,294.0,22.4,269.0,31.4,250.0,2025-09-05,18
27.7,127.0,24.9,92.0,21.3,75.0,29.9,67.0,2025-09-05,19
24.7,8.0,22.8,1.0,20.9,0.0,28.4,0.0,2025-09-05,20
22.4,0.0,21.9,0.0,20.6,0.0,27.1,0.0,2025-09-05,21
20.3,0.0,21.4,0.0,20.4,0.0,26.3,0.0,2025-09-05,22
19.0,0.0,21.1,0.0,20.2,0.0,25.7,0.0,2025-09-05,23
18.1,0.0,20.8,0.0,19.9,0.0,25.1,0.0,2025-09-06,0
17.3,0.0,20.2,0.0,19.7,0.0,24.8,0.0,2025-09-06,1
16.8,0.0,19.4,0.0,19.6,0.0,24.4,0.0,2025-09-06,2
16.3,0.0,18.8,0.0,19.5,0.0,24.0,0.0,2025-09-06,3
15.8,0.0,18.2,0.0,19.4,0.0,23.4,0.0,2025-09-06,4
15.5,0.0,17.7,0.0,19.7,0.0,22.8,0.0,2025-09-06,5
15.6,0.0,17.1,0.0,18.8,0.0,21.9,0.0,2025-09-06,6
15.5,3.0,17.0,8.0,19.4,9.0,22.0,20.0,2025-09-06,7
16.6,78.0,18.4,129.0,20.1,120.0,24.6,171.0,2025-09-06,8
18.5,232.0,21.0,333.0,21.7,339.0,27.0,376.0,2025-09-06,9
20.6,456.0,24.1,535.0,23.4,547.0,28.8,569.0,2025-09-06,10
23.0,643.0,27.4,707.0,24.3,720.0,30.5,731.0,2025-09-06,11
25.3,767.0,30.5,825.0,24.6,837.0,32.1,844.0,2025-09-06,12
27.4,834.0,32.9,882.0,25.0,887.0,33.4,886.0,2025-09-06,13
29.0,840.0,33.4,872.0,25.3,872.0,34.0,879.0,2025-09-06,14
30.1,784.0,32.8,797.0,25.1,792.0,34.3,799.0,2025-09-06,15
30.4,670.0,32.4,665.0,24.8,655.0,34.3,659.0,2025-09-06,16
30.0,509.0,31.5,487.0,24.2,472.0,34.0,473.0,2025-09-06,17
28.6,314.0,29.8,282.0,23.3,263.0,33.1,259.0,2025-09-06,18
26.2,122.0,26.9,86.0,21.9,71.0,30.5,67.0,2025-09-06,19
23.5,7.0,24.5,1.0,21.2,0.0,29.0,0.0,2025-09-06,20
21.5,0.0,23.1,0.0,20.9,0.0,27.6,0.0,2025-09-06,21
20.1,0.0,22.3,0.0,20.7,0.0,26.7,0.0,2025-09-06,22
19.1,0.0,22.1,0.0,20.3,0.0,25.8,0.0,2025-09-06,23
18.4,0.0,21.8,0.0,20.1,0.0,25.0,0.0,2025-09-07,0
17.9,0.0,21.3,0.0,19.7,0.0,24.5,0.0,2025-09-07,1
17.4,0.0,20.7,0.0,19.5,0.0,24.0,0.0,2025-09-07,2
16.9,0.0,20.1,0.0,19.4,0.0,23.4,0.0,2025-09-07,3
16.5,0.0,19.5,0.0,19.3,0.0,22.6,0.0,2025-09-07,4
16.2,0.0,19.0,0.0,19.1,0.0,21.6,0.0,2025-09-07,5
15.7,0.0,18.4,0.0,19.3,0.0,22.4,0.0,2025-09-07,6
15.4,2.0,18.6,8.0,19.5,11.0,22.7,20.0,2025-09-07,7
16.4,95.0,20.7,132.0,20.8,142.0,25.5,173.0,2025-09-07,8
18.2,277.0,23.4,332.0,22.6,352.0,28.2,380.0,2025-09-07,9
20.3,469.0,26.7,529.0,25.0,553.0,30.0,575.0,2025-09-07,10
22.8,639.0,29.8,693.0,27.2,719.0,31.7,733.0,2025-09-07,11
25.3,726.0,32.3,810.0,27.7,834.0,32.7,841.0,2025-09-07,12
27.6,784.0,34.1,869.0,27.5,885.0,33.6,888.0,2025-09-07,13
29.4,789.0,34.8,863.0,27.4,869.0,34.1,868.0,2025-09-07,14
30.6,731.0,35.1,791.0,27.2,789.0,34.3,784.0,2025-09-07,15
31.3,623.0,34.9,659.0,26.7,650.0,34.3,646.0,2025-09-07,16
31.3,454.0,32.6,481.0,25.8,466.0,33.9,463.0,2025-09-07,17
30.6,288.0,29.6,274.0,24.5,257.0,33.3,253.0,2025-09-07,18
29.5,109.0,26.9,81.0,23.1,68.0,31.6,63.0,2025-09-07,19
27.6,6.0,25.2,0.0,22.4,0.0,30.6,0.0,2025-09-07,20
25.7,0.0,24.3,0.0,22.0,0.0,29.3,0.0,2025-09-07,21
24.2,0.0,23.6,0.0,21.7,0.0,28.3,0.0,2025-09-07,22
22.9,0.0,23.0,0.0,21.3,0.0,27.5,0.0,2025-09-07,23
21.7,0.0,22.7,0.0,20.8,0.0,26.2,0.0,2025-09-08,0
20.7,0.0,22.3,0.0,20.3,0.0,25.3,0.0,2025-09-08,1
19.8,0.0,21.7,0.0,20.0,0.0,24.4,0.0,2025-09-08,2
19.0,0.0,21.0,0.0,19.8,0.0,23.7,0.0,2025-09-08,3
18.5,0.0,20.4,0.0,19.5,0.0,23.3,0.0,2025-09-08,4
17.9,0.0,20.1,0.0,19.1,0.0,22.8,0.0,2025-09-08,5
17.1,0.0,18.9,0.0,18.8,0.0,22.7,0.0,2025-09-08,6
16.7,2.0,18.8,8.0,18.9,11.0,23.2,19.0,2025-09-08,7
17.8,92.0,20.3,134.0,20.6,146.0,25.8,172.0,2025-09-08,8
19.9,274.0,22.6,339.0,22.8,352.0,28.6,386.0,2025-09-08,9
22.4,463.0,25.5,542.0,25.0,553.0,30.1,589.0,2025-09-08,10
24.8,627.0,28.6,713.0,26.4,719.0,31.5,755.0,2025-09-08,11
26.5,748.0,31.0,833.0,26.8,833.0,32.7,868.0,2025-09-08,12
27.5,813.0,32.2,891.0,26.8,885.0,33.4,917.0,2025-09-08,13
28.4,815.0,32.1,881.0,26.4,871.0,33.8,900.0,2025-09-08,14
29.0,758.0,31.5,805.0,25.5,791.0,33.9,815.0,2025-09-08,15
29.0,646.0,30.1,674.0,24.8,651.0,34.1,670.0,2025-09-08,16
28.3,487.0,28.4,493.0,24.1,466.0,34.0,479.0,2025-09-08,17
27.6,291.0,25.9,281.0,22.6,256.0,33.0,262.0,2025-09-08,18
26.4,100.0,23.9,81.0,21.4,65.0,30.7,63.0,2025-09-08,19
25.2,4.0,22.3,0.0,20.9,0.0,29.3,0.0,2025-09-08,20
23.8,0.0,21.2,0.0,20.5,0.0,28.4,0.0,2025-09-08,21
22.3,0.0,20.5,0.0,20.0,0.0,27.4,0.0,2025-09-08,22
21.2,0.0,19.9,0.0,19.7,0.0,26.3,0.0,2025-09-08,23
20.6,0.0,19.6,0.0,19.8,0.0,25.4,0.0,2025-09-09,0
20.2,0.0,19.3,0.0,19.8,0.0,24.4,0.0,2025-09-09,1
20.0,0.0,19.0,0.0,19.7,0.0,23.2,0.0,2025-09-09,2
19.7,0.0,18.7,0.0,19.5,0.0,22.3,0.0,2025-09-09,3
19.4,0.0,18.6,0.0,19.1,0.0,21.6,0.0,2025-09-09,4
19.0,0.0,18.4,0.0,18.8,0.0,21.0,0.0,2025-09-09,5
19.1,0.0,17.9,0.0,18.4,0.0,21.3,0.0,2025-09-09,6
18.6,2.0,17.7,6.0,18.1,9.0,21.5,18.0,2025-09-09,7
19.0,79.0,18.6,90.0,19.0,145.0,23.8,168.0,2025-09-09,8
20.7,257.0,20.7,271.0,20.6,350.0,26.6,371.0,2025-09-09,9
22.4,438.0,22.8,492.0,21.9,547.0,28.1,579.0,2025-09-09,10
23.6,452.0,25.0,668.0,23.0,712.0,29.4,733.0,2025-09-09,11
24.7,480.0,27.0,797.0,23.9,840.0,30.9,849.0,2025-09-09,12
25.8,510.0,28.6,868.0,24.3,903.0,31.8,896.0,2025-09-09,13
26.8,606.0,29.6,860.0,24.5,887.0,32.3,875.0,2025-09-09,14
26.9,525.0,29.6,785.0,24.3,799.0,32.6,791.0,2025-09-09,15
26.5,343.0,28.4,652.0,23.9,651.0,32.3,648.0,2025-09-09,16
26.0,240.0,26.6,471.0,23.2,458.0,32.4,460.0,2025-09-09,17
25.2,168.0,24.9,263.0,21.7,255.0,31.4,249.0,2025-09-09,18
24.4,45.0,23.2,73.0,21.2,58.0,29.7,57.0,2025-09-09,19
23.1,3.0,22.1,0.0,21.0,0.0,28.4,0.0,2025-09-09,20
22.0,0.0,21.2,0.0,21.1,0.0,26.8,0.0,2025-09-09,21
21.1,0.0,20.6,0.0,21.0,0.0,25.7,0.0,2025-09-09,22
20.2,0.0,20.2,0.0,20.9,0.0,24.7,0.0,2025-09-09,23
19.5,0.0,19.9,0.0,20.6,0.0,23.6,0.0,2025-09-10,0
18.8,0.0,19.8,0.0,20.2,0.0,22.8,0.0,2025-09-10,1
18.2,0.0,19.8,0.0,19.8,0.0,21.9,0.0,2025-09-10,2
17.7,0.0,19.8,0.0,19.7,0.0,21.0,0.0,2025-09-10,3
17.3,0.0,19.9,0.0,19.6,0.0,20.4,0.0,2025-09-10,4
16.8,0.0,19.9,0.0,19.5,0.0,20.1,0.0,2025-09-10,5
16.8,0.0,19.9,0.0,18.8,0.0,20.1,0.0,2025-09-10,6
16.7,1.0,19.7,4.0,19.0,7.0,20.2,17.0,2025-09-10,7
17.5,74.0,20.1,68.0,19.6,91.0,22.5,168.0,2025-09-10,8
19.2,230.0,20.8,161.0,20.8,281.0,24.2,379.0,2025-09-10,9
21.0,398.0,21.8,256.0,22.0,513.0,25.4,574.0,2025-09-10,10
22.6,485.0,23.1,339.0,22.9,709.0,26.9,734.0,2025-09-10,11
24.5,648.0,25.7,722.0,23.1,837.0,28.3,847.0,2025-09-10,12
25.5,708.0,26.9,792.0,23.3,889.0,29.3,892.0,2025-09-10,13
26.3,683.0,27.9,841.0,23.7,873.0,29.8,871.0,2025-09-10,14
27.2,656.0,27.9,772.0,23.5,794.0,29.9,786.0,2025-09-10,15
26.4,582.0,26.9,645.0,22.9,649.0,29.7,643.0,2025-09-10,16
26.5,329.0,25.5,466.0,22.4,460.0,29.3,456.0,2025-09-10,17
25.4,254.0,23.7,256.0,21.5,251.0,28.4,246.0,2025-09-10,18
24.6,77.0,22.5,68.0,20.9,59.0,27.2,54.0,2025-09-10,19
23.6,3.0,21.8,0.0,20.7,0.0,26.1,0.0,2025-09-10,20
22.3,0.0,21.3,0.0,20.4,0.0,25.0,0.0,2025-09-10,21
21.3,0.0,20.8,0.0,20.1,0.0,23.7,0.0,2025-09-10,22
19.9,0.0,20.3,0.0,19.7,0.0,22.5,0.0,2025-09-10,23
19.0,0.0,19.9,0.0,19.4,0.0,21.7,0.0,2025-09-11,0
18.3,0.0,19.5,0.0,19.1,0.0,20.4,0.0,2025-09-11,1
17.9,0.0,19.2,0.0,18.7,0.0,19.5,0.0,2025-09-11,2
17.5,0.0,18.8,0.0,18.3,0.0,18.6,0.0,2025-09-11,3
17.2,0.0,18.4,0.0,18.1,0.0,17.8,0.0,2025-09-11,4
16.8,0.0,17.9,0.0,17.5,0.0,17.4,0.0,2025-09-11,5
16.3,0.0,17.9,0.0,17.4,0.0,17.1,0.0,2025-09-11,6
16.0,1.0,18.0,6.0,17.6,9.0,17.2,16.0,2025-09-11,7
16.9,80.0,19.4,111.0,19.3,137.0,19.3,167.0,2025-09-11,8
18.6,255.0,21.2,285.0,21.1,340.0,21.1,378.0,2025-09-11,9
20.7,433.0,23.0,440.0,22.7,537.0,22.6,576.0,2025-09-11,10
22.9,601.0,25.2,597.0,23.5,701.0,24.2,736.0,2025-09-11,11
24.9,728.0,27.2,672.0,23.5,811.0,25.9,844.0,2025-09-11,12
26.4,797.0,28.3,775.0,23.7,873.0,27.3,889.0,2025-09-11,13
28.0,793.0,27.8,797.0,23.7,858.0,28.2,866.0,2025-09-11,14
29.0,742.0,27.3,730.0,23.7,780.0,28.7,779.0,2025-09-11,15
29.3,577.0,27.0,629.0,23.3,645.0,28.8,635.0,2025-09-11,16
29.1,390.0,25.8,458.0,22.6,457.0,28.3,448.0,2025-09-11,17
28.2,240.0,24.0,249.0,21.2,243.0,27.5,238.0,2025-09-11,18
27.6,89.0,22.7,65.0,20.1,56.0,25.8,51.0,2025-09-11,19
26.9,3.0,21.8,0.0,19.7,0.0,24.5,0.0,2025-09-11,20
25.4,0.0,21.0,0.0,19.5,0.0,23.3,0.0,2025-09-11,21
23.5,0.0,20.4,0.0,19.3,0.0,21.9,0.0,2025-09-11,22
22.7,0.0,19.9,0.0,19.1,0.0,21.0,0.0,2025-09-11,23
22.4,0.0,19.6,0.0,19.1,0.0,20.6,0.0,2025-09-12,0
21.8,0.0,19.3,0.0,18.8,0.0,19.9,0.0,2025-09-12,1
21.0,0.0,19.0,0.0,17.8,0.0,19.4,0.0,2025-09-12,2
20.1,0.0,18.5,0.0,17.5,0.0,19.1,0.0,2025-09-12,3
19.5,0.0,18.2,0.0,17.3,0.0,18.5,0.0,2025-09-12,4
18.6,0.0,17.9,0.0,17.2,0.0,18.1,0.0,2025-09-12,5
18.0,0.0,18.4,0.0,17.8,0.0,18.6,0.0,2025-09-12,6
17.0,1.0,18.7,2.0,18.2,6.0,18.3,15.0,2025-09-12,7
17.8,80.0,19.1,50.0,19.1,76.0,20.6,162.0,2025-09-12,8
20.0,257.0,20.6,218.0,20.3,242.0,22.6,371.0,2025-09-12,9
22.7,444.0,22.8,423.0,21.9,429.0,24.0,568.0,2025-09-12,10
25.2,607.0,24.9,554.0,22.7,575.0,25.3,727.0,2025-09-12,11
27.4,727.0,27.0,764.0,22.8,634.0,26.6,827.0,2025-09-12,12
29.3,792.0,28.7,832.0,23.5,845.0,27.9,876.0,2025-09-12,13
30.8,795.0,30.0,824.0,23.3,852.0,29.0,855.0,2025-09-12,14
32.0,743.0,28.7,771.0,23.1,777.0,29.7,774.0,2025-09-12,15
32.4,639.0,27.0,631.0,22.6,639.0,30.0,631.0,2025-09-12,16
32.6,474.0,26.0,436.0,21.8,452.0,29.9,441.0,2025-09-12,17
31.7,275.0,24.4,235.0,20.5,239.0,30.0,217.0,2025-09-12,18
28.8,93.0,23.0,60.0,19.8,52.0,28.9,43.0,2025-09-12,19
25.9,2.0,22.0,0.0,19.6,0.0,27.5,0.0,2025-09-12,20
24.7,0.0,21.3,0.0,19.4,0.0,25.6,0.0,2025-09-12,21
22.8,0.0,20.8,0.0,19.3,0.0,24.2,0.0,2025-09-12,22
21.6,0.0,20.5,0.0,18.7,0.0,22.6,0.0,2025-09-12,23
20.9,0.0,20.2,0.0,18.2,0.0,21.9,0.0,2025-09-13,0
20.1,0.0,20.0,0.0,18.0,0.0,21.4,0.0,2025-09-13,1
19.4,0.0,19.8,0.0,17.5,0.0,20.7,0.0,2025-09-13,2
18.7,0.0,19.7,0.0,17.3,0.0,20.0,0.0,2025-09-13,3
18.2,0.0,19.6,0.0,17.1,0.0,19.6,0.0,2025-09-13,4
17.8,0.0,19.4,0.0,17.0,0.0,19.1,0.0,2025-09-13,5
16.8,0.0,19.5,0.0,17.4,0.0,19.0,0.0,2025-09-13,6
16.2,1.0,19.3,2.0,17.8,7.0,19.0,14.0,2025-09-13,7
16.8,78.0,19.5,43.0,18.9,84.0,21.9,160.0,2025-09-13,8
18.5,253.0,20.1,123.0,20.4,241.0,23.9,369.0,2025-09-13,9
20.8,443.0,21.6,305.0,21.4,321.0,25.8,566.0,2025-09-13,10
23.6,606.0,24.4,624.0,23.0,512.0,27.5,726.0,2025-09-13,11
26.3,725.0,26.8,780.0,23.8,798.0,29.0,832.0,2025-09-13,12
28.7,788.0,28.6,843.0,23.4,852.0,30.1,878.0,2025-09-13,13
30.4,791.0,29.0,838.0,23.2,847.0,30.7,851.0,2025-09-13,14
31.6,732.0,29.1,763.0,23.3,768.0,31.6,769.0,2025-09-13,15
32.1,617.0,27.8,627.0,22.9,626.0,32.0,625.0,2025-09-13,16
31.9,457.0,25.3,445.0,22.4,444.0,32.0,438.0,2025-09-13,17
29.8,269.0,22.2,239.0,20.6,192.0,31.4,229.0,2025-09-13,18
27.3,88.0,21.2,57.0,19.9,40.0,29.5,45.0,2025-09-13,19
24.7,2.0,20.9,0.0,19.6,0.0,28.7,0.0,2025-09-13,20
22.9,0.0,20.6,0.0,19.2,0.0,27.1,0.0,2025-09-13,21
21.3,0.0,20.1,0.0,19.0,0.0,25.2,0.0,2025-09-13,22
19.9,0.0,19.8,0.0,18.7,0.0,23.3,0.0,2025-09-13,23
19.0,0.0,19.7,0.0,18.5,0.0,22.3,0.0,2025-09-14,0
18.5,0.0,19.5,0.0,18.4,0.0,21.6,0.0,2025-09-14,1
18.1,0.0,19.2,0.0,17.9,0.0,21.1,0.0,2025-09-14,2
17.7,0.0,18.9,0.0,17.5,0.0,21.0,0.0,2025-09-14,3
17.4,0.0,18.4,0.0,17.3,0.0,20.5,0.0,2025-09-14,4
17.1,0.0,18.1,0.0,17.7,0.0,20.3,0.0,2025-09-14,5
16.4,0.0,18.4,0.0,18.0,0.0,21.1,0.0,2025-09-14,6
16.1,1.0,18.3,3.0,18.4,4.0,20.4,14.0,2025-09-14,7
16.8,80.0,19.1,59.0,18.9,48.0,23.1,157.0,2025-09-14,8
18.3,261.0,19.9,123.0,19.8,131.0,25.7,365.0,2025-09-14,9
20.4,453.0,21.4,251.0,21.2,296.0,28.0,562.0,2025-09-14,10
22.8,620.0,24.0,572.0,22.4,493.0,29.9,722.0,2025-09-14,11
25.3,740.0,26.3,779.0,23.2,682.0,31.3,829.0,2025-09-14,12
27.7,803.0,28.8,850.0,23.4,801.0,32.4,873.0,2025-09-14,13
29.5,803.0,30.7,840.0,23.5,834.0,33.2,851.0,2025-09-14,14
30.9,741.0,31.2,761.0,23.4,774.0,33.5,763.0,2025-09-14,15
31.8,623.0,30.0,625.0,22.9,633.0,33.4,619.0,2025-09-14,16
32.1,459.0,27.6,443.0,22.1,443.0,32.8,430.0,2025-09-14,17
31.4,273.0,24.9,238.0,20.8,211.0,31.8,220.0,2025-09-14,18
30.3,88.0,22.5,55.0,19.9,43.0,29.6,41.0,2025-09-14,19
28.6,1.0,21.1,0.0,19.5,0.0,28.3,0.0,2025-09-14,20
26.3,0.0,20.4,0.0,19.4,0.0,26.5,0.0,2025-09-14,21
23.7,0.0,20.2,0.0,19.1,0.0,25.0,0.0,2025-09-14,22
22.7,0.0,20.1,0.0,19.1,0.0,23.9,0.0,2025-09-14,23
21.9,0.0,19.8,0.0,19.2,0.0,23.2,0.0,2025-09-15,0
21.3,0.0,19.6,0.0,19.4,0.0,22.6,0.0,2025-09-15,1
20.6,0.0,19.2,0.0,19.5,0.0,22.2,0.0,2025-09-15,2
19.7,0.0,18.7,0.0,19.4,0.0,21.8,0.0,2025-09-15,3
19.0,0.0,18.4,0.0,19.0,0.0,21.3,0.0,2025-09-15,4
18.2,0.0,18.2,0.0,19.0,0.0,20.7,0.0,2025-09-15,5
17.3,0.0,18.4,0.0,19.0,0.0,20.1,0.0,2025-09-15,6
16.9,1.0,17.8,3.0,18.6,3.0,20.2,13.0,2025-09-15,7
18.1,78.0,18.6,76.0,19.3,72.0,23.5,158.0,2025-09-15,8
20.3,260.0,20.7,238.0,21.2,258.0,26.3,368.0,2025-09-15,9
23.0,451.0,23.8,494.0,22.9,516.0,28.5,566.0,2025-09-15,10
25.8,617.0,27.0,678.0,24.0,706.0,30.1,726.0,2025-09-15,11
28.6,738.0,30.2,798.0,24.2,829.0,31.5,832.0,2025-09-15,12
31.0,803.0,32.7,851.0,24.2,876.0,32.7,874.0,2025-09-15,13
32.8,805.0,33.5,833.0,24.6,851.0,33.4,850.0,2025-09-15,14
33.8,746.0,32.8,757.0,24.8,764.0,33.8,762.0,2025-09-15,15
34.3,629.0,31.6,624.0,24.8,621.0,33.5,617.0,2025-09-15,16
34.4,465.0,30.3,442.0,24.6,434.0,33.0,427.0,2025-09-15,17
33.6,271.0,28.9,236.0,23.5,223.0,32.3,216.0,2025-09-15,18
31.9,85.0,26.6,53.0,22.1,44.0,30.1,38.0,2025-09-15,19
30.5,1.0,24.6,0.0,21.5,0.0,28.9,0.0,2025-09-15,20
29.4,0.0,23.3,0.0,21.2,0.0,27.1,0.0,2025-09-15,21
28.0,0.0,22.1,0.0,20.9,0.0,25.5,0.0,2025-09-15,22
26.9,0.0,21.1,0.0,20.5,0.0,24.4,0.0,2025-09-15,23
26.0,0.0,20.4,0.0,20.4,0.0,23.4,0.0,2025-09-16,0
24.6,0.0,20.1,0.0,20.3,0.0,22.9,0.0,2025-09-16,1
23.5,0.0,19.7,0.0,20.1,0.0,22.4,0.0,2025-09-16,2
22.3,0.0,19.2,0.0,19.9,0.0,21.9,0.0,2025-09-16,3
21.3,0.0,19.0,0.0,19.6,0.0,21.4,0.0,2025-09-16,4
20.9,0.0,19.1,0.0,19.5,0.0,21.0,0.0,2025-09-16,5
19.8,0.0,18.2,0.0,18.9,0.0,21.8,0.0,2025-09-16,6
18.9,0.0,18.1,4.0,19.2,7.0,21.7,12.0,2025-09-16,7
20.0,77.0,20.4,109.0,20.9,127.0,24.0,154.0,2025-09-16,8
22.1,259.0,24.1,303.0,23.4,326.0,27.2,362.0,2025-09-16,9
25.1,450.0,27.3,439.0,25.7,521.0,29.3,559.0,2025-09-16,10
28.5,615.0,30.1,602.0,27.2,681.0,30.5,717.0,2025-09-16,11
31.4,735.0,32.2,569.0,28.5,789.0,31.8,823.0,2025-09-16,12
33.6,796.0,32.5,525.0,28.8,753.0,33.2,866.0,2025-09-16,13
35.1,796.0,34.9,774.0,29.3,804.0,34.1,841.0,2025-09-16,14
35.9,735.0,35.0,722.0,29.2,716.0,34.5,752.0,2025-09-16,15
36.4,617.0,34.5,594.0,28.3,527.0,34.3,607.0,2025-09-16,16
36.4,453.0,32.9,418.0,27.1,388.0,34.0,420.0,2025-09-16,17
35.6,261.0,29.6,209.0,26.4,98.0,33.1,211.0,2025-09-16,18
34.2,79.0,27.6,45.0,25.5,18.0,30.8,36.0,2025-09-16,19
32.3,1.0,26.2,0.0,24.4,0.0,29.2,0.0,2025-09-16,20
31.1,0.0,25.4,0.0,23.6,0.0,27.5,0.0,2025-09-16,21
29.6,0.0,23.6,0.0,23.1,0.0,25.9,0.0,2025-09-16,22
28.4,0.0,23.6,0.0,22.8,0.0,24.8,0.0,2025-09-16,23
28.1,0.0,23.4,0.0,22.0,0.0,23.9,0.0,2025-09-17,0
26.9,0.0,22.7,0.0,21.5,0.0,23.4,0.0,2025-09-17,1
26.0,0.0,22.2,0.0,21.3,0.0,22.9,0.0,2025-09-17,2
24.6,0.0,22.1,0.0,21.6,0.0,22.4,0.0,2025-09-17,3
23.2,0.0,21.9,0.0,21.5,0.0,21.8,0.0,2025-09-17,4
22.0,0.0,21.7,0.0,21.4,0.0,21.5,0.0,2025-09-17,5
20.2,0.0,22.0,0.0,21.3,0.0,21.5,0.0,2025-09-17,6
19.4,0.0,22.2,3.0,21.1,6.0,21.6,11.0,2025-09-17,7
20.6,75.0,25.9,79.0,21.9,111.0,24.9,151.0,2025-09-17,8
22.7,255.0,27.5,246.0,23.7,309.0,27.9,358.0,2025-09-17,9
25.4,446.0,28.3,352.0,25.9,419.0,29.9,556.0,2025-09-17,10
28.7,611.0,30.3,583.0,27.9,523.0,31.3,715.0,2025-09-17,11
31.9,731.0,31.8,637.0,26.9,550.0,32.6,819.0,2025-09-17,12
34.8,796.0,33.7,722.0,25.7,596.0,33.6,862.0,2025-09-17,13
36.6,799.0,33.2,742.0,23.9,295.0,34.5,838.0,2025-09-17,14
37.5,739.0,32.4,632.0,23.4,154.0,35.0,734.0,2025-09-17,15
37.8,620.0,31.2,438.0,22.8,128.0,35.0,576.0,2025-09-17,16
37.6,454.0,28.4,210.0,22.4,69.0,34.6,388.0,2025-09-17,17
36.9,259.0,23.7,93.0,21.9,20.0,33.5,202.0,2025-09-17,18
34.7,76.0,23.2,13.0,22.4,8.0,30.9,32.0,2025-09-17,19
33.6,0.0,22.2,0.0,22.2,0.0,29.4,0.0,2025-09-17,20
32.1,0.0,21.7,0.0,22.0,0.0,28.3,0.0,2025-09-17,21
30.6,0.0,21.9,0.0,21.7,0.0,27.2,0.0,2025-09-17,22
29.2,0.0,22.2,0.0,21.4,0.0,26.6,0.0,2025-09-17,23
28.3,0.0,22.6,0.0,20.9,0.0,26.1,0.0,2025-09-18,0
27.5,0.0,22.8,0.0,20.8,0.0,25.8,0.0,2025-09-18,1
26.5,0.0,22.7,0.0,21.0,0.0,25.3,0.0,2025-09-18,2
25.2,0.0,21.8,0.0,20.8,0.0,25.0,0.0,2025-09-18,3
24.3,0.0,21.4,0.0,20.4,0.0,24.7,0.0,2025-09-18,4
23.7,0.0,21.2,0.0,20.0,0.0,24.4,0.0,2025-09-18,5
22.3,0.0,21.2,0.0,20.5,0.0,24.5,0.0,2025-09-18,6
22.1,0.0,20.7,1.0,20.5,4.0,24.1,7.0,2025-09-18,7
23.1,47.0,21.1,22.0,21.5,88.0,25.9,68.0,2025-09-18,8
24.4,178.0,22.0,40.0,22.7,289.0,27.7,170.0,2025-09-18,9
26.5,362.0,23.6,168.0,22.6,338.0,27.0,173.0,2025-09-18,10
29.5,584.0,25.5,396.0,23.7,377.0,26.7,159.0,2025-09-18,11
32.2,672.0,26.4,571.0,24.4,681.0,25.4,130.0,2025-09-18,12
34.1,724.0,27.4,728.0,24.1,781.0,24.8,211.0,2025-09-18,13
35.1,759.0,24.6,394.0,24.6,710.0,24.3,203.0,2025-09-18,14
34.5,641.0,25.8,400.0,24.1,700.0,25.9,327.0,2025-09-18,15
33.2,480.0,25.6,241.0,23.5,563.0,27.0,386.0,2025-09-18,16
31.1,226.0,24.8,239.0,22.7,401.0,26.9,172.0,2025-09-18,17
29.4,171.0,25.1,175.0,23.2,163.0,25.6,147.0,2025-09-18,18
27.8,41.0,23.6,22.0,22.5,33.0,24.0,19.0,2025-09-18,19
25.9,0.0,23.0,0.0,22.1,0.0,23.3,0.0,2025-09-18,20
25.2,0.0,22.4,0.0,21.7,0.0,22.7,0.0,2025-09-18,21
24.4,0.0,22.1,0.0,21.2,0.0,21.8,0.0,2025-09-18,22
23.0,0.0,22.1,0.0,20.7,0.0,21.4,0.0,2025-09-18,23
22.4,0.0,21.9,0.0,20.5,0.0,21.5,0.0,2025-09-19,0
21.9,0.0,21.6,0.0,20.2,0.0,21.2,0.0,2025-09-19,1
22.0,0.0,21.3,0.0,20.0,0.0,20.3,0.0,2025-09-19,2
21.4,0.0,21.4,0.0,19.6,0.0,18.4,0.0,2025-09-19,3
21.0,0.0,21.1,0.0,19.4,0.0,18.5,0.0,2025-09-19,4
20.5,0.0,20.9,0.0,19.3,0.0,17.9,0.0,2025-09-19,5
20.5,0.0,20.6,0.0,19.0,0.0,18.5,0.0,2025-09-19,6
20.2,0.0,20.5,2.0,19.2,5.0,19.2,8.0,2025-09-19,7
20.3,39.0,21.0,45.0,20.6,111.0,20.6,135.0,2025-09-19,8
21.1,112.0,22.3,218.0,21.8,250.0,21.7,327.0,2025-09-19,9
22.7,253.0,23.9,375.0,22.7,350.0,22.2,431.0,2025-09-19,10
24.0,303.0,25.2,523.0,23.8,587.0,23.3,531.0,2025-09-19,11
25.0,339.0,26.3,654.0,24.5,738.0,24.3,587.0,2025-09-19,12
26.2,471.0,27.3,703.0,24.9,821.0,25.8,688.0,2025-09-19,13
28.0,668.0,27.5,747.0,24.8,808.0,26.3,713.0,2025-09-19,14
29.1,645.0,26.4,697.0,24.4,724.0,26.5,665.0,2025-09-19,15
29.3,509.0,25.7,564.0,24.1,585.0,26.5,517.0,2025-09-19,16
28.9,370.0,24.8,385.0,23.5,400.0,26.3,351.0,2025-09-19,17
26.5,141.0,23.8,202.0,22.5,196.0,25.0,151.0,2025-09-19,18
25.8,40.0,22.3,38.0,21.5,32.0,23.7,25.0,2025-09-19,19
25.2,0.0,21.5,0.0,21.1,0.0,23.0,0.0,2025-09-19,20
24.8,0.0,21.1,0.0,20.8,0.0,23.0,0.0,2025-09-19,21
24.0,0.0,20.5,0.0,20.5,0.0,22.2,0.0,2025-09-19,22
23.3,0.0,20.2,0.0,20.3,0.0,21.7,0.0,2025-09-19,23
22.6,0.0,19.7,0.0,20.3,0.0,21.1,0.0,2025-09-20,0
21.9,0.0,19.2,0.0,20.2,0.0,20.4,0.0,2025-09-20,1
21.3,0.0,19.1,0.0,20.0,0.0,20.1,0.0,2025-09-20,2
20.8,0.0,19.1,0.0,19.8,0.0,19.8,0.0,2025-09-20,3
20.3,0.0,18.9,0.0,19.6,0.0,19.7,0.0,2025-09-20,4
19.8,0.0,18.7,0.0,19.5,0.0,19.4,0.0,2025-09-20,5
18.9,0.0,18.5,0.0,19.7,0.0,19.5,0.0,2025-09-20,6
18.7,0.0,18.5,2.0,19.5,3.0,19.8,9.0,2025-09-20,7
20.0,63.0,19.0,65.0,19.8,63.0,21.5,133.0,2025-09-20,8
22.2,230.0,20.3,184.0,20.8,164.0,22.8,329.0,2025-09-20,9
24.6,413.0,22.5,436.0,22.3,345.0,24.2,515.0,2025-09-20,10
26.8,573.0,24.6,635.0,23.8,605.0,25.7,667.0,2025-09-20,11
28.6,689.0,26.3,742.0,24.7,765.0,26.9,768.0,2025-09-20,12
30.2,751.0,27.4,811.0,25.0,836.0,28.0,800.0,2025-09-20,13
31.4,750.0,27.8,795.0,25.0,819.0,28.6,769.0,2025-09-20,14
32.1,642.0,27.7,720.0,24.6,735.0,28.8,676.0,2025-09-20,15
32.4,535.0,27.1,587.0,24.0,591.0,28.7,540.0,2025-09-20,16
32.3,411.0,25.8,408.0,23.2,404.0,28.3,362.0,2025-09-20,17
31.2,226.0,23.6,208.0,21.9,196.0,28.6,180.0,2025-09-20,18
30.5,59.0,22.0,38.0,20.8,30.0,26.9,25.0,2025-09-20,19
29.5,0.0,21.1,0.0,20.4,0.0,25.9,0.0,2025-09-20,20
27.0,0.0,20.4,0.0,20.3,0.0,24.7,0.0,2025-09-20,21
25.3,0.0,19.7,0.0,20.1,0.0,23.8,0.0,2025-09-20,22
24.2,0.0,19.3,0.0,20.0,0.0,23.0,0.0,2025-09-20,23
23.3,0.0,18.8,0.0,19.9,0.0,22.4,0.0,2025-09-21,0
22.4,0.0,18.5,0.0,19.6,0.0,21.3,0.0,2025-09-21,1
21.7,0.0,18.4,0.0,19.3,0.0,20.6,0.0,2025-09-21,2
21.0,0.0,18.3,0.0,19.0,0.0,20.0,0.0,2025-09-21,3
20.5,0.0,18.2,0.0,19.1,0.0,19.3,0.0,2025-09-21,4
19.9,0.0,18.3,0.0,19.2,0.0,18.9,0.0,2025-09-21,5
18.9,0.0,17.8,0.0,18.7,0.0,19.6,0.0,2025-09-21,6
18.3,0.0,17.3,3.0,18.7,3.0,19.5,9.0,2025-09-21,7
18.6,62.0,18.5,92.0,19.0,21.0,21.6,141.0,2025-09-21,8
20.2,232.0,19.5,274.0,20.5,203.0,23.7,347.0,2025-09-21,9
22.7,415.0,21.7,432.0,22.6,277.0,25.3,542.0,2025-09-21,10
25.6,574.0,24.1,643.0,26.9,543.0,26.9,700.0,2025-09-21,11
28.6,690.0,24.2,499.0,23.5,631.0,28.2,804.0,2025-09-21,12
31.0,751.0,24.3,370.0,23.8,525.0,29.6,849.0,2025-09-21,13
32.6,747.0,25.2,513.0,24.9,318.0,30.6,784.0,2025-09-21,14
33.6,690.0,26.7,716.0,25.5,657.0,30.2,476.0,2025-09-21,15
34.1,577.0,26.9,573.0,24.3,434.0,29.8,368.0,2025-09-21,16
34.1,410.0,27.2,392.0,23.4,126.0,29.1,191.0,2025-09-21,17
33.6,219.0,25.0,148.0,23.4,35.0,28.6,137.0,2025-09-21,18
32.4,56.0,22.9,27.0,22.5,8.0,27.2,18.0,2025-09-21,19
30.3,0.0,21.6,0.0,22.0,0.0,26.3,0.0,2025-09-21,20
27.4,0.0,21.4,0.0,21.6,0.0,24.6,0.0,2025-09-21,21
26.5,0.0,20.8,0.0,20.9,0.0,23.6,0.0,2025-09-21,22
25.9,0.0,20.1,0.0,20.7,0.0,23.1,0.0,2025-09-21,23
25.1,0.0,19.4,0.0,20.7,0.0,22.8,0.0,2025-09-22,0
24.1,0.0,19.0,0.0,20.6,0.0,21.3,0.0,2025-09-22,1
23.2,0.0,18.6,0.0,20.3,0.0,20.5,0.0,2025-09-22,2
22.4,0.0,18.2,0.0,20.1,0.0,19.9,0.0,2025-09-22,3
21.5,0.0,18.0,0.0,20.0,0.0,19.9,0.0,2025-09-22,4
20.9,0.0,17.9,0.0,19.8,0.0,19.5,0.0,2025-09-22,5
20.1,0.0,18.4,0.0,19.8,0.0,19.5,0.0,2025-09-22,6
19.6,0.0,18.8,2.0,19.4,3.0,19.2,8.0,2025-09-22,7
20.8,62.0,19.6,52.0,19.6,36.0,21.4,136.0,2025-09-22,8
22.6,234.0,20.6,173.0,19.9,53.0,22.8,303.0,2025-09-22,9
25.0,421.0,22.7,347.0,21.7,279.0,24.4,468.0,2025-09-22,10
27.6,583.0,25.1,652.0,23.6,568.0,25.8,599.0,2025-09-22,11
30.0,703.0,27.0,761.0,24.5,663.0,27.5,703.0,2025-09-22,12
32.2,766.0,28.6,807.0,24.8,769.0,29.1,746.0,2025-09-22,13
34.1,767.0,29.9,789.0,24.8,779.0,30.1,684.0,2025-09-22,14
35.4,705.0,30.0,706.0,23.9,699.0,31.0,641.0,2025-09-22,15
36.1,587.0,28.6,562.0,23.4,558.0,31.5,561.0,2025-09-22,16
36.2,423.0,26.9,383.0,23.0,374.0,31.2,383.0,2025-09-22,17
34.8,231.0,25.1,151.0,22.5,177.0,30.4,178.0,2025-09-22,18
32.8,56.0,23.7,29.0,21.7,14.0,27.5,21.0,2025-09-22,19
32.0,0.0,22.4,0.0,21.4,0.0,26.1,0.0,2025-09-22,20
31.0,0.0,21.5,0.0,21.0,0.0,25.2,0.0,2025-09-22,21
29.3,0.0,20.5,0.0,20.8,0.0,24.3,0.0,2025-09-22,22
27.7,0.0,20.1,0.0,20.6,0.0,23.3,0.0,2025-09-22,23
26.2,0.0,19.9,0.0,20.2,0.0,22.4,0.0,2025-09-23,0
25.7,0.0,19.8,0.0,20.3,0.0,21.9,0.0,2025-09-23,1
24.7,0.0,19.9,0.0,19.6,0.0,21.5,0.0,2025-09-23,2
23.6,0.0,19.7,0.0,19.3,0.0,20.8,0.0,2025-09-23,3
22.8,0.0,19.6,0.0,19.2,0.0,20.0,0.0,2025-09-23,4
21.7,0.0,19.7,0.0,19.0,0.0,19.6,0.0,2025-09-23,5
20.4,0.0,19.0,0.0,18.5,0.0,19.9,0.0,2025-09-23,6
19.8,0.0,19.1,2.0,18.3,4.0,20.1,7.0,2025-09-23,7
21.2,61.0,20.6,91.0,19.6,101.0,22.9,134.0,2025-09-23,8
23.4,236.0,22.8,237.0,21.5,280.0,24.7,338.0,2025-09-23,9
26.4,424.0,25.9,371.0,23.2,458.0,26.4,533.0,2025-09-23,10
29.5,587.0,28.9,453.0,24.4,610.0,27.8,688.0,2025-09-23,11
32.2,703.0,30.9,630.0,25.0,738.0,29.4,790.0,2025-09-23,12
34.4,765.0,32.5,724.0,24.9,791.0,30.6,830.0,2025-09-23,13
36.1,764.0,31.7,546.0,24.5,775.0,31.9,804.0,2025-09-23,14
37.2,701.0,29.9,650.0,23.7,674.0,32.8,714.0,2025-09-23,15
37.7,581.0,29.0,518.0,23.3,540.0,32.9,568.0,2025-09-23,16
38.0,416.0,26.3,356.0,22.9,363.0,32.7,379.0,2025-09-23,17
37.4,225.0,25.0,148.0,22.4,168.0,31.8,173.0,2025-09-23,18
35.1,53.0,24.3,21.0,21.4,22.0,29.6,19.0,2025-09-23,19
34.0,0.0,23.8,0.0,21.0,0.0,27.6,0.0,2025-09-23,20
32.1,0.0,23.2,0.0,20.9,0.0,26.6,0.0,2025-09-23,21
31.3,0.0,22.5,0.0,20.7,0.0,25.5,0.0,2025-09-23,22
30.3,0.0,22.5,0.0,20.4,0.0,24.9,0.0,2025-09-23,23
28.3,0.0,21.7,0.0,20.0,0.0,24.1,0.0,2025-09-24,0
26.5,0.0,21.1,0.0,19.8,0.0,23.8,0.0,2025-09-24,1
24.6,0.0,21.2,0.0,19.6,0.0,23.6,0.0,2025-09-24,2
22.3,0.0,21.0,0.0,19.5,0.0,23.3,0.0,2025-09-24,3
21.0,0.0,20.9,0.0,19.3,0.0,22.7,0.0,2025-09-24,4
20.2,0.0,20.9,0.0,19.2,0.0,22.8,0.0,2025-09-24,5
19.8,0.0,20.9,0.0,18.9,0.0,22.1,0.0,2025-09-24,6
19.4,0.0,20.7,2.0,19.0,4.0,22.3,7.0,2025-09-24,7
19.6,58.0,21.3,63.0,19.5,100.0,23.8,130.0,2025-09-24,8
21.4,227.0,23.2,202.0,21.2,275.0,24.9,331.0,2025-09-24,9
24.0,411.0,25.5,415.0,23.1,482.0,26.0,523.0,2025-09-24,10
26.9,569.0,27.8,611.0,24.6,642.0,27.5,678.0,2025-09-24,11
28.9,641.0,29.6,725.0,25.2,751.0,29.1,780.0,2025-09-24,12
29.9,745.0,30.5,778.0,25.5,798.0,30.8,820.0,2025-09-24,13
31.0,692.0,30.7,763.0,25.5,778.0,32.9,793.0,2025-09-24,14
32.4,686.0,30.1,685.0,25.3,693.0,34.4,697.0,2025-09-24,15
31.0,507.0,29.3,550.0,25.1,552.0,34.4,550.0,2025-09-24,16
28.0,165.0,27.8,372.0,24.2,368.0,33.8,366.0,2025-09-24,17
29.8,163.0,25.4,180.0,22.3,170.0,32.2,165.0,2025-09-24,18
26.6,24.0,23.8,27.0,21.1,21.0,30.6,17.0,2025-09-24,19
25.6,0.0,23.3,0.0,20.5,0.0,29.3,0.0,2025-09-24,20
24.9,0.0,22.7,0.0,20.2,0.0,28.6,0.0,2025-09-24,21
23.9,0.0,22.1,0.0,19.8,0.0,27.3,0.0,2025-09-24,22
23.7,0.0,21.5,0.0,19.4,0.0,26.2,0.0,2025-09-24,23
23.2,0.0,21.0,0.0,19.0,0.0,25.7,0.0,2025-09-25,0
23.2,0.0,20.5,0.0,18.8,0.0,25.3,0.0,2025-09-25,1
22.6,0.0,20.1,0.0,18.9,0.0,25.1,0.0,2025-09-25,2
21.9,0.0,19.8,0.0,19.0,0.0,24.6,0.0,2025-09-25,3
21.6,0.0,19.4,0.0,19.0,0.0,23.8,0.0,2025-09-25,4
21.2,0.0,19.3,0.0,19.0,0.0,23.6,0.0,2025-09-25,5
21.5,0.0,18.5,0.0,18.3,0.0,23.4,0.0,2025-09-25,6
21.4,0.0,18.3,1.0,18.1,3.0,23.4,5.0,2025-09-25,7
21.5,19.0,18.9,71.0,18.3,64.0,25.6,111.0,2025-09-25,8
22.1,125.0,20.8,221.0,19.6,208.0,27.1,281.0,2025-09-25,9
23.6,231.0,23.2,432.0,21.0,335.0,27.7,449.0,2025-09-25,10
26.6,514.0,25.3,598.0,22.5,514.0,28.8,602.0,2025-09-25,11
28.9,656.0,27.4,719.0,23.5,733.0,29.7,658.0,2025-09-25,12
30.8,691.0,29.0,779.0,23.8,797.0,31.3,762.0,2025-09-25,13
32.2,745.0,29.4,765.0,23.8,775.0,32.4,695.0,2025-09-25,14
32.9,675.0,29.2,688.0,23.9,689.0,32.3,653.0,2025-09-25,15
33.0,560.0,27.4,549.0,23.3,547.0,31.8,517.0,2025-09-25,16
32.2,392.0,26.0,371.0,22.5,362.0,31.3,362.0,2025-09-25,17
30.2,204.0,22.8,174.0,20.5,161.0,30.2,160.0,2025-09-25,18
26.3,44.0,20.9,24.0,19.8,19.0,28.5,15.0,2025-09-25,19
23.4,0.0,19.8,0.0,19.6,0.0,27.5,0.0,2025-09-25,20
21.6,0.0,19.5,0.0,19.7,0.0,26.3,0.0,2025-09-25,21
20.2,0.0,19.3,0.0,19.6,0.0,24.8,0.0,2025-09-25,22
19.3,0.0,19.1,0.0,19.4,0.0,23.4,0.0,2025-09-25,23
18.7,0.0,19.2,0.0,18.6,0.0,23.2,0.0,2025-09-26,0
18.2,0.0,19.0,0.0,18.1,0.0,22.2,0.0,2025-09-26,1
17.6,0.0,19.1,0.0,17.8,0.0,21.3,0.0,2025-09-26,2
17.1,0.0,19.1,0.0,17.9,0.0,20.5,0.0,2025-09-26,3
16.7,0.0,19.1,0.0,17.8,0.0,20.0,0.0,2025-09-26,4
16.3,0.0,19.2,0.0,17.4,0.0,19.9,0.0,2025-09-26,5
15.5,0.0,19.3,0.0,17.9,0.0,19.7,0.0,2025-09-26,6
15.4,0.0,19.4,1.0,17.8,3.0,19.6,6.0,2025-09-26,7
16.0,54.0,19.6,27.0,18.8,90.0,21.5,124.0,2025-09-26,8
17.9,222.0,20.3,77.0,20.3,253.0,22.9,317.0,2025-09-26,9
20.7,409.0,21.2,185.0,21.4,365.0,24.7,479.0,2025-09-26,10
23.8,572.0,22.0,231.0,21.3,307.0,26.4,589.0,2025-09-26,11
26.9,690.0,24.1,456.0,21.4,330.0,27.5,710.0,2025-09-26,12
29.4,751.0,25.7,520.0,21.8,398.0,28.8,633.0,2025-09-26,13
31.5,750.0,27.0,516.0,22.1,474.0,28.0,578.0,2025-09-26,14
33.4,687.0,27.6,584.0,21.7,383.0,29.0,469.0,2025-09-26,15
34.4,566.0,26.4,486.0,21.8,349.0,30.4,503.0,2025-09-26,16
34.6,399.0,24.9,332.0,21.5,249.0,28.1,252.0,2025-09-26,17
32.3,208.0,22.3,140.0,19.8,112.0,26.7,113.0,2025-09-26,18
29.7,43.0,21.6,15.0,19.2,11.0,25.4,10.0,2025-09-26,19
28.2,0.0,21.5,0.0,19.2,0.0,24.5,0.0,2025-09-26,20
26.2,0.0,20.9,0.0,19.1,0.0,23.8,0.0,2025-09-26,21
24.5,0.0,20.4,0.0,18.9,0.0,23.2,0.0,2025-09-26,22
23.4,0.0,19.9,0.0,18.4,0.0,22.0,0.0,2025-09-26,23
22.5,0.0,19.7,0.0,18.0,0.0,22.0,0.0,2025-09-27,0
21.7,0.0,19.6,0.0,17.7,0.0,21.7,0.0,2025-09-27,1
20.8,0.0,19.5,0.0,17.3,0.0,20.2,0.0,2025-09-27,2
19.9,0.0,19.4,0.0,17.0,0.0,19.7,0.0,2025-09-27,3
19.4,0.0,19.4,0.0,16.8,0.0,19.4,0.0,2025-09-27,4
19.1,0.0,19.3,0.0,16.7,0.0,19.4,0.0,2025-09-27,5
18.3,0.0,19.5,0.0,18.3,0.0,18.1,0.0,2025-09-27,6
17.6,0.0,19.4,0.0,18.4,2.0,18.3,5.0,2025-09-27,7
18.1,52.0,19.7,30.0,19.2,58.0,20.1,112.0,2025-09-27,8
19.6,219.0,20.2,89.0,20.9,221.0,21.6,309.0,2025-09-27,9
22.2,402.0,21.3,171.0,22.8,457.0,23.6,495.0,2025-09-27,10
25.3,560.0,22.4,253.0,23.5,451.0,24.9,576.0,2025-09-27,11
27.4,673.0,23.9,391.0,23.2,608.0,25.4,629.0,2025-09-27,12
28.5,729.0,25.6,476.0,23.4,778.0,25.6,624.0,2025-09-27,13
29.3,725.0,26.1,406.0,23.7,750.0,26.2,595.0,2025-09-27,14
28.8,660.0,26.9,542.0,23.1,562.0,26.7,513.0,2025-09-27,15
27.9,541.0,26.3,484.0,22.8,483.0,26.6,380.0,2025-09-27,16
26.7,378.0,24.9,326.0,22.3,317.0,27.0,205.0,2025-09-27,17
25.4,195.0,23.1,153.0,20.9,147.0,26.6,120.0,2025-09-27,18
22.7,38.0,22.2,17.0,20.2,15.0,24.9,11.0,2025-09-27,19
20.7,0.0,21.4,0.0,19.8,0.0,23.6,0.0,2025-09-27,20
19.5,0.0,20.8,0.0,19.4,0.0,22.7,0.0,2025-09-27,21
18.7,0.0,20.5,0.0,19.1,0.0,22.5,0.0,2025-09-27,22
18.1,0.0,20.0,0.0,18.8,0.0,21.5,0.0,2025-09-27,23
17.8,0.0,19.6,0.0,18.6,0.0,20.8,0.0,2025-09-28,0
17.7,0.0,19.4,0.0,18.3,0.0,20.3,0.0,2025-09-28,1
17.5,0.0,19.1,0.0,17.8,0.0,19.6,0.0,2025-09-28,2
17.2,0.0,18.6,0.0,17.4,0.0,19.2,0.0,2025-09-28,3
16.9,0.0,18.3,0.0,17.3,0.0,18.8,0.0,2025-09-28,4
16.6,0.0,18.1,0.0,17.1,0.0,18.3,0.0,2025-09-28,5
17.0,0.0,20.5,0.0,17.8,0.0,18.0,0.0,2025-09-28,6
16.9,0.0,20.4,1.0,17.9,2.0,17.9,4.0,2025-09-28,7
17.6,45.0,20.8,41.0,19.6,85.0,20.1,113.0,2025-09-28,8
19.1,186.0,21.6,174.0,21.3,216.0,21.7,307.0,2025-09-28,9
20.6,306.0,22.6,242.0,22.9,417.0,23.1,489.0,2025-09-28,10
22.1,415.0,23.6,285.0,22.9,343.0,24.7,621.0,2025-09-28,11
23.8,579.0,25.3,464.0,23.8,504.0,25.7,655.0,2025-09-28,12
24.2,526.0,26.9,568.0,24.0,652.0,26.0,539.0,2025-09-28,13
24.9,559.0,27.9,620.0,23.7,740.0,27.1,750.0,2025-09-28,14
25.3,531.0,27.3,642.0,23.3,655.0,27.8,638.0,2025-09-28,15
25.3,453.0,26.0,515.0,23.2,513.0,27.8,471.0,2025-09-28,16
25.4,337.0,24.9,336.0,22.5,322.0,27.6,308.0,2025-09-28,17
22.6,172.0,23.1,151.0,21.8,145.0,24.7,123.0,2025-09-28,18
21.7,34.0,21.7,18.0,21.0,14.0,23.9,9.0,2025-09-28,19
21.0,0.0,21.3,0.0,20.7,0.0,22.9,0.0,2025-09-28,20
20.2,0.0,21.0,0.0,20.4,0.0,22.1,0.0,2025-09-28,21
19.6,0.0,20.5,0.0,20.1,0.0,21.6,0.0,2025-09-28,22
19.3,0.0,20.0,0.0,19.7,0.0,20.8,0.0,2025-09-28,23
18.9,0.0,19.6,0.0,19.2,0.0,20.4,0.0,2025-09-29,0
18.4,0.0,19.1,0.0,18.7,0.0,20.0,0.0,2025-09-29,1
18.3,0.0,18.7,0.0,18.5,0.0,19.7,0.0,2025-09-29,2
18.2,0.0,18.3,0.0,18.3,0.0,19.3,0.0,2025-09-29,3
18.2,0.0,18.1,0.0,18.1,0.0,18.7,0.0,2025-09-29,4
18.1,0.0,17.8,0.0,17.8,0.0,18.3,0.0,2025-09-29,5
19.1,0.0,17.4,0.0,16.9,0.0,18.8,0.0,2025-09-29,6
18.9,0.0,17.1,1.0,16.9,2.0,18.1,4.0,2025-09-29,7
19.0,13.0,18.6,79.0,18.3,86.0,20.2,113.0,2025-09-29,8
19.4,58.0,20.7,253.0,20.6,256.0,21.8,305.0,2025-09-29,9
20.4,168.0,22.7,440.0,22.4,434.0,23.6,490.0,2025-09-29,10
22.2,432.0,24.9,600.0,23.6,463.0,25.2,644.0,2025-09-29,11
24.3,525.0,26.7,683.0,24.2,669.0,27.0,762.0,2025-09-29,12
24.9,406.0,27.9,754.0,23.9,771.0,28.4,781.0,2025-09-29,13
24.4,245.0,27.8,740.0,24.1,742.0,29.2,728.0,2025-09-29,14
23.5,175.0,26.9,660.0,24.2,660.0,29.0,613.0,2025-09-29,15
24.0,367.0,25.8,524.0,23.5,519.0,29.1,478.0,2025-09-29,16
23.7,207.0,24.6,346.0,22.7,335.0,28.5,275.0,2025-09-29,17
22.9,117.0,21.9,156.0,21.3,142.0,27.1,126.0,2025-09-29,18
21.7,24.0,21.1,17.0,20.6,13.0,25.4,8.0,2025-09-29,19
20.9,0.0,20.5,0.0,20.2,0.0,24.8,0.0,2025-09-29,20
20.1,0.0,19.9,0.0,19.8,0.0,24.0,0.0,2025-09-29,21
19.5,0.0,19.5,0.0,19.5,0.0,23.8,0.0,2025-09-29,22
18.4,0.0,19.1,0.0,19.7,0.0,23.2,0.0,2025-09-29,23
18.1,0.0,19.1,0.0,19.7,0.0,22.7,0.0,2025-09-30,0
17.5,0.0,18.9,0.0,19.6,0.0,22.6,0.0,2025-09-30,1
17.7,0.0,18.4,0.0,19.5,0.0,22.2,0.0,2025-09-30,2
17.3,0.0,18.7,0.0,19.2,0.0,21.9,0.0,2025-09-30,3
16.9,0.0,18.8,0.0,18.5,0.0,21.3,0.0,2025-09-30,4
16.7,0.0,18.7,0.0,17.8,0.0,21.2,0.0,2025-09-30,5
16.7,0.0,18.5,0.0,17.6,0.0,20.3,0.0,2025-09-30,6
16.7,0.0,18.4,0.0,17.4,2.0,19.6,4.0,2025-09-30,7
17.1,38.0,18.8,43.0,18.7,77.0,21.2,111.0,2025-09-30,8
18.7,190.0,20.2,200.0,20.4,234.0,23.2,311.0,2025-09-30,9
20.3,336.0,21.8,379.0,21.9,421.0,24.6,504.0,2025-09-30,10
21.9,491.0,23.4,472.0,23.0,605.0,25.9,660.0,2025-09-30,11
23.2,526.0,24.5,520.0,23.4,703.0,27.0,761.0,2025-09-30,12
24.7,665.0,25.6,623.0,23.5,777.0,27.8,798.0,2025-09-30,13
25.6,639.0,26.2,699.0,23.7,758.0,28.3,770.0,2025-09-30,14
25.1,393.0,25.7,639.0,23.6,670.0,28.4,678.0,2025-09-30,15
23.7,261.0,24.7,524.0,23.1,523.0,28.1,531.0,2025-09-30,16
23.6,190.0,24.1,345.0,22.2,338.0,27.7,342.0,2025-09-30,17
22.1,23.0,22.7,151.0,20.9,141.0,26.6,141.0,2025-09-30,18
21.2,3.0,21.3,16.0,20.0,12.0,25.1,9.0,2025-09-30,19
20.8,0.0,20.6,0.0,19.7,0.0,24.3,0.0,2025-09-30,20
20.4,0.0,19.9,0.0,19.3,0.0,23.3,0.0,2025-09-30,21
19.9,0.0,19.5,0.0,19.1,0.0,22.2,0.0,2025-09-30,22
19.7,0.0,19.2,0.0,18.4,0.0,20.7,0.0,2025-09-30,23
19.2,0.0,19.2,0.0,18.0,0.0,20.5,0.0,2025-10-01,0
18.8,0.0,18.8,0.0,17.6,0.0,19.5,0.0,2025-10-01,1
18.6,0.0,18.3,0.0,17.6,0.0,18.5,0.0,2025-10-01,2
18.5,0.0,18.0,0.0,17.1,0.0,17.8,0.0,2025-10-01,3
18.1,0.0,17.9,0.0,16.6,0.0,17.2,0.0,2025-10-01,4
17.3,0.0,17.0,0.0,16.3,0.0,16.4,0.0,2025-10-01,5
17.1,0.0,16.7,0.0,15.5,0.0,16.5,0.0,2025-10-01,6
17.0,0.0,16.5,1.0,15.5,2.0,16.2,4.0,2025-10-01,7
17.0,10.0,18.0,77.0,17.1,85.0,18.1,115.0,2025-10-01,8
17.2,32.0,20.0,257.0,19.7,262.0,19.5,315.0,2025-10-01,9
18.6,126.0,22.0,436.0,22.0,457.0,21.0,507.0,2025-10-01,10
19.6,293.0,23.6,592.0,23.0,615.0,23.2,661.0,2025-10-01,11
21.3,400.0,25.7,701.0,23.8,721.0,25.2,761.0,2025-10-01,12
21.9,282.0,27.0,754.0,24.1,764.0,27.1,799.0,2025-10-01,13
23.1,358.0,27.4,734.0,24.2,744.0,28.3,770.0,2025-10-01,14
24.1,431.0,26.9,654.0,24.0,658.0,28.9,675.0,2025-10-01,15
24.4,394.0,25.7,516.0,23.6,515.0,29.0,525.0,2025-10-01,16
24.5,140.0,24.2,337.0,22.6,331.0,28.6,336.0,2025-10-01,17
24.2,139.0,22.5,145.0,21.4,138.0,26.9,134.0,2025-10-01,18
22.2,27.0,21.2,14.0,20.2,11.0,24.9,7.0,2025-10-01,19
21.6,0.0,20.4,0.0,19.6,0.0,23.7,0.0,2025-10-01,20
20.7,0.0,19.9,0.0,19.4,0.0,22.7,0.0,2025-10-01,21
19.9,0.0,19.4,0.0,19.1,0.0,21.8,0.0,2025-10-01,22
19.1,0.0,19.0,0.0,18.5,0.0,20.1,0.0,2025-10-01,23
19.6,0.0,18.6,0.0,17.8,0.0,20.6,0.0,2025-10-02,0
19.7,0.0,18.1,0.0,17.2,0.0,20.5,0.0,2025-10-02,1
19.7,0.0,17.8,0.0,16.7,0.0,20.4,0.0,2025-10-02,2
19.0,0.0,17.2,0.0,16.3,0.0,19.9,0.0,2025-10-02,3
18.5,0.0,16.8,0.0,15.7,0.0,19.2,0.0,2025-10-02,4
18.1,0.0,16.3,0.0,15.6,0.0,18.5,0.0,2025-10-02,5
18.1,0.0,15.9,0.0,15.5,0.0,17.8,0.0,2025-10-02,6
18.1,0.0,15.6,1.0,15.6,1.0,17.5,3.0,2025-10-02,7
18.1,12.0,17.2,75.0,15.9,56.0,20.1,113.0,2025-10-02,8
18.3,32.0,19.1,252.0,18.5,218.0,23.0,313.0,2025-10-02,9
18.3,45.0,21.5,442.0,21.1,446.0,25.4,504.0,2025-10-02,10
18.1,90.0,23.4,600.0,22.4,610.0,27.4,657.0,2025-10-02,11
19.3,189.0,25.6,707.0,23.3,708.0,29.2,756.0,2025-10-02,12
20.4,335.0,26.9,691.0,23.6,762.0,30.1,793.0,2025-10-02,13
21.6,451.0,27.9,728.0,23.6,744.0,30.4,763.0,2025-10-02,14
22.5,466.0,27.8,645.0,23.7,656.0,30.6,669.0,2025-10-02,15
22.5,344.0,26.9,509.0,23.3,509.0,30.5,521.0,2025-10-02,16
22.2,237.0,24.9,329.0,22.3,322.0,29.9,333.0,2025-10-02,17
21.5,87.0,23.2,138.0,21.2,132.0,28.4,130.0,2025-10-02,18
20.0,18.0,22.2,13.0,20.2,10.0,26.2,6.0,2025-10-02,19
18.3,0.0,21.5,0.0,19.6,0.0,25.3,0.0,2025-10-02,20
17.4,0.0,20.6,0.0,19.0,0.0,24.3,0.0,2025-10-02,21
16.8,0.0,19.9,0.0,18.6,0.0,23.6,0.0,2025-10-02,22
16.8,0.0,19.8,0.0,18.2,0.0,23.0,0.0,2025-10-02,23
16.4,0.0,19.4,0.0,17.8,0.0,22.9,0.0,2025-10-03,0
15.4,0.0,19.0,0.0,17.5,0.0,22.0,0.0,2025-10-03,1
14.3,0.0,18.7,0.0,17.4,0.0,21.3,0.0,2025-10-03,2
14.6,0.0,18.4,0.0,17.3,0.0,20.4,0.0,2025-10-03,3
14.0,0.0,18.2,0.0,17.0,0.0,19.8,0.0,2025-10-03,4
14.4,0.0,18.2,0.0,17.0,0.0,20.1,0.0,2025-10-03,5
14.2,0.0,17.9,0.0,16.5,0.0,19.6,0.0,2025-10-03,6
13.8,0.0,17.9,0.0,17.2,1.0,19.3,3.0,2025-10-03,7
14.5,23.0,18.6,45.0,18.1,39.0,20.6,108.0,2025-10-03,8
15.5,148.0,20.0,135.0,19.7,153.0,21.7,302.0,2025-10-03,9
16.6,268.0,20.6,144.0,21.8,415.0,22.7,494.0,2025-10-03,10
17.7,287.0,21.4,228.0,22.4,492.0,24.1,652.0,2025-10-03,11
19.2,454.0,23.1,463.0,23.1,608.0,24.6,755.0,2025-10-03,12
19.9,429.0,25.0,612.0,23.1,579.0,25.3,794.0,2025-10-03,13
19.1,347.0,25.9,652.0,22.9,508.0,25.7,764.0,2025-10-03,14
20.1,465.0,25.6,657.0,22.9,557.0,25.5,674.0,2025-10-03,15
20.6,462.0,24.3,512.0,22.8,495.0,25.0,524.0,2025-10-03,16
21.1,331.0,23.5,319.0,21.1,320.0,23.8,333.0,2025-10-03,17
20.3,160.0,22.5,122.0,20.5,125.0,21.9,131.0,2025-10-03,18
18.8,23.0,21.0,11.0,19.9,8.0,20.4,6.0,2025-10-03,19
17.9,0.0,20.0,0.0,19.5,0.0,16.5,0.0,2025-10-03,20
17.2,0.0,19.3,0.0,18.9,0.0,16.5,0.0,2025-10-03,21
16.5,0.0,19.0,0.0,18.3,0.0,15.9,0.0,2025-10-03,22
16.3,0.0,18.5,0.0,17.4,0.0,15.4,0.0,2025-10-03,23
15.5,0.0,17.9,0.0,17.0,0.0,15.5,0.0,2025-10-04,0
15.1,0.0,18.7,0.0,16.9,0.0,15.1,0.0,2025-10-04,1
15.0,0.0,17.9,0.0,16.3,0.0,14.9,0.0,2025-10-04,2
14.7,0.0,16.7,0.0,16.0,0.0,14.4,0.0,2025-10-04,3
14.0,0.0,15.8,0.0,15.6,0.0,14.1,0.0,2025-10-04,4
13.3,0.0,15.1,0.0,16.4,0.0,12.6,0.0,2025-10-04,5
12.7,0.0,15.5,0.0,15.4,0.0,13.0,0.0,2025-10-04,6
12.2,0.0,15.3,0.0,15.0,1.0,12.7,2.0,2025-10-04,7
13.2,38.0,16.5,69.0,16.1,85.0,14.6,107.0,2025-10-04,8
14.7,182.0,18.3,240.0,18.5,268.0,17.0,305.0,2025-10-04,9
16.8,370.0,20.1,413.0,20.2,457.0,19.3,497.0,2025-10-04,10
18.6,532.0,21.9,547.0,21.8,615.0,21.1,652.0,2025-10-04,11
20.1,644.0,23.6,676.0,22.8,723.0,22.5,753.0,2025-10-04,12
21.5,702.0,25.4,738.0,23.3,768.0,23.7,791.0,2025-10-04,13
22.6,697.0,26.7,730.0,23.4,745.0,24.3,763.0,2025-10-04,14
23.5,631.0,27.3,650.0,23.3,656.0,24.9,666.0,2025-10-04,15
23.8,511.0,25.9,509.0,22.8,509.0,24.9,515.0,2025-10-04,16
24.4,345.0,23.7,328.0,21.6,322.0,24.2,325.0,2025-10-04,17
22.7,164.0,22.3,135.0,20.7,125.0,23.2,122.0,2025-10-04,18
20.3,22.0,20.9,11.0,19.9,8.0,21.9,5.0,2025-10-04,19
19.9,0.0,19.9,0.0,19.2,0.0,20.7,0.0,2025-10-04,20
18.7,0.0,19.2,0.0,18.5,0.0,19.5,0.0,2025-10-04,21
18.0,0.0,18.6,0.0,18.0,0.0,18.5,0.0,2025-10-04,22
16.8,0.0,18.2,0.0,17.6,0.0,16.6,0.0,2025-10-04,23
16.8,0.0,17.8,0.0,17.0,0.0,16.4,0.0,2025-10-05,0
16.3,0.0,17.6,0.0,16.5,0.0,15.8,0.0,2025-10-05,1
15.8,0.0,17.2,0.0,16.1,0.0,15.5,0.0,2025-10-05,2
15.0,0.0,16.9,0.0,15.6,0.0,15.0,0.0,2025-10-05,3
14.4,0.0,16.4,0.0,15.0,0.0,14.5,0.0,2025-10-05,4
14.2,0.0,16.9,0.0,14.9,0.0,13.9,0.0,2025-10-05,5
13.2,0.0,15.8,0.0,14.5,0.0,13.5,0.0,2025-10-05,6
13.0,0.0,15.3,0.0,14.4,1.0,13.3,2.0,2025-10-05,7
13.7,37.0,17.0,70.0,15.9,80.0,15.6,105.0,2025-10-05,8
15.2,191.0,19.0,246.0,18.4,256.0,17.9,302.0,2025-10-05,9
17.1,373.0,20.9,435.0,20.4,448.0,19.5,492.0,2025-10-05,10
19.5,531.0,22.5,594.0,21.4,610.0,20.9,646.0,2025-10-05,11
21.5,644.0,24.7,700.0,22.5,704.0,22.4,744.0,2025-10-05,12
23.0,700.0,26.4,747.0,22.8,754.0,23.7,781.0,2025-10-05,13
24.2,695.0,27.5,727.0,22.6,729.0,24.8,752.0,2025-10-05,14
25.0,628.0,27.5,643.0,22.4,640.0,25.6,658.0,2025-10-05,15
25.4,506.0,26.8,504.0,21.9,496.0,26.0,509.0,2025-10-05,16
25.6,342.0,25.2,325.0,20.5,311.0,25.7,318.0,2025-10-05,17
23.9,159.0,22.4,133.0,19.7,120.0,24.7,118.0,2025-10-05,18
21.8,20.0,20.4,10.0,19.2,7.0,23.0,4.0,2025-10-05,19
20.5,0.0,19.6,0.0,18.9,0.0,21.8,0.0,2025-10-05,20
20.0,0.0,19.1,0.0,18.6,0.0,20.6,0.0,2025-10-05,21
19.1,0.0,18.8,0.0,18.1,0.0,19.6,0.0,2025-10-05,22
18.2,0.0,18.6,0.0,17.7,0.0,17.5,0.0,2025-10-05,23
16.8,0.0,18.2,0.0,17.0,0.0,17.4,0.0,2025-10-06,0
16.4,0.0,17.7,0.0,16.6,0.0,16.8,0.0,2025-10-06,1
15.8,0.0,17.1,0.0,16.2,0.0,16.3,0.0,2025-10-06,2
15.1,0.0,16.5,0.0,15.9,0.0,16.1,0.0,2025-10-06,3
14.2,0.0,16.0,0.0,15.4,0.0,15.8,0.0,2025-10-06,4
13.5,0.0,15.6,0.0,15.1,0.0,15.6,0.0,2025-10-06,5
13.6,0.0,15.3,0.0,14.6,0.0,15.3,0.0,2025-10-06,6
13.4,0.0,15.3,0.0,14.4,1.0,14.9,2.0,2025-10-06,7
13.8,37.0,16.4,55.0,15.0,60.0,17.1,104.0,2025-10-06,8
15.9,194.0,17.8,192.0,18.0,217.0,19.5,302.0,2025-10-06,9
18.5,376.0,20.0,396.0,20.0,438.0,21.0,494.0,2025-10-06,10
21.8,534.0,21.0,583.0,19.5,592.0,22.8,648.0,2025-10-06,11
24.3,646.0,24.2,679.0,21.0,635.0,24.7,746.0,2025-10-06,12
26.3,702.0,26.4,727.0,21.4,731.0,26.1,781.0,2025-10-06,13
27.7,696.0,27.7,720.0,21.5,722.0,26.7,749.0,2025-10-06,14
28.8,628.0,27.6,636.0,21.4,632.0,27.0,655.0,2025-10-06,15
29.2,505.0,26.0,494.0,21.1,485.0,26.9,505.0,2025-10-06,16
28.9,340.0,23.6,314.0,20.6,301.0,26.5,315.0,2025-10-06,17
27.5,156.0,21.4,125.0,19.9,113.0,25.2,115.0,2025-10-06,18
24.1,18.0,19.8,8.0,19.3,6.0,23.4,3.0,2025-10-06,19
22.5,0.0,19.1,0.0,19.0,0.0,21.8,0.0,2025-10-06,20
21.6,0.0,18.8,0.0,18.5,0.0,20.6,0.0,2025-10-06,21
20.9,0.0,18.6,0.0,18.1,0.0,19.6,0.0,2025-10-06,22
19.8,0.0,18.2,0.0,17.3,0.0,17.9,0.0,2025-10-06,23
18.8,0.0,17.9,0.0,16.6,0.0,17.7,0.0,2025-10-07,0
17.9,0.0,17.3,0.0,16.4,0.0,17.4,0.0,2025-10-07,1
16.9,0.0,16.6,0.0,15.9,0.0,16.8,0.0,2025-10-07,2
16.3,0.0,16.0,0.0,15.3,0.0,16.1,0.0,2025-10-07,3
15.6,0.0,15.8,0.0,14.7,0.0,15.3,0.0,2025-10-07,4
15.0,0.0,15.6,0.0,14.1,0.0,14.7,0.0,2025-10-07,5
14.6,0.0,15.4,0.0,13.7,0.0,14.5,0.0,2025-10-07,6
14.3,0.0,15.3,0.0,13.9,1.0,14.3,2.0,2025-10-07,7
14.9,35.0,15.4,35.0,15.9,58.0,16.7,103.0,2025-10-07,8
17.1,192.0,15.8,113.0,18.3,166.0,18.9,304.0,2025-10-07,9
20.0,375.0,17.9,233.0,20.4,376.0,20.3,498.0,2025-10-07,10
23.3,533.0,20.4,432.0,20.9,536.0,22.0,652.0,2025-10-07,11
25.7,643.0,23.2,674.0,22.1,617.0,23.7,751.0,2025-10-07,12
27.7,699.0,25.2,727.0,22.8,729.0,25.0,786.0,2025-10-07,13
29.3,693.0,26.5,713.0,22.8,700.0,26.0,754.0,2025-10-07,14
30.4,624.0,26.7,631.0,22.7,620.0,26.8,659.0,2025-10-07,15
30.9,501.0,25.8,492.0,22.0,479.0,27.2,507.0,2025-10-07,16
31.0,336.0,23.4,312.0,20.8,296.0,27.1,315.0,2025-10-07,17
27.9,153.0,21.3,122.0,19.9,110.0,25.8,113.0,2025-10-07,18
25.5,17.0,19.4,7.0,19.3,5.0,23.6,3.0,2025-10-07,19
24.7,0.0,18.5,0.0,19.0,0.0,22.1,0.0,2025-10-07,20
22.5,0.0,18.4,0.0,18.5,0.0,21.1,0.0,2025-10-07,21
21.8,0.0,18.2,0.0,18.2,0.0,19.6,0.0,2025-10-07,22
20.3,0.0,17.7,0.0,17.9,0.0,19.1,0.0,2025-10-07,23
18.8,0.0,17.0,0.0,17.7,0.0,18.4,0.0,2025-10-08,0
17.7,0.0,16.5,0.0,17.5,0.0,17.7,0.0,2025-10-08,1
17.0,0.0,16.0,0.0,17.6,0.0,17.5,0.0,2025-10-08,2
16.6,0.0,15.6,0.0,18.0,0.0,17.1,0.0,2025-10-08,3
16.2,0.0,15.3,0.0,18.0,0.0,16.9,0.0,2025-10-08,4
14.6,0.0,15.1,0.0,18.0,0.0,17.3,0.0,2025-10-08,5
14.2,0.0,15.2,0.0,17.8,0.0,16.8,0.0,2025-10-08,6
13.7,0.0,15.1,0.0,17.6,0.0,16.2,1.0,2025-10-08,7
14.2,33.0,15.6,24.0,17.6,27.0,18.1,103.0,2025-10-08,8
16.1,186.0,16.3,86.0,18.1,109.0,21.9,304.0,2025-10-08,9
18.5,362.0,18.9,303.0,19.1,221.0,24.7,498.0,2025-10-08,10
21.4,521.0,20.9,501.0,20.3,360.0,26.7,652.0,2025-10-08,11
23.6,634.0,23.6,665.0,22.2,604.0,28.5,752.0,2025-10-08,12
24.8,687.0,24.9,721.0,23.1,705.0,29.5,788.0,2025-10-08,13
25.5,678.0,25.4,711.0,23.3,687.0,30.1,756.0,2025-10-08,14
25.4,610.0,24.9,626.0,23.1,608.0,30.6,660.0,2025-10-08,15
24.7,486.0,24.2,484.0,22.5,469.0,30.8,506.0,2025-10-08,16
23.1,322.0,23.2,304.0,21.5,288.0,30.5,311.0,2025-10-08,17
21.3,122.0,21.1,118.0,20.1,105.0,27.4,108.0,2025-10-08,18
19.5,14.0,19.6,7.0,19.3,4.0,25.4,2.0,2025-10-08,19
18.4,0.0,18.8,0.0,18.9,0.0,24.4,0.0,2025-10-08,20
17.7,0.0,18.3,0.0,18.7,0.0,23.4,0.0,2025-10-08,21
17.0,0.0,17.9,0.0,18.4,0.0,22.6,0.0,2025-10-08,22
16.5,0.0,17.1,0.0,18.0,0.0,21.8,0.0,2025-10-08,23
16.3,0.0,16.5,0.0,17.8,0.0,21.9,0.0,2025-10-09,0
16.0,0.0,15.9,0.0,17.6,0.0,21.6,0.0,2025-10-09,1
15.7,0.0,15.4,0.0,17.2,0.0,21.3,0.0,2025-10-09,2
15.2,0.0,15.2,0.0,17.0,0.0,21.0,0.0,2025-10-09,3
14.9,0.0,14.7,0.0,16.6,0.0,20.7,0.0,2025-10-09,4
14.8,0.0,14.6,0.0,16.9,0.0,19.8,0.0,2025-10-09,5
14.1,0.0,14.2,0.0,17.4,0.0,20.0,0.0,2025-10-09,6
14.0,0.0,13.7,0.0,16.8,0.0,19.8,1.0,2025-10-09,7
14.6,27.0,15.2,61.0,18.0,67.0,22.2,90.0,2025-10-09,8
16.6,152.0,17.8,236.0,19.6,233.0,25.3,269.0,2025-10-09,9
19.0,325.0,20.9,419.0,22.1,413.0,27.1,447.0,2025-10-09,10
20.3,490.0,24.0,580.0,22.4,546.0,29.7,510.0,2025-10-09,11
22.1,615.0,26.7,667.0,24.4,632.0,29.7,613.0,2025-10-09,12
23.2,648.0,27.7,628.0,24.6,612.0,29.2,674.0,2025-10-09,13
23.8,610.0,29.5,632.0,25.1,484.0,30.4,673.0,2025-10-09,14
24.2,594.0,30.1,613.0,25.6,507.0,28.7,575.0,2025-10-09,15
24.2,461.0,29.0,471.0,24.8,352.0,26.9,407.0,2025-10-09,16
23.4,312.0,27.3,293.0,23.5,225.0,26.5,241.0,2025-10-09,17
22.8,131.0,25.4,113.0,21.4,60.0,25.5,82.0,2025-10-09,18
21.2,13.0,23.7,6.0,19.4,2.0,25.1,1.0,2025-10-09,19
20.0,0.0,23.1,0.0,19.0,0.0,24.4,0.0,2025-10-09,20
18.9,0.0,22.2,0.0,19.0,0.0,23.9,0.0,2025-10-09,21
17.9,0.0,20.9,0.0,19.0,0.0,22.9,0.0,2025-10-09,22
17.3,0.0,20.3,0.0,19.1,0.0,22.4,0.0,2025-10-09,23
16.8,0.0,20.0,0.0,18.7,0.0,22.2,0.0,2025-10-10,0
16.2,0.0,19.9,0.0,18.7,0.0,22.4,0.0,2025-10-10,1
15.7,0.0,19.6,0.0,18.6,0.0,22.3,0.0,2025-10-10,2
15.3,0.0,19.1,0.0,18.3,0.0,21.9,0.0,2025-10-10,3
14.9,0.0,19.2,0.0,18.2,0.0,20.8,0.0,2025-10-10,4
14.9,0.0,19.4,0.0,18.5,0.0,19.8,0.0,2025-10-10,5
14.7,0.0,18.6,0.0,18.4,0.0,20.5,0.0,2025-10-10,6
14.3,0.0,18.6,0.0,18.4,0.0,17.5,1.0,2025-10-10,7
14.7,27.0,20.4,48.0,19.0,41.0,20.1,42.0,2025-10-10,8
16.2,171.0,22.9,203.0,20.3,128.0,22.0,225.0,2025-10-10,9
18.2,353.0,26.0,371.0,21.9,282.0,23.0,301.0,2025-10-10,10
20.3,511.0,29.1,536.0,24.3,383.0,23.4,332.0,2025-10-10,11
22.3,622.0,29.6,542.0,23.0,290.0,24.8,426.0,2025-10-10,12
23.5,678.0,31.0,587.0,25.1,519.0,22.7,356.0,2025-10-10,13
24.1,671.0,26.5,513.0,26.2,641.0,24.5,351.0,2025-10-10,14
24.4,605.0,25.3,457.0,24.8,240.0,26.5,561.0,2025-10-10,15
24.1,468.0,26.2,371.0,24.7,345.0,22.9,389.0,2025-10-10,16
23.1,294.0,27.1,229.0,22.7,255.0,23.2,141.0,2025-10-10,17
22.1,132.0,25.5,92.0,21.7,58.0,22.2,54.0,2025-10-10,18
20.9,12.0,26.0,4.0,21.1,2.0,21.7,1.0,2025-10-10,19
19.8,0.0,25.3,0.0,20.9,0.0,21.6,0.0,2025-10-10,20
18.6,0.0,24.7,0.0,20.9,0.0,21.1,0.0,2025-10-10,21
18.1,0.0,23.8,0.0,20.7,0.0,20.2,0.0,2025-10-10,22
17.4,0.0,22.5,0.0,19.9,0.0,20.1,0.0,2025-10-10,23
16.7,0.0,21.7,0.0,20.0,0.0,20.7,0.0,2025-10-11,0
16.5,0.0,20.5,0.0,19.7,0.0,20.2,0.0,2025-10-11,1
16.1,0.0,20.1,0.0,19.1,0.0,19.8,0.0,2025-10-11,2
15.7,0.0,19.5,0.0,18.6,0.0,19.4,0.0,2025-10-11,3
14.9,0.0,19.1,0.0,18.0,0.0,19.0,0.0,2025-10-11,4
14.0,0.0,18.7,0.0,17.9,0.0,18.5,0.0,2025-10-11,5
12.9,0.0,17.4,0.0,17.5,0.0,18.5,0.0,2025-10-11,6
12.2,0.0,16.2,0.0,17.1,0.0,18.3,1.0,2025-10-11,7
12.8,28.0,17.2,59.0,18.1,65.0,20.2,87.0,2025-10-11,8
14.3,176.0,19.6,231.0,20.3,233.0,22.3,273.0,2025-10-11,9
16.5,354.0,22.5,417.0,21.4,415.0,23.1,461.0,2025-10-11,10
18.4,512.0,24.2,572.0,21.8,566.0,24.6,554.0,2025-10-11,11
20.1,622.0,26.2,679.0,22.7,668.0,25.0,675.0,2025-10-11,12
21.4,679.0,27.9,725.0,22.8,721.0,25.0,723.0,2025-10-11,13
22.1,653.0,28.8,704.0,22.6,704.0,24.7,696.0,2025-10-11,14
22.5,539.0,28.9,621.0,22.7,615.0,24.9,575.0,2025-10-11,15
22.8,471.0,28.0,478.0,22.2,469.0,25.1,467.0,2025-10-11,16
22.2,304.0,26.1,294.0,21.2,283.0,24.8,289.0,2025-10-11,17
21.9,132.0,24.3,108.0,19.8,96.0,22.2,94.0,2025-10-11,18
20.7,11.0,23.1,4.0,19.0,3.0,20.0,1.0,2025-10-11,19
19.6,0.0,22.3,0.0,18.5,0.0,18.8,0.0,2025-10-11,20
18.6,0.0,21.3,0.0,18.2,0.0,17.4,0.0,2025-10-11,21
17.9,0.0,20.3,0.0,17.8,0.0,17.4,0.0,2025-10-11,22
16.7,0.0,18.9,0.0,17.0,0.0,17.1,0.0,2025-10-11,23
15.8,0.0,17.8,0.0,16.7,0.0,16.5,0.0,2025-10-12,0
14.7,0.0,16.9,0.0,16.2,0.0,15.5,0.0,2025-10-12,1
14.3,0.0,16.4,0.0,15.4,0.0,14.0,0.0,2025-10-12,2
14.1,0.0,15.9,0.0,15.2,0.0,12.7,0.0,2025-10-12,3
13.5,0.0,15.5,0.0,14.8,0.0,12.2,0.0,2025-10-12,4
12.6,0.0,16.1,0.0,16.1,0.0,11.3,0.0,2025-10-12,5
11.8,0.0,15.3,0.0,16.0,0.0,11.5,0.0,2025-10-12,6
11.5,0.0,14.6,0.0,15.8,0.0,11.4,1.0,2025-10-12,7
11.8,28.0,15.0,59.0,15.7,34.0,13.7,91.0,2025-10-12,8
13.7,178.0,17.0,233.0,16.9,155.0,15.6,288.0,2025-10-12,9
15.9,361.0,19.2,423.0,19.0,385.0,16.9,480.0,2025-10-12,10
17.8,519.0,20.9,583.0,20.1,579.0,18.7,632.0,2025-10-12,11
20.4,630.0,23.7,684.0,21.3,699.0,19.5,728.0,2025-10-12,12
22.4,686.0,25.4,728.0,21.5,745.0,20.1,763.0,2025-10-12,13
23.8,679.0,26.9,705.0,21.5,722.0,20.6,730.0,2025-10-12,14
24.4,609.0,27.5,618.0,21.7,626.0,20.9,634.0,2025-10-12,15
24.7,483.0,27.0,475.0,21.5,475.0,20.9,481.0,2025-10-12,16
24.1,315.0,24.3,293.0,20.2,286.0,21.0,290.0,2025-10-12,17
23.3,121.0,22.1,106.0,19.0,95.0,18.2,92.0,2025-10-12,18
22.0,8.0,20.5,4.0,18.1,2.0,17.0,1.0,2025-10-12,19
21.5,0.0,19.3,0.0,17.5,0.0,16.4,0.0,2025-10-12,20
19.9,0.0,18.6,0.0,17.1,0.0,15.8,0.0,2025-10-12,21
19.3,0.0,18.0,0.0,16.8,0.0,15.3,0.0,2025-10-12,22
18.5,0.0,17.4,0.0,16.2,0.0,14.1,0.0,2025-10-12,23
17.6,0.0,17.1,0.0,16.1,0.0,13.5,0.0,2025-10-13,0
16.5,0.0,16.3,0.0,15.8,0.0,12.9,0.0,2025-10-13,1
15.6,0.0,16.1,0.0,15.7,0.0,12.7,0.0,2025-10-13,2
14.8,0.0,16.0,0.0,15.7,0.0,12.4,0.0,2025-10-13,3
13.9,0.0,15.9,0.0,15.6,0.0,12.1,0.0,2025-10-13,4
13.2,0.0,16.4,0.0,15.9,0.0,12.0,0.0,2025-10-13,5
12.9,0.0,16.4,0.0,15.6,0.0,11.9,0.0,2025-10-13,6
13.0,0.0,16.5,0.0,15.6,0.0,11.7,0.0,2025-10-13,7
13.1,9.0,16.6,38.0,16.6,35.0,14.1,89.0,2025-10-13,8
14.3,138.0,17.7,163.0,18.0,153.0,17.5,286.0,2025-10-13,9
16.1,348.0,19.4,332.0,18.7,261.0,20.0,477.0,2025-10-13,10
17.0,500.0,20.0,492.0,18.3,280.0,21.7,623.0,2025-10-13,11
18.5,472.0,21.3,439.0,19.4,506.0,22.2,718.0,2025-10-13,12
19.5,571.0,22.1,481.0,20.0,658.0,22.6,746.0,2025-10-13,13
20.0,469.0,21.9,432.0,19.9,575.0,22.8,694.0,2025-10-13,14
18.3,303.0,22.3,501.0,19.8,406.0,22.6,543.0,2025-10-13,15
16.4,182.0,21.4,377.0,19.8,362.0,22.1,417.0,2025-10-13,16
14.5,44.0,19.8,225.0,18.8,219.0,21.1,236.0,2025-10-13,17
13.9,12.0,18.7,72.0,18.1,63.0,19.1,89.0,2025-10-13,18
13.3,1.0,17.8,2.0,17.9,1.0,17.7,0.0,2025-10-13,19
13.4,0.0,17.5,0.0,17.4,0.0,16.9,0.0,2025-10-13,20
12.2,0.0,16.7,0.0,17.3,0.0,16.9,0.0,2025-10-13,21
11.6,0.0,16.1,0.0,16.7,0.0,16.1,0.0,2025-10-13,22
12.0,0.0,15.7,0.0,16.9,0.0,16.1,0.0,2025-10-13,23
12.3,0.0,15.3,0.0,16.9,0.0,15.8,0.0,2025-10-14,0
12.4,0.0,15.4,0.0,16.5,0.0,15.1,0.0,2025-10-14,1
12.9,0.0,15.8,0.0,16.6,0.0,14.4,0.0,2025-10-14,2
13.2,0.0,15.6,0.0,16.3,0.0,13.0,0.0,2025-10-14,3
13.3,0.0,15.3,0.0,15.7,0.0,11.7,0.0,2025-10-14,4
13.2,0.0,14.9,0.0,16.5,0.0,11.1,0.0,2025-10-14,5
13.0,0.0,14.5,0.0,16.6,0.0,10.8,0.0,2025-10-14,6
12.7,0.0,14.4,0.0,16.7,0.0,10.0,0.0,2025-10-14,7
12.7,4.0,14.5,5.0,17.4,50.0,11.7,82.0,2025-10-14,8
12.9,47.0,15.0,17.0,18.8,178.0,14.0,220.0,2025-10-14,9
12.9,65.0,15.3,35.0,20.2,365.0,16.7,290.0,2025-10-14,10
13.1,98.0,14.6,45.0,19.4,210.0,19.2,489.0,2025-10-14,11
13.6,166.0,14.3,56.0,20.0,210.0,19.4,294.0,2025-10-14,12
13.4,111.0,14.9,148.0,18.7,185.0,19.9,348.0,2025-10-14,13
13.9,245.0,15.8,340.0,17.2,103.0,17.5,184.0,2025-10-14,14
13.4,111.0,16.3,350.0,16.9,53.0,15.7,69.0,2025-10-14,15
13.8,141.0,16.9,354.0,16.9,59.0,13.4,80.0,2025-10-14,16
13.0,57.0,16.3,128.0,16.5,63.0,13.6,96.0,2025-10-14,17
12.9,21.0,15.8,73.0,16.1,14.0,12.8,32.0,2025-10-14,18
12.6,1.0,14.7,2.0,16.1,0.0,12.6,0.0,2025-10-14,19
12.5,0.0,14.0,0.0,16.1,0.0,12.9,0.0,2025-10-14,20
12.4,0.0,13.5,0.0,16.1,0.0,12.0,0.0,2025-10-14,21
12.3,0.0,13.2,0.0,15.4,0.0,11.3,0.0,2025-10-14,22
12.0,0.0,12.7,0.0,15.2,0.0,11.9,0.0,2025-10-14,23
12.1,0.0,13.3,0.0,13.9,0.0,11.5,0.0,2025-10-15,0
12.0,0.0,13.3,0.0,13.7,0.0,11.4,0.0,2025-10-15,1
12.0,0.0,13.2,0.0,13.6,0.0,10.7,0.0,2025-10-15,2
11.9,0.0,12.5,0.0,13.4,0.0,10.2,0.0,2025-10-15,3
11.9,0.0,12.2,0.0,13.2,0.0,10.4,0.0,2025-10-15,4
11.7,0.0,12.7,0.0,13.9,0.0,9.6,0.0,2025-10-15,5
11.7,0.0,11.5,0.0,13.6,0.0,9.2,0.0,2025-10-15,6
11.2,0.0,11.1,0.0,13.3,0.0,8.4,0.0,2025-10-15,7
11.6,10.0,12.4,49.0,14.4,48.0,10.0,79.0,2025-10-15,8
12.3,61.0,14.5,208.0,15.9,188.0,11.5,265.0,2025-10-15,9
13.0,151.0,16.4,387.0,17.5,345.0,12.1,420.0,2025-10-15,10
13.9,292.0,17.7,543.0,18.4,502.0,13.6,546.0,2025-10-15,11
14.9,285.0,18.7,647.0,18.9,480.0,14.4,631.0,2025-10-15,12
16.3,520.0,19.5,692.0,19.3,495.0,14.7,629.0,2025-10-15,13
17.0,508.0,19.9,669.0,20.0,610.0,15.4,636.0,2025-10-15,14
17.5,465.0,19.5,580.0,20.2,542.0,15.6,574.0,2025-10-15,15
17.3,279.0,18.7,439.0,19.8,387.0,15.8,460.0,2025-10-15,16
16.6,184.0,18.1,262.0,19.0,230.0,15.8,271.0,2025-10-15,17
15.9,75.0,16.7,87.0,17.9,77.0,13.7,78.0,2025-10-15,18
14.4,6.0,15.3,2.0,17.1,1.0,13.1,0.0,2025-10-15,19
13.5,0.0,14.4,0.0,16.3,0.0,12.7,0.0,2025-10-15,20
12.7,0.0,13.5,0.0,15.3,0.0,11.9,0.0,2025-10-15,21
12.2,0.0,12.9,0.0,14.7,0.0,10.9,0.0,2025-10-15,22
11.8,0.0,12.2,0.0,13.9,0.0,9.8,0.0,2025-10-15,23
11.5,0.0,12.3,0.0,14.0,0.0,10.3,0.0,2025-10-16,0
10.9,0.0,12.1,0.0,13.8,0.0,10.1,0.0,2025-10-16,1
10.4,0.0,11.5,0.0,13.2,0.0,9.7,0.0,2025-10-16,2
9.9,0.0,10.9,0.0,12.4,0.0,9.4,0.0,2025-10-16,3
9.7,0.0,10.3,0.0,11.8,0.0,8.8,0.0,2025-10-16,4
9.2,0.0,9.8,0.0,11.5,0.0,8.3,0.0,2025-10-16,5
8.6,0.0,9.7,0.0,10.9,0.0,8.1,0.0,2025-10-16,6
8.4,0.0,9.4,0.0,10.6,0.0,7.7,0.0,2025-10-16,7
8.8,20.0,10.6,50.0,12.1,58.0,10.1,79.0,2025-10-16,8
10.4,145.0,13.7,215.0,15.0,224.0,12.4,269.0,2025-10-16,9
12.5,319.0,15.9,400.0,17.8,406.0,14.2,457.0,2025-10-16,10
14.5,484.0,18.5,554.0,19.6,560.0,16.8,606.0,2025-10-16,11
16.2,594.0,20.4,658.0,21.2,662.0,18.3,699.0,2025-10-16,12
17.7,651.0,21.8,700.0,22.0,702.0,19.4,731.0,2025-10-16,13
18.7,642.0,22.8,677.0,22.2,674.0,20.5,694.0,2025-10-16,14
19.5,574.0,23.2,588.0,22.3,582.0,20.9,598.0,2025-10-16,15
19.8,450.0,22.7,443.0,22.0,436.0,21.0,442.0,2025-10-16,16
19.7,286.0,21.9,263.0,21.3,253.0,20.6,259.0,2025-10-16,17
17.9,110.0,19.5,86.0,19.9,78.0,18.8,74.0,2025-10-16,18
16.5,5.0,18.0,2.0,18.3,1.0,16.5,0.0,2025-10-16,19
15.6,0.0,17.1,0.0,17.9,0.0,14.9,0.0,2025-10-16,20
15.0,0.0,15.8,0.0,17.4,0.0,13.7,0.0,2025-10-16,21
14.4,0.0,14.3,0.0,17.1,0.0,12.6,0.0,2025-10-16,22
14.0,0.0,13.4,0.0,16.1,0.0,11.8,0.0,2025-10-16,23
13.5,0.0,13.3,0.0,15.4,0.0,11.8,0.0,2025-10-17,0
13.0,0.0,12.9,0.0,14.6,0.0,11.1,0.0,2025-10-17,1
12.5,0.0,12.4,0.0,14.3,0.0,10.6,0.0,2025-10-17,2
12.1,0.0,11.8,0.0,13.6,0.0,10.1,0.0,2025-10-17,3
11.3,0.0,11.0,0.0,13.2,0.0,9.7,0.0,2025-10-17,4
11.1,0.0,10.5,0.0,13.0,0.0,8.7,0.0,2025-10-17,5
10.4,0.0,10.1,0.0,12.4,0.0,8.7,0.0,2025-10-17,6
10.5,0.0,10.0,0.0,11.9,0.0,8.3,0.0,2025-10-17,7
10.6,16.0,11.1,49.0,13.3,58.0,10.9,77.0,2025-10-17,8
11.5,123.0,15.1,215.0,16.4,225.0,15.2,268.0,2025-10-17,9
12.9,263.0,18.3,400.0,20.7,409.0,17.9,457.0,2025-10-17,10
15.6,402.0,21.2,555.0,23.1,563.0,20.4,606.0,2025-10-17,11
17.6,561.0,23.3,660.0,24.6,665.0,21.7,701.0,2025-10-17,12
19.2,636.0,25.0,701.0,25.1,703.0,22.3,732.0,2025-10-17,13
20.3,629.0,26.0,676.0,25.3,675.0,22.7,696.0,2025-10-17,14
20.9,558.0,25.8,585.0,25.1,581.0,22.8,597.0,2025-10-17,15
21.1,436.0,24.7,440.0,24.3,431.0,22.2,445.0,2025-10-17,16
21.6,274.0,23.1,261.0,23.0,249.0,21.7,257.0,2025-10-17,17
20.1,104.0,21.0,85.0,21.7,75.0,19.2,70.0,2025-10-17,18
18.4,5.0,20.5,1.0,20.3,1.0,17.4,0.0,2025-10-17,19
17.1,0.0,19.1,0.0,19.9,0.0,16.5,0.0,2025-10-17,20
16.5,0.0,16.7,0.0,18.4,0.0,15.6,0.0,2025-10-17,21
15.8,0.0,15.0,0.0,17.6,0.0,14.6,0.0,2025-10-17,22
15.2,0.0,14.8,0.0,17.4,0.0,14.0,0.0,2025-10-17,23
14.7,0.0,14.6,0.0,16.9,0.0,14.2,0.0,2025-10-18,0
14.1,0.0,14.2,0.0,16.4,0.0,14.1,0.0,2025-10-18,1
13.7,0.0,13.4,0.0,15.7,0.0,13.5,0.0,2025-10-18,2
13.4,0.0,12.7,0.0,14.9,0.0,13.0,0.0,2025-10-18,3
13.3,0.0,12.6,0.0,14.6,0.0,12.4,0.0,2025-10-18,4
12.1,0.0,12.8,0.0,14.9,0.0,12.1,0.0,2025-10-18,5
11.1,0.0,12.0,0.0,14.2,0.0,11.9,0.0,2025-10-18,6
11.0,0.0,11.7,0.0,13.7,0.0,11.4,0.0,2025-10-18,7
10.9,18.0,13.7,46.0,14.7,56.0,13.4,73.0,2025-10-18,8
12.5,141.0,17.4,210.0,18.1,222.0,16.6,263.0,2025-10-18,9
15.0,321.0,20.3,392.0,22.3,405.0,17.9,450.0,2025-10-18,10
18.0,473.0,23.2,546.0,25.3,559.0,18.9,600.0,2025-10-18,11
20.3,581.0,25.7,651.0,27.4,662.0,20.9,694.0,2025-10-18,12
22.0,632.0,27.3,693.0,27.7,702.0,22.1,725.0,2025-10-18,13
23.1,623.0,28.2,668.0,27.6,671.0,23.1,691.0,2025-10-18,14
23.6,554.0,28.8,580.0,26.7,577.0,23.6,592.0,2025-10-18,15
23.6,432.0,28.5,437.0,25.8,430.0,23.5,441.0,2025-10-18,16
23.7,271.0,27.7,259.0,23.8,247.0,23.2,253.0,2025-10-18,17
21.6,101.0,23.6,82.0,22.0,73.0,21.0,67.0,2025-10-18,18
20.1,4.0,21.5,1.0,20.4,1.0,19.9,0.0,2025-10-18,19
19.3,0.0,20.6,0.0,19.6,0.0,19.2,0.0,2025-10-18,20
18.3,0.0,19.3,0.0,18.8,0.0,18.3,0.0,2025-10-18,21
17.1,0.0,17.2,0.0,18.0,0.0,17.5,0.0,2025-10-18,22
16.1,0.0,15.6,0.0,17.3,0.0,17.1,0.0,2025-10-18,23
15.3,0.0,15.6,0.0,17.0,0.0,16.5,0.0,2025-10-19,0
14.6,0.0,15.7,0.0,16.8,0.0,15.8,0.0,2025-10-19,1
14.2,0.0,16.4,0.0,16.1,0.0,15.2,0.0,2025-10-19,2
14.1,0.0,16.7,0.0,15.4,0.0,14.9,0.0,2025-10-19,3
14.2,0.0,16.6,0.0,15.1,0.0,14.6,0.0,2025-10-19,4
13.6,0.0,18.2,0.0,15.1,0.0,14.6,0.0,2025-10-19,5
12.9,0.0,16.9,0.0,13.8,0.0,14.6,0.0,2025-10-19,6
12.5,0.0,16.3,0.0,13.1,0.0,14.0,0.0,2025-10-19,7
12.2,17.0,16.8,45.0,14.9,55.0,15.2,72.0,2025-10-19,8
13.7,139.0,18.7,194.0,18.1,222.0,18.2,262.0,2025-10-19,9
16.1,292.0,20.2,376.0,22.3,405.0,20.6,452.0,2025-10-19,10
19.2,467.0,22.3,540.0,24.5,557.0,21.9,602.0,2025-10-19,11
21.6,578.0,24.3,648.0,26.5,661.0,23.5,704.0,2025-10-19,12
23.5,629.0,26.0,691.0,26.3,701.0,24.5,724.0,2025-10-19,13
24.7,620.0,27.3,667.0,25.8,672.0,25.1,663.0,2025-10-19,14
25.3,549.0,27.9,579.0,25.3,576.0,25.5,564.0,2025-10-19,15
25.3,426.0,27.2,434.0,24.5,426.0,25.5,358.0,2025-10-19,16
24.9,265.0,24.8,256.0,23.4,243.0,24.5,202.0,2025-10-19,17
22.5,98.0,21.7,80.0,21.8,71.0,22.0,61.0,2025-10-19,18
20.6,3.0,20.3,1.0,20.7,0.0,21.3,0.0,2025-10-19,19
19.4,0.0,19.5,0.0,19.6,0.0,20.0,0.0,2025-10-19,20
18.2,0.0,18.8,0.0,18.7,0.0,18.9,0.0,2025-10-19,21
17.0,0.0,17.9,0.0,18.0,0.0,16.9,0.0,2025-10-19,22
16.1,0.0,16.5,0.0,17.8,0.0,16.3,0.0,2025-10-19,23
15.8,0.0,16.2,0.0,16.8,0.0,16.8,0.0,2025-10-20,0
15.0,0.0,16.3,0.0,15.9,0.0,16.5,0.0,2025-10-20,1
14.7,0.0,16.4,0.0,15.2,0.0,16.1,0.0,2025-10-20,2
13.9,0.0,16.2,0.0,14.8,0.0,15.5,0.0,2025-10-20,3
13.5,0.0,15.8,0.0,14.2,0.0,14.8,0.0,2025-10-20,4
13.4,0.0,16.1,0.0,14.3,0.0,14.5,0.0,2025-10-20,5
12.9,0.0,15.2,0.0,12.7,0.0,14.3,0.0,2025-10-20,6
12.2,0.0,14.3,0.0,12.2,0.0,13.4,0.0,2025-10-20,7
12.2,17.0,15.0,43.0,13.9,53.0,14.7,68.0,2025-10-20,8
13.9,147.0,17.3,202.0,18.1,216.0,17.5,254.0,2025-10-20,9
16.1,321.0,19.5,383.0,21.8,399.0,19.2,440.0,2025-10-20,10
18.7,474.0,22.2,540.0,24.0,552.0,20.4,589.0,2025-10-20,11
20.5,583.0,24.9,644.0,25.4,655.0,22.2,684.0,2025-10-20,12
22.1,635.0,26.9,686.0,26.0,694.0,23.5,715.0,2025-10-20,13
23.3,625.0,28.1,661.0,26.0,667.0,24.5,680.0,2025-10-20,14
24.0,556.0,28.7,573.0,25.6,574.0,25.1,582.0,2025-10-20,15
24.2,432.0,28.4,431.0,24.9,425.0,25.2,431.0,2025-10-20,16
24.5,269.0,26.7,253.0,23.4,242.0,24.6,243.0,2025-10-20,17
22.1,97.0,23.2,77.0,21.6,69.0,22.3,61.0,2025-10-20,18
20.3,3.0,21.1,1.0,20.2,0.0,21.0,0.0,2025-10-20,19
19.9,0.0,20.1,0.0,19.2,0.0,20.3,0.0,2025-10-20,20
19.7,0.0,19.1,0.0,18.4,0.0,19.3,0.0,2025-10-20,21
18.3,0.0,17.7,0.0,17.9,0.0,18.4,0.0,2025-10-20,22
16.6,0.0,16.4,0.0,17.5,0.0,17.8,0.0,2025-10-20,23
16.1,0.0,16.5,0.0,16.3,0.0,17.2,0.0,2025-10-21,0
15.5,0.0,16.5,0.0,15.8,0.0,16.7,0.0,2025-10-21,1
14.4,0.0,16.2,0.0,15.4,0.0,16.2,0.0,2025-10-21,2
13.4,0.0,16.5,0.0,15.0,0.0,15.4,0.0,2025-10-21,3
12.6,0.0,16.6,0.0,14.4,0.0,15.0,0.0,2025-10-21,4
12.1,0.0,16.6,0.0,14.2,0.0,14.6,0.0,2025-10-21,5
11.4,0.0,15.4,0.0,13.6,0.0,14.2,0.0,2025-10-21,6
10.9,0.0,15.4,0.0,13.2,0.0,14.1,0.0,2025-10-21,7
10.9,15.0,16.2,41.0,15.1,47.0,15.7,67.0,2025-10-21,8
12.5,140.0,18.6,199.0,18.0,185.0,18.8,254.0,2025-10-21,9
14.9,314.0,20.2,380.0,19.7,275.0,20.9,441.0,2025-10-21,10
18.1,468.0,22.1,528.0,22.3,295.0,21.6,590.0,2025-10-21,11
21.0,576.0,25.2,627.0,23.3,625.0,23.3,685.0,2025-10-21,12
23.0,629.0,27.6,666.0,23.7,634.0,24.6,716.0,2025-10-21,13
24.4,621.0,27.5,646.0,23.7,632.0,25.6,682.0,2025-10-21,14
25.2,550.0,26.0,550.0,22.8,458.0,26.0,584.0,2025-10-21,15
25.5,427.0,24.2,418.0,22.0,371.0,25.8,431.0,2025-10-21,16
25.5,265.0,23.0,218.0,21.3,185.0,25.1,240.0,2025-10-21,17
22.9,94.0,20.6,58.0,19.6,57.0,22.7,58.0,2025-10-21,18
21.1,2.0,19.4,0.0,18.9,0.0,22.4,0.0,2025-10-21,19
20.1,0.0,18.5,0.0,18.4,0.0,21.4,0.0,2025-10-21,20
18.7,0.0,17.6,0.0,18.0,0.0,20.8,0.0,2025-10-21,21
18.2,0.0,17.3,0.0,18.1,0.0,19.5,0.0,2025-10-21,22
17.2,0.0,16.5,0.0,17.3,0.0,18.7,0.0,2025-10-21,23
15.7,0.0,17.0,0.0,17.0,0.0,18.6,0.0,2025-10-22,0
14.6,0.0,16.0,0.0,16.5,0.0,17.8,0.0,2025-10-22,1
14.5,0.0,15.2,0.0,16.0,0.0,16.8,0.0,2025-10-22,2
14.5,0.0,14.6,0.0,15.6,0.0,16.5,0.0,2025-10-22,3
14.6,0.0,14.0,0.0,15.3,0.0,17.0,0.0,2025-10-22,4
14.7,0.0,14.0,0.0,15.0,0.0,16.5,0.0,2025-10-22,5
14.6,0.0,14.2,0.0,14.6,0.0,15.5,0.0,2025-10-22,6
14.3,0.0,14.7,0.0,14.0,0.0,15.4,0.0,2025-10-22,7
14.2,9.0,15.7,13.0,14.2,34.0,16.6,57.0,2025-10-22,8
15.0,54.0,16.5,76.0,15.0,131.0,19.3,210.0,2025-10-22,9
16.8,254.0,17.7,228.0,18.4,342.0,20.1,410.0,2025-10-22,10
18.0,221.0,19.1,440.0,20.1,478.0,21.2,542.0,2025-10-22,11
19.0,361.0,21.4,597.0,21.3,616.0,23.3,659.0,2025-10-22,12
19.9,361.0,22.9,653.0,21.4,661.0,24.1,686.0,2025-10-22,13
20.7,426.0,23.5,632.0,21.6,632.0,24.9,657.0,2025-10-22,14
20.4,328.0,22.7,545.0,21.8,542.0,25.7,530.0,2025-10-22,15
20.0,222.0,21.8,408.0,21.2,400.0,25.2,384.0,2025-10-22,16
19.6,130.0,20.9,231.0,19.4,223.0,25.6,217.0,2025-10-22,17
18.8,79.0,19.5,67.0,18.6,59.0,23.8,52.0,2025-10-22,18
17.7,2.0,18.5,0.0,18.3,0.0,22.3,0.0,2025-10-22,19
17.0,0.0,18.0,0.0,18.1,0.0,21.3,0.0,2025-10-22,20
17.0,0.0,17.3,0.0,17.7,0.0,20.3,0.0,2025-10-22,21
15.5,0.0,16.6,0.0,17.4,0.0,18.4,0.0,2025-10-22,22
14.4,0.0,16.0,0.0,16.6,0.0,16.6,0.0,2025-10-22,23
13.8,0.0,15.8,0.0,16.6,0.0,16.8,0.0,2025-10-23,0
13.5,0.0,15.4,0.0,16.1,0.0,16.3,0.0,2025-10-23,1
13.1,0.0,14.9,0.0,15.7,0.0,15.8,0.0,2025-10-23,2
12.5,0.0,14.5,0.0,15.7,0.0,14.9,0.0,2025-10-23,3
11.9,0.0,14.1,0.0,15.6,0.0,14.3,0.0,2025-10-23,4
11.6,0.0,13.6,0.0,16.0,0.0,12.8,0.0,2025-10-23,5
10.7,0.0,13.5,0.0,15.6,0.0,12.9,0.0,2025-10-23,6
10.4,0.0,13.4,0.0,15.6,0.0,12.2,0.0,2025-10-23,7
10.4,13.0,14.0,36.0,16.1,31.0,14.1,60.0,2025-10-23,8
12.4,127.0,15.5,179.0,17.6,157.0,16.8,239.0,2025-10-23,9
14.8,297.0,17.2,318.0,19.2,354.0,18.4,421.0,2025-10-23,10
16.7,452.0,18.6,442.0,20.1,505.0,21.2,567.0,2025-10-23,11
18.6,559.0,20.8,582.0,21.2,549.0,23.4,654.0,2025-10-23,12
20.1,610.0,22.8,650.0,21.7,649.0,25.0,681.0,2025-10-23,13
21.2,600.0,24.4,629.0,21.8,630.0,26.0,656.0,2025-10-23,14
21.9,530.0,25.0,544.0,21.7,541.0,26.6,561.0,2025-10-23,15
22.2,408.0,24.7,407.0,21.4,399.0,26.8,411.0,2025-10-23,16
22.2,249.0,23.0,234.0,20.0,223.0,25.8,228.0,2025-10-23,17
20.5,84.0,20.7,67.0,18.9,58.0,24.0,50.0,2025-10-23,18
19.4,1.0,18.8,0.0,18.3,0.0,22.7,0.0,2025-10-23,19
18.9,0.0,17.8,0.0,18.0,0.0,20.5,0.0,2025-10-23,20
18.2,0.0,17.2,0.0,17.5,0.0,18.7,0.0,2025-10-23,21
17.2,0.0,16.7,0.0,16.9,0.0,17.4,0.0,2025-10-23,22
15.9,0.0,16.1,0.0,16.7,0.0,17.0,0.0,2025-10-23,23
14.8,0.0,15.9,0.0,16.2,0.0,16.8,0.0,2025-10-24,0
14.1,0.0,15.6,0.0,15.6,0.0,15.4,0.0,2025-10-24,1
13.6,0.0,15.4,0.0,14.9,0.0,14.4,0.0,2025-10-24,2
13.2,0.0,15.2,0.0,14.5,0.0,13.9,0.0,2025-10-24,3
12.8,0.0,14.6,0.0,14.0,0.0,13.5,0.0,2025-10-24,4
12.2,0.0,14.8,0.0,13.7,0.0,14.0,0.0,2025-10-24,5
11.6,0.0,13.8,0.0,13.6,0.0,13.3,0.0,2025-10-24,6
11.2,0.0,13.9,0.0,13.7,0.0,13.0,0.0,2025-10-24,7
11.5,10.0,14.9,36.0,14.5,44.0,14.6,59.0,2025-10-24,8
12.0,78.0,17.2,180.0,17.1,198.0,17.7,241.0,2025-10-24,9
12.8,159.0,19.6,356.0,19.8,373.0,19.5,427.0,2025-10-24,10
14.8,289.0,22.0,514.0,22.1,525.0,21.1,574.0,2025-10-24,11
17.7,482.0,24.3,618.0,23.6,625.0,22.4,668.0,2025-10-24,12
19.4,590.0,26.4,659.0,23.9,664.0,23.6,698.0,2025-10-24,13
20.4,560.0,27.7,636.0,23.0,635.0,24.6,663.0,2025-10-24,14
21.2,495.0,27.8,550.0,22.6,542.0,25.3,565.0,2025-10-24,15
21.3,396.0,25.8,409.0,22.2,397.0,25.4,414.0,2025-10-24,16
21.0,252.0,22.4,234.0,20.4,221.0,25.6,227.0,2025-10-24,17
19.7,84.0,20.2,65.0,19.2,57.0,23.6,49.0,2025-10-24,18
18.4,1.0,18.8,0.0,18.4,0.0,21.7,0.0,2025-10-24,19
17.2,0.0,17.7,0.0,17.6,0.0,20.1,0.0,2025-10-24,20
15.9,0.0,16.8,0.0,17.2,0.0,19.1,0.0,2025-10-24,21
15.1,0.0,16.5,0.0,16.7,0.0,18.8,0.0,2025-10-24,22
14.8,0.0,16.1,0.0,16.4,0.0,18.1,0.0,2025-10-24,23
14.4,0.0,16.2,0.0,15.9,0.0,17.3,0.0,2025-10-25,0
14.2,0.0,16.0,0.0,16.6,0.0,17.0,0.0,2025-10-25,1
14.3,0.0,16.1,0.0,16.8,0.0,16.6,0.0,2025-10-25,2
14.1,0.0,15.9,0.0,16.6,0.0,16.3,0.0,2025-10-25,3
14.2,0.0,15.6,0.0,16.1,0.0,15.9,0.0,2025-10-25,4
14.4,0.0,15.5,0.0,15.4,0.0,15.9,0.0,2025-10-25,5
14.6,0.0,15.4,0.0,15.4,0.0,15.0,0.0,2025-10-25,6
14.2,0.0,15.3,0.0,15.4,0.0,14.0,0.0,2025-10-25,7
14.1,3.0,15.3,14.0,15.4,15.0,16.0,57.0,2025-10-25,8
14.4,18.0,15.7,96.0,15.4,67.0,19.4,240.0,2025-10-25,9
14.7,22.0,16.6,170.0,16.5,128.0,22.5,426.0,2025-10-25,10
15.1,50.0,17.4,294.0,17.7,281.0,24.5,576.0,2025-10-25,11
15.7,69.0,20.0,517.0,20.0,553.0,25.9,657.0,2025-10-25,12
16.8,143.0,21.6,573.0,21.1,632.0,26.7,675.0,2025-10-25,13
17.5,174.0,22.9,568.0,21.3,635.0,27.5,625.0,2025-10-25,14
18.6,268.0,23.5,503.0,20.9,546.0,27.6,526.0,2025-10-25,15
19.4,270.0,23.6,400.0,20.7,401.0,27.1,415.0,2025-10-25,16
18.9,106.0,22.1,232.0,20.0,223.0,25.9,211.0,2025-10-25,17
18.0,29.0,19.4,60.0,18.6,57.0,24.2,21.0,2025-10-25,18
17.3,0.0,17.6,0.0,17.8,0.0,23.4,0.0,2025-10-25,19
16.8,0.0,16.5,0.0,17.5,0.0,22.4,0.0,2025-10-25,20
16.4,0.0,15.9,0.0,17.1,0.0,22.0,0.0,2025-10-25,21
15.9,0.0,15.5,0.0,16.5,0.0,21.2,0.0,2025-10-25,22
15.7,0.0,15.2,0.0,15.9,0.0,20.3,0.0,2025-10-25,23
15.3,0.0,15.0,0.0,15.3,0.0,19.5,0.0,2025-10-26,0
14.4,0.0,14.7,0.0,14.6,0.0,18.4,0.0,2025-10-26,1
14.7,0.0,14.3,0.0,14.0,0.0,17.5,0.0,2025-10-26,2
14.5,0.0,14.2,0.0,13.2,0.0,16.2,0.0,2025-10-26,3
14.3,0.0,13.7,0.0,12.8,0.0,15.5,0.0,2025-10-26,4
14.7,0.0,14.7,0.0,12.5,0.0,15.2,0.0,2025-10-26,5
14.1,0.0,14.3,0.0,12.4,0.0,15.2,0.0,2025-10-26,6
14.1,0.0,14.3,0.0,11.9,0.0,14.6,0.0,2025-10-26,7
14.1,3.0,14.1,16.0,12.1,27.0,15.6,53.0,2025-10-26,8
14.5,37.0,14.3,97.0,13.8,134.0,17.7,228.0,2025-10-26,9
14.9,62.0,15.4,264.0,16.6,270.0,19.9,408.0,2025-10-26,10
15.9,153.0,18.5,479.0,19.3,493.0,21.9,551.0,2025-10-26,11
17.5,199.0,20.8,596.0,20.5,610.0,23.4,644.0,2025-10-26,12
18.7,198.0,22.7,641.0,21.0,653.0,24.3,675.0,2025-10-26,13
20.1,281.0,23.5,611.0,21.2,625.0,24.7,639.0,2025-10-26,14
19.4,140.0,23.5,525.0,21.3,533.0,24.7,546.0,2025-10-26,15
18.8,130.0,22.9,392.0,20.9,391.0,24.5,396.0,2025-10-26,16
18.9,94.0,21.9,221.0,20.1,215.0,24.1,214.0,2025-10-26,17
17.8,47.0,20.2,58.0,18.9,52.0,22.5,43.0,2025-10-26,18
17.4,0.0,18.7,0.0,18.1,0.0,21.1,0.0,2025-10-26,19
16.6,0.0,17.7,0.0,17.5,0.0,20.2,0.0,2025-10-26,20
16.0,0.0,17.2,0.0,17.0,0.0,18.8,0.0,2025-10-26,21
15.1,0.0,16.7,0.0,16.4,0.0,17.4,0.0,2025-10-26,22
13.7,0.0,15.4,0.0,15.7,0.0,16.6,0.0,2025-10-26,23
13.7,0.0,15.3,0.0,15.0,0.0,16.1,0.0,2025-10-27,0
13.7,0.0,14.9,0.0,14.6,0.0,15.7,0.0,2025-10-27,1
13.9,0.0,14.5,0.0,14.0,0.0,15.0,0.0,2025-10-27,2
13.8,0.0,14.1,0.0,14.2,0.0,14.4,0.0,2025-10-27,3
13.9,0.0,13.8,0.0,13.8,0.0,13.8,0.0,2025-10-27,4
13.8,0.0,14.3,0.0,14.9,0.0,13.0,0.0,2025-10-27,5
13.9,0.0,14.4,0.0,15.1,0.0,13.2,0.0,2025-10-27,6
13.9,0.0,14.4,0.0,14.9,0.0,12.6,0.0,2025-10-27,7
13.7,4.0,14.1,23.0,15.5,33.0,13.4,51.0,2025-10-27,8
13.8,43.0,15.1,125.0,17.0,156.0,15.4,226.0,2025-10-27,9
14.4,96.0,17.1,281.0,18.6,334.0,17.5,409.0,2025-10-27,10
15.9,227.0,17.6,442.0,19.7,518.0,20.3,555.0,2025-10-27,11
16.9,354.0,19.3,483.0,21.0,607.0,22.5,650.0,2025-10-27,12
18.3,510.0,20.5,529.0,21.6,662.0,24.2,682.0,2025-10-27,13
19.6,602.0,22.2,564.0,22.1,634.0,26.1,647.0,2025-10-27,14
20.2,526.0,23.0,516.0,22.2,542.0,27.8,550.0,2025-10-27,15
20.4,399.0,22.4,392.0,21.6,398.0,27.7,400.0,2025-10-27,16
20.2,237.0,21.0,220.0,20.2,219.0,25.8,216.0,2025-10-27,17
18.3,73.0,18.9,58.0,19.3,53.0,22.8,43.0,2025-10-27,18
17.0,0.0,17.5,0.0,18.3,0.0,21.5,0.0,2025-10-27,19
15.7,0.0,16.6,0.0,17.7,0.0,20.5,0.0,2025-10-27,20
14.7,0.0,16.1,0.0,17.2,0.0,18.7,0.0,2025-10-27,21
14.2,0.0,15.7,0.0,17.0,0.0,17.6,0.0,2025-10-27,22
13.0,0.0,15.1,0.0,16.0,0.0,16.6,0.0,2025-10-27,23
12.3,0.0,14.9,0.0,15.3,0.0,16.5,0.0,2025-10-28,0
11.7,0.0,14.5,0.0,14.6,0.0,16.0,0.0,2025-10-28,1
11.1,0.0,14.1,0.0,14.3,0.0,14.8,0.0,2025-10-28,2
10.4,0.0,13.6,0.0,14.4,0.0,13.8,0.0,2025-10-28,3
10.3,0.0,13.3,0.0,14.6,0.0,13.2,0.0,2025-10-28,4
9.4,0.0,13.0,0.0,14.5,0.0,12.7,0.0,2025-10-28,5
8.6,0.0,11.8,0.0,13.9,0.0,12.5,0.0,2025-10-28,6
8.2,0.0,11.3,0.0,13.7,0.0,12.1,0.0,2025-10-28,7
8.5,9.0,12.0,32.0,14.9,42.0,13.2,51.0,2025-10-28,8
10.1,121.0,16.5,186.0,18.2,200.0,15.9,228.0,2025-10-28,9
12.1,274.0,20.8,368.0,21.4,378.0,17.2,412.0,2025-10-28,10
14.6,417.0,24.7,520.0,24.1,527.0,18.8,559.0,2025-10-28,11
16.7,514.0,27.9,622.0,25.4,625.0,20.4,650.0,2025-10-28,12
18.5,586.0,30.3,662.0,25.7,662.0,21.0,680.0,2025-10-28,13
19.9,579.0,31.9,638.0,25.6,631.0,21.8,644.0,2025-10-28,14
20.8,509.0,32.9,549.0,25.3,537.0,22.4,547.0,2025-10-28,15
21.1,387.0,32.8,406.0,24.1,390.0,22.7,396.0,2025-10-28,16
21.6,229.0,31.4,227.0,22.4,210.0,21.6,211.0,2025-10-28,17
19.9,69.0,27.4,58.0,20.7,50.0,19.7,40.0,2025-10-28,18
18.8,0.0,24.8,0.0,19.8,0.0,19.4,0.0,2025-10-28,19
17.8,0.0,22.3,0.0,18.9,0.0,19.1,0.0,2025-10-28,20
17.1,0.0,21.3,0.0,18.2,0.0,18.7,0.0,2025-10-28,21
16.0,0.0,20.1,0.0,18.4,0.0,18.0,0.0,2025-10-28,22
14.9,0.0,20.6,0.0,18.1,0.0,17.1,0.0,2025-10-28,23
14.0,0.0,19.1,0.0,17.6,0.0,16.5,0.0,2025-10-29,0
13.0,0.0,17.6,0.0,17.1,0.0,16.1,0.0,2025-10-29,1
12.5,0.0,15.5,0.0,16.8,0.0,15.3,0.0,2025-10-29,2
12.2,0.0,14.0,0.0,17.1,0.0,14.7,0.0,2025-10-29,3
11.6,0.0,13.1,0.0,16.4,0.0,14.1,0.0,2025-10-29,4
11.0,0.0,15.6,0.0,17.4,0.0,13.9,0.0,2025-10-29,5
10.1,0.0,15.2,0.0,16.4,0.0,13.2,0.0,2025-10-29,6
9.5,0.0,13.9,0.0,15.8,0.0,12.9,0.0,2025-10-29,7
9.3,8.0,14.0,32.0,17.2,43.0,14.0,49.0,2025-10-29,8
11.0,112.0,17.1,188.0,20.7,208.0,16.4,227.0,2025-10-29,9
13.8,273.0,22.4,369.0,24.9,391.0,18.0,412.0,2025-10-29,10
16.8,431.0,27.3,522.0,28.4,544.0,19.1,560.0,2025-10-29,11
20.0,537.0,30.6,624.0,30.5,645.0,20.8,653.0,2025-10-29,12
22.4,588.0,32.6,664.0,30.4,682.0,22.6,683.0,2025-10-29,13
24.2,578.0,34.1,639.0,29.4,650.0,24.1,648.0,2025-10-29,14
25.5,509.0,34.7,550.0,27.9,551.0,25.2,549.0,2025-10-29,15
26.0,388.0,33.9,407.0,26.0,397.0,25.4,397.0,2025-10-29,16
26.1,228.0,30.3,228.0,25.0,213.0,25.0,210.0,2025-10-29,17
23.8,68.0,27.0,57.0,22.4,51.0,22.5,38.0,2025-10-29,18
22.4,0.0,26.1,0.0,20.6,0.0,21.5,0.0,2025-10-29,19
21.3,0.0,23.8,0.0,19.5,0.0,20.5,0.0,2025-10-29,20
19.8,0.0,21.1,0.0,18.7,0.0,18.9,0.0,2025-10-29,21
18.9,0.0,19.5,0.0,18.0,0.0,17.8,0.0,2025-10-29,22
17.7,0.0,20.2,0.0,18.0,0.0,17.2,0.0,2025-10-29,23
16.9,0.0,18.5,0.0,17.3,0.0,16.4,0.0,2025-10-30,0
16.1,0.0,16.8,0.0,17.0,0.0,15.6,0.0,2025-10-30,1
15.4,0.0,16.0,0.0,16.3,0.0,15.0,0.0,2025-10-30,2
14.7,0.0,15.6,0.0,15.6,0.0,14.5,0.0,2025-10-30,3
13.6,0.0,15.7,0.0,15.2,0.0,14.0,0.0,2025-10-30,4
13.0,0.0,19.0,0.0,15.5,0.0,14.7,0.0,2025-10-30,5
12.0,0.0,18.1,0.0,14.3,0.0,13.5,0.0,2025-10-30,6
11.5,0.0,17.6,0.0,13.5,0.0,12.9,0.0,2025-10-30,7
11.4,8.0,18.1,31.0,14.9,41.0,14.2,47.0,2025-10-30,8
13.3,120.0,20.8,185.0,18.5,205.0,17.6,222.0,2025-10-30,9
15.7,293.0,23.3,367.0,22.7,388.0,19.9,407.0,2025-10-30,10
18.4,441.0,26.2,519.0,25.5,541.0,20.9,554.0,2025-10-30,11
20.6,539.0,28.1,620.0,27.4,640.0,22.4,646.0,2025-10-30,12
22.3,589.0,29.7,660.0,26.7,676.0,23.6,677.0,2025-10-30,13
23.7,578.0,30.9,634.0,25.1,646.0,24.6,641.0,2025-10-30,14
24.5,509.0,31.4,546.0,24.1,545.0,25.2,542.0,2025-10-30,15
24.7,377.0,31.1,403.0,23.3,390.0,25.1,391.0,2025-10-30,16
24.6,217.0,29.2,225.0,22.4,212.0,24.8,205.0,2025-10-30,17
22.8,62.0,25.7,55.0,20.3,49.0,21.8,36.0,2025-10-30,18
21.5,0.0,23.1,0.0,18.9,0.0,20.6,0.0,2025-10-30,19
20.0,0.0,21.8,0.0,18.0,0.0,19.9,0.0,2025-10-30,20
18.5,0.0,20.8,0.0,17.2,0.0,19.2,0.0,2025-10-30,21
17.2,0.0,20.0,0.0,16.7,0.0,18.4,0.0,2025-10-30,22
15.9,0.0,19.1,0.0,16.2,0.0,17.5,0.0,2025-10-30,23
14.6,0.0,18.6,0.0,15.6,0.0,17.5,0.0,2025-10-31,0
14.2,0.0,17.4,0.0,15.6,0.0,16.7,0.0,2025-10-31,1
13.7,0.0,16.7,0.0,15.2,0.0,15.9,0.0,2025-10-31,2
13.2,0.0,16.2,0.0,15.0,0.0,15.3,0.0,2025-10-31,3
12.6,0.0,15.9,0.0,14.8,0.0,14.8,0.0,2025-10-31,4
11.7,0.0,15.5,0.0,14.7,0.0,14.3,0.0,2025-10-31,5
11.1,0.0,14.8,0.0,14.6,0.0,13.8,0.0,2025-10-31,6
11.1,0.0,15.5,0.0,14.7,0.0,12.9,0.0,2025-10-31,7
10.9,5.0,15.3,12.0,14.7,19.0,13.8,40.0,2025-10-31,8
11.5,70.0,15.6,82.0,15.6,118.0,17.5,219.0,2025-10-31,9
13.0,186.0,16.7,178.0,17.4,289.0,20.3,403.0,2025-10-31,10
15.7,349.0,18.1,453.0,18.7,459.0,21.6,551.0,2025-10-31,11
19.6,539.0,20.8,576.0,20.3,582.0,23.5,643.0,2025-10-31,12
22.3,586.0,22.8,637.0,20.7,644.0,24.9,673.0,2025-10-31,13
24.3,576.0,24.4,616.0,20.9,617.0,25.9,637.0,2025-10-31,14
25.6,506.0,25.4,532.0,20.5,493.0,26.1,538.0,2025-10-31,15
26.2,383.0,25.5,394.0,20.2,382.0,26.0,387.0,2025-10-31,16
26.2,224.0,25.5,218.0,19.5,207.0,25.7,201.0,2025-10-31,17
23.6,63.0,22.5,52.0,18.2,46.0,23.7,34.0,2025-10-31,18
21.6,0.0,20.4,0.0,17.5,0.0,21.6,0.0,2025-10-31,19
20.2,0.0,18.8,0.0,16.7,0.0,20.1,0.0,2025-10-31,20
19.1,0.0,17.9,0.0,16.5,0.0,19.4,0.0,2025-10-31,21
17.6,0.0,17.3,0.0,16.2,0.0,18.7,0.0,2025-10-31,22
16.6,0.0,16.3,0.0,15.4,0.0,17.8,0.0,2025-10-31,23
15.7,0.0,15.8,0.0,14.5,0.0,17.2,0.0,2025-11-01,0
15.0,0.0,15.3,0.0,14.1,0.0,16.4,0.0,2025-11-01,1
14.5,0.0,14.6,0.0,13.9,0.0,15.5,0.0,2025-11-01,2
13.9,0.0,14.2,0.0,13.7,0.0,15.2,0.0,2025-11-01,3
13.2,0.0,14.0,0.0,13.7,0.0,14.7,0.0,2025-11-01,4
12.6,0.0,13.8,0.0,14.7,0.0,14.5,0.0,2025-11-01,5
11.5,0.0,13.6,0.0,14.6,0.0,13.7,0.0,2025-11-01,6
11.1,0.0,13.5,0.0,14.8,0.0,13.0,0.0,2025-11-01,7
11.1,6.0,13.9,18.0,14.9,16.0,14.3,42.0,2025-11-01,8
12.9,110.0,14.8,116.0,14.9,71.0,18.2,214.0,2025-11-01,9
15.4,272.0,17.2,262.0,16.1,182.0,20.9,397.0,2025-11-01,10
17.8,414.0,18.5,426.0,17.3,377.0,21.6,544.0,2025-11-01,11
20.5,527.0,20.9,533.0,19.7,575.0,23.3,636.0,2025-11-01,12
22.4,581.0,22.9,598.0,20.5,628.0,24.5,666.0,2025-11-01,13
23.9,571.0,24.5,592.0,20.6,617.0,25.5,631.0,2025-11-01,14
24.8,501.0,25.1,521.0,20.5,526.0,25.8,533.0,2025-11-01,15
25.2,379.0,24.4,386.0,20.1,383.0,25.6,382.0,2025-11-01,16
25.2,220.0,22.9,213.0,19.4,204.0,24.5,198.0,2025-11-01,17
23.0,61.0,19.6,49.0,18.3,44.0,22.0,33.0,2025-11-01,18
21.6,0.0,17.7,0.0,17.5,0.0,20.6,0.0,2025-11-01,19
20.3,0.0,16.4,0.0,17.3,0.0,19.9,0.0,2025-11-01,20
19.3,0.0,16.1,0.0,16.9,0.0,19.3,0.0,2025-11-01,21
18.3,0.0,16.2,0.0,16.5,0.0,18.5,0.0,2025-11-01,22
17.2,0.0,15.6,0.0,15.6,0.0,18.3,0.0,2025-11-01,23
16.4,0.0,15.4,0.0,14.8,0.0,17.7,0.0,2025-11-02,0
15.7,0.0,15.0,0.0,14.9,0.0,16.5,0.0,2025-11-02,1
14.7,0.0,15.0,0.0,14.4,0.0,15.8,0.0,2025-11-02,2
13.7,0.0,14.7,0.0,13.8,0.0,15.5,0.0,2025-11-02,3
12.9,0.0,14.2,0.0,13.7,0.0,15.2,0.0,2025-11-02,4
12.1,0.0,13.8,0.0,13.7,0.0,15.4,0.0,2025-11-02,5
11.4,0.0,13.5,0.0,14.0,0.0,14.7,0.0,2025-11-02,6
10.7,0.0,13.6,0.0,14.3,0.0,13.9,0.0,2025-11-02,7
10.4,5.0,13.7,13.0,14.9,19.0,14.8,41.0,2025-11-02,8
12.1,100.0,14.4,96.0,16.0,113.0,18.2,214.0,2025-11-02,9
15.5,273.0,17.0,235.0,18.7,357.0,21.3,399.0,2025-11-02,10
18.2,418.0,19.1,474.0,20.8,517.0,21.6,546.0,2025-11-02,11
21.1,515.0,21.3,596.0,21.8,608.0,23.7,639.0,2025-11-02,12
23.2,563.0,22.8,633.0,21.2,627.0,24.9,669.0,2025-11-02,13
24.7,552.0,24.0,612.0,21.5,610.0,25.6,633.0,2025-11-02,14
25.5,484.0,24.9,520.0,21.8,525.0,25.9,533.0,2025-11-02,15
25.8,364.0,24.9,388.0,21.5,374.0,25.8,374.0,2025-11-02,16
25.7,208.0,24.7,211.0,20.5,190.0,24.6,185.0,2025-11-02,17
23.7,55.0,21.5,48.0,18.9,39.0,22.1,26.0,2025-11-02,18
23.1,0.0,19.2,0.0,17.9,0.0,21.4,0.0,2025-11-02,19
22.3,0.0,17.6,0.0,17.2,0.0,21.0,0.0,2025-11-02,20
21.4,0.0,17.1,0.0,16.9,0.0,19.9,0.0,2025-11-02,21
19.8,0.0,16.3,0.0,16.7,0.0,18.3,0.0,2025-11-02,22
18.6,0.0,15.6,0.0,16.0,0.0,17.4,0.0,2025-11-02,23
17.8,0.0,15.0,0.0,16.1,0.0,17.4,0.0,2025-11-03,0
17.0,0.0,14.6,0.0,15.7,0.0,16.5,0.0,2025-11-03,1
16.3,0.0,14.2,0.0,15.2,0.0,15.4,0.0,2025-11-03,2
15.8,0.0,13.9,0.0,14.5,0.0,15.0,0.0,2025-11-03,3
15.3,0.0,14.3,0.0,14.2,0.0,14.5,0.0,2025-11-03,4
14.7,0.0,14.5,0.0,13.5,0.0,14.8,0.0,2025-11-03,5
14.0,0.0,14.2,0.0,12.8,0.0,14.4,0.0,2025-11-03,6
13.5,0.0,13.9,0.0,13.0,0.0,13.8,0.0,2025-11-03,7
13.1,5.0,13.9,9.0,14.0,21.0,14.6,39.0,2025-11-03,8
14.3,103.0,14.4,71.0,15.0,84.0,18.0,207.0,2025-11-03,9
16.6,265.0,14.9,175.0,17.0,217.0,20.9,388.0,2025-11-03,10
19.2,414.0,16.5,368.0,17.9,481.0,23.4,532.0,2025-11-03,11
21.1,522.0,18.8,529.0,20.0,597.0,24.8,626.0,2025-11-03,12
22.2,572.0,20.6,570.0,21.0,639.0,25.6,658.0,2025-11-03,13
22.7,563.0,22.5,590.0,21.4,608.0,26.2,623.0,2025-11-03,14
23.0,490.0,23.7,509.0,21.2,526.0,26.4,525.0,2025-11-03,15
23.1,367.0,23.6,375.0,20.6,384.0,26.2,374.0,2025-11-03,16
23.0,208.0,21.2,198.0,19.9,205.0,24.5,190.0,2025-11-03,17
21.0,54.0,18.9,45.0,18.5,42.0,21.7,29.0,2025-11-03,18
19.4,0.0,17.6,0.0,17.7,0.0,20.2,0.0,2025-11-03,19
18.2,0.0,16.6,0.0,16.9,0.0,18.7,0.0,2025-11-03,20
17.1,0.0,16.0,0.0,16.4,0.0,17.6,0.0,2025-11-03,21
16.2,0.0,15.3,0.0,16.1,0.0,16.9,0.0,2025-11-03,22
15.4,0.0,14.7,0.0,15.2,0.0,16.9,0.0,2025-11-03,23
14.9,0.0,14.0,0.0,14.4,0.0,16.6,0.0,2025-11-04,0
14.4,0.0,13.8,0.0,13.8,0.0,15.7,0.0,2025-11-04,1
13.9,0.0,13.6,0.0,13.2,0.0,15.3,0.0,2025-11-04,2
13.4,0.0,13.1,0.0,12.7,0.0,15.0,0.0,2025-11-04,3
13.2,0.0,12.7,0.0,12.4,0.0,14.8,0.0,2025-11-04,4
13.2,0.0,13.0,0.0,12.8,0.0,14.3,0.0,2025-11-04,5
12.6,0.0,13.1,0.0,12.6,0.0,14.0,0.0,2025-11-04,6
12.0,0.0,13.1,0.0,12.6,0.0,13.6,0.0,2025-11-04,7
12.0,4.0,12.9,14.0,12.9,18.0,14.1,37.0,2025-11-04,8
13.7,92.0,13.6,110.0,13.9,106.0,17.4,204.0,2025-11-04,9
16.1,236.0,15.2,222.0,16.3,253.0,20.0,385.0,2025-11-04,10
18.5,380.0,17.2,438.0,19.0,478.0,22.6,530.0,2025-11-04,11
20.0,419.0,19.7,566.0,21.0,608.0,24.3,624.0,2025-11-04,12
21.5,549.0,21.7,625.0,21.4,648.0,25.3,655.0,2025-11-04,13
22.3,500.0,23.4,607.0,21.0,620.0,25.9,620.0,2025-11-04,14
22.6,428.0,24.1,519.0,20.4,526.0,26.1,523.0,2025-11-04,15
22.7,313.0,23.3,380.0,20.0,380.0,26.0,372.0,2025-11-04,16
21.9,164.0,21.2,206.0,19.2,202.0,24.3,188.0,2025-11-04,17
21.0,28.0,18.8,45.0,17.8,40.0,21.8,28.0,2025-11-04,18
20.2,0.0,17.5,0.0,17.0,0.0,20.8,0.0,2025-11-04,19
19.0,0.0,16.5,0.0,16.5,0.0,19.5,0.0,2025-11-04,20
17.3,0.0,15.8,0.0,16.2,0.0,18.4,0.0,2025-11-04,21
16.4,0.0,15.0,0.0,15.8,0.0,16.9,0.0,2025-11-04,22
15.6,0.0,14.6,0.0,15.0,0.0,15.8,0.0,2025-11-04,23
15.1,0.0,14.1,0.0,14.5,0.0,15.7,0.0,2025-11-05,0
14.6,0.0,13.7,0.0,14.1,0.0,15.4,0.0,2025-11-05,1
14.3,0.0,13.7,0.0,13.6,0.0,14.9,0.0,2025-11-05,2
14.0,0.0,13.5,0.0,13.6,0.0,14.4,0.0,2025-11-05,3
14.5,0.0,13.3,0.0,14.0,0.0,14.0,0.0,2025-11-05,4
14.8,0.0,13.5,0.0,14.4,0.0,13.0,0.0,2025-11-05,5
14.8,0.0,13.4,0.0,14.9,0.0,13.1,0.0,2025-11-05,6
13.7,0.0,13.7,0.0,13.9,0.0,13.1,0.0,2025-11-05,7
13.3,0.0,14.3,11.0,14.7,28.0,13.9,35.0,2025-11-05,8
13.9,13.0,15.4,77.0,16.1,140.0,17.8,200.0,2025-11-05,9
14.5,68.0,17.2,212.0,18.1,331.0,21.3,380.0,2025-11-05,10
14.7,50.0,18.8,337.0,19.3,500.0,23.8,520.0,2025-11-05,11
15.3,51.0,20.3,405.0,20.4,598.0,24.6,608.0,2025-11-05,12
16.9,236.0,21.2,454.0,20.4,630.0,25.3,639.0,2025-11-05,13
15.9,115.0,21.7,456.0,20.5,595.0,25.4,567.0,2025-11-05,14
15.8,148.0,21.9,489.0,20.2,509.0,25.0,496.0,2025-11-05,15
17.0,175.0,21.6,358.0,19.7,362.0,24.7,360.0,2025-11-05,16
15.4,81.0,20.0,199.0,18.3,193.0,23.8,181.0,2025-11-05,17
15.8,15.0,18.4,39.0,17.2,38.0,21.8,25.0,2025-11-05,18
15.4,0.0,17.1,0.0,16.7,0.0,20.5,0.0,2025-11-05,19
15.0,0.0,16.4,0.0,16.4,0.0,19.6,0.0,2025-11-05,20
15.0,0.0,16.1,0.0,16.3,0.0,19.2,0.0,2025-11-05,21
14.5,0.0,15.5,0.0,15.9,0.0,18.9,0.0,2025-11-05,22
14.6,0.0,15.2,0.0,15.0,0.0,18.2,0.0,2025-11-05,23
14.3,0.0,14.7,0.0,14.1,0.0,17.1,0.0,2025-11-06,0
13.0,0.0,14.3,0.0,13.7,0.0,16.0,0.0,2025-11-06,1
12.8,0.0,13.7,0.0,13.9,0.0,14.7,0.0,2025-11-06,2
12.9,0.0,13.1,0.0,13.7,0.0,13.8,0.0,2025-11-06,3
12.8,0.0,12.9,0.0,13.2,0.0,13.0,0.0,2025-11-06,4
13.2,0.0,12.6,0.0,13.0,0.0,13.1,0.0,2025-11-06,5
12.8,0.0,12.1,0.0,12.1,0.0,12.9,0.0,2025-11-06,6
11.9,0.0,11.7,0.0,11.9,0.0,12.2,0.0,2025-11-06,7
11.7,3.0,12.6,21.0,12.6,28.0,12.7,30.0,2025-11-06,8
13.6,89.0,14.1,158.0,15.1,173.0,14.4,185.0,2025-11-06,9
15.5,230.0,16.3,332.0,18.1,350.0,16.0,363.0,2025-11-06,10
17.0,377.0,17.3,480.0,19.8,497.0,17.6,505.0,2025-11-06,11
18.6,459.0,19.5,578.0,20.9,586.0,19.1,593.0,2025-11-06,12
19.7,503.0,21.2,617.0,21.2,620.0,20.1,622.0,2025-11-06,13
20.3,518.0,22.7,592.0,21.0,590.0,21.2,587.0,2025-11-06,14
20.8,463.0,23.4,506.0,20.8,493.0,21.9,493.0,2025-11-06,15
20.9,341.0,23.1,367.0,20.6,333.0,22.3,349.0,2025-11-06,16
20.5,190.0,22.2,196.0,19.6,173.0,22.1,173.0,2025-11-06,17
19.1,37.0,20.5,40.0,18.6,34.0,19.7,24.0,2025-11-06,18
18.0,0.0,19.0,0.0,18.1,0.0,18.7,0.0,2025-11-06,19
17.1,0.0,17.6,0.0,17.7,0.0,17.8,0.0,2025-11-06,20
16.1,0.0,16.7,0.0,17.4,0.0,16.8,0.0,2025-11-06,21
15.1,0.0,16.3,0.0,17.2,0.0,16.2,0.0,2025-11-06,22
16.1,0.0,15.6,0.0,17.1,0.0,15.5,0.0,2025-11-06,23
15.0,0.0,15.0,0.0,16.9,0.0,15.5,0.0,2025-11-07,0
14.5,0.0,14.5,0.0,17.0,0.0,14.8,0.0,2025-11-07,1
14.2,0.0,13.9,0.0,16.7,0.0,14.0,0.0,2025-11-07,2
13.7,0.0,13.5,0.0,16.2,0.0,13.4,0.0,2025-11-07,3
13.2,0.0,13.2,0.0,15.7,0.0,12.9,0.0,2025-11-07,4
13.3,0.0,13.2,0.0,13.9,0.0,13.1,0.0,2025-11-07,5
13.2,0.0,12.9,0.0,13.6,0.0,12.5,0.0,2025-11-07,6
13.4,0.0,12.6,0.0,13.6,0.0,11.9,0.0,2025-11-07,7
13.7,1.0,12.7,13.0,13.5,18.0,12.8,30.0,2025-11-07,8
13.8,19.0,14.2,122.0,14.7,128.0,16.0,186.0,2025-11-07,9
14.5,80.0,16.8,299.0,17.7,337.0,17.9,361.0,2025-11-07,10
15.7,267.0,19.7,474.0,19.7,490.0,19.4,503.0,2025-11-07,11
18.0,387.0,22.7,571.0,21.0,596.0,21.4,593.0,2025-11-07,12
19.6,495.0,25.0,617.0,21.3,634.0,23.0,622.0,2025-11-07,13
21.1,473.0,26.6,592.0,20.8,606.0,24.3,589.0,2025-11-07,14
21.6,368.0,26.9,503.0,20.6,513.0,24.9,494.0,2025-11-07,15
21.8,333.0,25.5,365.0,20.4,369.0,25.0,348.0,2025-11-07,16
21.4,191.0,24.3,196.0,19.5,194.0,24.1,171.0,2025-11-07,17
19.6,44.0,21.7,40.0,18.0,36.0,21.8,22.0,2025-11-07,18
18.5,0.0,20.4,0.0,17.1,0.0,21.0,0.0,2025-11-07,19
17.7,0.0,19.9,0.0,16.7,0.0,19.8,0.0,2025-11-07,20
16.9,0.0,19.2,0.0,16.2,0.0,18.6,0.0,2025-11-07,21
16.3,0.0,18.4,0.0,16.0,0.0,17.5,0.0,2025-11-07,22
15.5,0.0,17.7,0.0,15.5,0.0,16.5,0.0,2025-11-07,23
15.0,0.0,17.0,0.0,14.8,0.0,16.0,0.0,2025-11-08,0
14.4,0.0,16.9,0.0,14.7,0.0,15.3,0.0,2025-11-08,1
13.7,0.0,16.2,0.0,14.5,0.0,15.0,0.0,2025-11-08,2
13.1,0.0,15.5,0.0,14.1,0.0,14.6,0.0,2025-11-08,3
12.3,0.0,14.8,0.0,13.6,0.0,14.2,0.0,2025-11-08,4
11.8,0.0,14.5,0.0,14.0,0.0,14.0,0.0,2025-11-08,5
10.7,0.0,13.5,0.0,13.4,0.0,13.6,0.0,2025-11-08,6
10.5,0.0,13.1,0.0,12.8,0.0,13.1,0.0,2025-11-08,7
10.9,2.0,13.6,18.0,13.5,25.0,13.7,28.0,2025-11-08,8
11.6,67.0,16.5,150.0,15.6,168.0,16.6,177.0,2025-11-08,9
12.7,163.0,19.0,322.0,18.6,356.0,18.4,352.0,2025-11-08,10
15.0,284.0,20.6,474.0,19.6,509.0,20.4,499.0,2025-11-08,11
16.2,320.0,23.3,580.0,20.4,604.0,22.8,590.0,2025-11-08,12
17.5,454.0,25.4,620.0,20.5,638.0,24.3,620.0,2025-11-08,13
18.8,509.0,26.9,594.0,20.4,607.0,25.4,587.0,2025-11-08,14
19.5,453.0,27.6,509.0,19.9,510.0,25.9,493.0,2025-11-08,15
19.8,339.0,27.1,369.0,19.1,368.0,25.9,348.0,2025-11-08,16
20.1,190.0,25.7,197.0,17.7,191.0,25.1,170.0,2025-11-08,17
18.6,43.0,22.8,39.0,16.3,36.0,22.3,21.0,2025-11-08,18
17.8,0.0,21.1,0.0,15.9,0.0,20.0,0.0,2025-11-08,19
17.1,0.0,19.9,0.0,15.4,0.0,18.5,0.0,2025-11-08,20
16.2,0.0,18.6,0.0,15.1,0.0,17.6,0.0,2025-11-08,21
15.2,0.0,17.6,0.0,14.7,0.0,16.7,0.0,2025-11-08,22
14.5,0.0,16.3,0.0,14.1,0.0,15.7,0.0,2025-11-08,23
13.8,0.0,16.0,0.0,13.5,0.0,15.5,0.0,2025-11-09,0
13.4,0.0,15.4,0.0,13.6,0.0,15.0,0.0,2025-11-09,1
13.0,0.0,14.8,0.0,13.6,0.0,14.5,0.0,2025-11-09,2
12.6,0.0,14.3,0.0,13.4,0.0,14.1,0.0,2025-11-09,3
12.1,0.0,13.9,0.0,13.1,0.0,13.8,0.0,2025-11-09,4
10.7,0.0,13.7,0.0,13.1,0.0,13.4,0.0,2025-11-09,5
10.0,0.0,13.4,0.0,12.5,0.0,13.0,0.0,2025-11-09,6
9.7,0.0,13.0,0.0,12.0,0.0,12.8,0.0,2025-11-09,7
9.4,2.0,13.9,18.0,12.8,28.0,13.3,27.0,2025-11-09,8
10.0,66.0,16.6,152.0,15.8,178.0,16.1,182.0,2025-11-09,9
12.1,218.0,19.9,328.0,19.1,356.0,17.5,359.0,2025-11-09,10
15.5,389.0,23.5,475.0,21.4,504.0,18.6,502.0,2025-11-09,11
18.3,489.0,25.0,579.0,23.1,597.0,20.2,591.0,2025-11-09,12
20.6,538.0,26.9,618.0,24.1,633.0,21.3,621.0,2025-11-09,13
22.5,526.0,28.8,599.0,24.4,598.0,22.5,586.0,2025-11-09,14
23.8,459.0,29.8,515.0,24.3,511.0,23.3,491.0,2025-11-09,15
24.3,341.0,29.6,373.0,23.5,370.0,23.3,344.0,2025-11-09,16
23.2,188.0,27.3,196.0,20.7,193.0,22.1,166.0,2025-11-09,17
21.0,42.0,22.9,38.0,19.2,34.0,19.9,20.0,2025-11-09,18
19.6,0.0,19.9,0.0,18.6,0.0,19.7,0.0,2025-11-09,19
18.4,0.0,17.7,0.0,17.8,0.0,19.0,0.0,2025-11-09,20
17.8,0.0,16.4,0.0,17.3,0.0,18.3,0.0,2025-11-09,21
17.1,0.0,16.4,0.0,16.8,0.0,17.7,0.0,2025-11-09,22
16.6,0.0,16.3,0.0,16.4,0.0,17.3,0.0,2025-11-09,23
15.8,0.0,15.7,0.0,16.0,0.0,16.9,0.0,2025-11-10,0
14.7,0.0,15.0,0.0,15.2,0.0,16.2,0.0,2025-11-10,1
14.1,0.0,14.5,0.0,14.8,0.0,15.6,0.0,2025-11-10,2
13.3,0.0,14.5,0.0,14.9,0.0,15.0,0.0,2025-11-10,3
12.6,0.0,14.5,0.0,14.8,0.0,14.4,0.0,2025-11-10,4
11.6,0.0,14.9,0.0,14.5,0.0,15.1,0.0,2025-11-10,5
10.7,0.0,14.0,0.0,14.3,0.0,14.3,0.0,2025-11-10,6
10.4,0.0,12.9,0.0,14.2,0.0,13.6,0.0,2025-11-10,7
10.2,2.0,13.0,18.0,15.5,26.0,14.1,26.0,2025-11-10,8
12.0,81.0,16.7,157.0,18.4,176.0,16.9,181.0,2025-11-10,9
14.5,232.0,21.8,337.0,21.8,351.0,19.5,359.0,2025-11-10,10
17.3,376.0,25.6,488.0,24.7,498.0,20.2,504.0,2025-11-10,11
19.8,475.0,29.0,589.0,25.6,597.0,22.0,596.0,2025-11-10,12
21.6,515.0,31.3,629.0,25.5,632.0,23.6,625.0,2025-11-10,13
22.9,512.0,32.5,603.0,25.1,610.0,24.5,591.0,2025-11-10,14
23.6,436.0,32.8,515.0,23.6,509.0,25.1,493.0,2025-11-10,15
23.8,304.0,31.6,364.0,22.0,365.0,25.1,346.0,2025-11-10,16
23.6,183.0,26.0,191.0,20.5,182.0,24.5,167.0,2025-11-10,17
21.3,39.0,22.8,37.0,19.1,34.0,22.7,20.0,2025-11-10,18
19.9,0.0,21.6,0.0,18.5,0.0,21.2,0.0,2025-11-10,19
18.6,0.0,20.8,0.0,17.8,0.0,20.1,0.0,2025-11-10,20
17.8,0.0,20.3,0.0,17.2,0.0,19.3,0.0,2025-11-10,21
16.8,0.0,19.6,0.0,17.2,0.0,18.4,0.0,2025-11-10,22
16.2,0.0,18.4,0.0,16.2,0.0,18.1,0.0,2025-11-10,23
15.6,0.0,17.1,0.0,15.0,0.0,17.5,0.0,2025-11-11,0
15.1,0.0,17.4,0.0,14.5,0.0,17.0,0.0,2025-11-11,1
14.5,0.0,17.6,0.0,14.3,0.0,15.9,0.0,2025-11-11,2
13.9,0.0,16.9,0.0,14.1,0.0,15.3,0.0,2025-11-11,3
13.1,0.0,16.1,0.0,14.1,0.0,14.5,0.0,2025-11-11,4
12.2,0.0,16.9,0.0,14.8,0.0,14.2,0.0,2025-11-11,5
10.7,0.0,14.5,0.0,13.8,0.0,13.3,0.0,2025-11-11,6
10.7,0.0,13.8,0.0,13.9,0.0,12.8,0.0,2025-11-11,7
10.6,1.0,14.2,15.0,14.3,21.0,13.3,21.0,2025-11-11,8
12.1,71.0,16.7,147.0,15.8,139.0,16.2,156.0,2025-11-11,9
14.7,197.0,19.8,275.0,19.1,319.0,19.3,325.0,2025-11-11,10
16.5,278.0,21.8,378.0,20.0,371.0,19.7,470.0,2025-11-11,11
18.3,340.0,23.7,495.0,21.2,570.0,21.4,509.0,2025-11-11,12
19.7,397.0,25.3,583.0,21.3,578.0,22.4,552.0,2025-11-11,13
20.3,305.0,26.4,581.0,21.8,572.0,23.3,556.0,2025-11-11,14
21.3,355.0,26.9,489.0,22.3,504.0,23.5,427.0,2025-11-11,15
21.5,271.0,25.8,288.0,21.8,353.0,23.4,320.0,2025-11-11,16
20.8,160.0,24.7,127.0,20.1,151.0,22.6,155.0,2025-11-11,17
19.1,22.0,22.0,28.0,18.5,24.0,21.1,16.0,2025-11-11,18
18.5,0.0,19.7,0.0,18.0,0.0,20.4,0.0,2025-11-11,19
18.0,0.0,18.5,0.0,17.1,0.0,19.9,0.0,2025-11-11,20
17.6,0.0,17.7,0.0,16.9,0.0,19.5,0.0,2025-11-11,21
16.1,0.0,16.9,0.0,16.8,0.0,18.2,0.0,2025-11-11,22
15.4,0.0,16.6,0.0,16.2,0.0,18.1,0.0,2025-11-11,23
14.3,0.0,16.0,0.0,15.8,0.0,17.3,0.0,2025-11-12,0
13.6,0.0,15.8,0.0,15.8,0.0,17.2,0.0,2025-11-12,1
13.2,0.0,15.2,0.0,15.6,0.0,16.3,0.0,2025-11-12,2
12.6,0.0,14.9,0.0,15.4,0.0,16.0,0.0,2025-11-12,3
12.4,0.0,14.8,0.0,15.1,0.0,15.2,0.0,2025-11-12,4
12.9,0.0,14.7,0.0,15.4,0.0,15.1,0.0,2025-11-12,5
13.0,0.0,14.6,0.0,15.5,0.0,14.9,0.0,2025-11-12,6
13.1,0.0,14.2,0.0,15.8,0.0,14.6,0.0,2025-11-12,7
13.1,1.0,14.5,9.0,15.9,16.0,15.5,18.0,2025-11-12,8
14.4,51.0,14.8,49.0,16.8,122.0,17.9,101.0,2025-11-12,9
15.7,178.0,16.0,136.0,19.4,325.0,21.2,303.0,2025-11-12,10
16.9,294.0,17.0,142.0,21.3,456.0,22.7,293.0,2025-11-12,11
18.4,406.0,18.6,270.0,21.6,485.0,24.0,422.0,2025-11-12,12
19.2,330.0,21.4,475.0,22.2,611.0,24.6,377.0,2025-11-12,13
19.9,295.0,23.0,458.0,21.8,581.0,25.2,394.0,2025-11-12,14
20.6,312.0,23.1,252.0,21.6,489.0,25.2,314.0,2025-11-12,15
20.9,188.0,23.3,226.0,21.1,321.0,24.2,123.0,2025-11-12,16
19.3,125.0,21.2,116.0,20.9,111.0,22.6,52.0,2025-11-12,17
17.5,17.0,20.2,17.0,19.1,25.0,21.5,7.0,2025-11-12,18
16.8,0.0,20.0,0.0,18.8,0.0,20.4,0.0,2025-11-12,19
16.6,0.0,19.0,0.0,18.7,0.0,19.6,0.0,2025-11-12,20
16.8,0.0,18.4,0.0,18.6,0.0,17.9,0.0,2025-11-12,21
17.0,0.0,17.7,0.0,17.1,0.0,17.1,0.0,2025-11-12,22
16.0,0.0,17.3,0.0,17.3,0.0,16.6,0.0,2025-11-12,23
16.3,0.0,16.5,0.0,16.9,0.0,16.5,0.0,2025-11-13,0
16.6,0.0,16.1,0.0,15.7,0.0,15.2,0.0,2025-11-13,1
16.6,0.0,15.9,0.0,15.5,0.0,14.8,0.0,2025-11-13,2
16.8,0.0,15.8,0.0,15.1,0.0,14.5,0.0,2025-11-13,3
16.5,0.0,15.6,0.0,14.6,0.0,14.1,0.0,2025-11-13,4
16.9,0.0,15.4,0.0,14.6,0.0,13.3,0.0,2025-11-13,5
17.2,0.0,14.9,0.0,14.0,0.0,13.3,0.0,2025-11-13,6
16.6,0.0,14.8,0.0,14.0,0.0,13.0,0.0,2025-11-13,7
16.1,0.0,15.7,13.0,14.9,23.0,13.7,21.0,2025-11-13,8
16.0,5.0,17.6,112.0,17.3,169.0,16.7,164.0,2025-11-13,9
16.1,11.0,18.9,174.0,20.1,344.0,19.4,337.0,2025-11-13,10
16.2,23.0,19.0,288.0,21.8,489.0,22.3,479.0,2025-11-13,11
16.1,30.0,21.6,392.0,23.3,575.0,24.1,568.0,2025-11-13,12
16.0,32.0,23.3,441.0,23.8,620.0,24.8,598.0,2025-11-13,13
16.0,32.0,24.3,422.0,22.9,586.0,25.4,565.0,2025-11-13,14
15.9,34.0,25.0,428.0,22.4,426.0,25.6,472.0,2025-11-13,15
15.9,19.0,24.8,275.0,23.3,342.0,25.2,325.0,2025-11-13,16
15.5,24.0,24.0,90.0,21.2,183.0,24.1,153.0,2025-11-13,17
15.0,8.0,22.4,20.0,19.8,22.0,21.2,16.0,2025-11-13,18
14.8,0.0,21.2,0.0,19.2,0.0,20.0,0.0,2025-11-13,19
14.6,0.0,20.0,0.0,18.6,0.0,19.1,0.0,2025-11-13,20
14.7,0.0,19.4,0.0,17.6,0.0,17.8,0.0,2025-11-13,21
14.6,0.0,18.3,0.0,17.4,0.0,17.6,0.0,2025-11-13,22
13.9,0.0,18.4,0.0,18.2,0.0,16.8,0.0,2025-11-13,23
13.9,0.0,17.3,0.0,17.0,0.0,17.3,0.0,2025-11-14,0
14.1,0.0,16.6,0.0,17.0,0.0,17.8,0.0,2025-11-14,1
14.0,0.0,16.5,0.0,16.8,0.0,17.0,0.0,2025-11-14,2
13.9,0.0,16.3,0.0,17.2,0.0,16.4,0.0,2025-11-14,3
14.2,0.0,16.2,0.0,16.9,0.0,15.7,0.0,2025-11-14,4
14.0,0.0,16.4,0.0,16.7,0.0,15.7,0.0,2025-11-14,5
13.6,0.0,16.5,0.0,16.2,0.0,15.4,0.0,2025-11-14,6
12.7,0.0,15.5,0.0,15.9,0.0,15.1,0.0,2025-11-14,7
12.5,0.0,15.4,1.0,15.9,5.0,14.9,4.0,2025-11-14,8
13.6,66.0,15.3,15.0,15.6,25.0,15.4,25.0,2025-11-14,9
14.7,130.0,15.4,24.0,15.3,32.0,16.7,165.0,2025-11-14,10
15.5,265.0,15.8,99.0,19.4,148.0,17.7,152.0,2025-11-14,11
15.4,104.0,16.4,61.0,20.2,461.0,19.3,340.0,2025-11-14,12
15.9,151.0,16.6,59.0,18.1,60.0,20.3,494.0,2025-11-14,13
16.1,132.0,16.8,74.0,18.5,108.0,20.5,399.0,2025-11-14,14
16.2,125.0,17.2,86.0,19.1,99.0,19.9,278.0,2025-11-14,15
16.7,200.0,17.1,50.0,19.2,61.0,19.7,183.0,2025-11-14,16
17.0,162.0,17.5,36.0,18.3,52.0,18.5,76.0,2025-11-14,17
15.7,29.0,17.3,4.0,17.8,6.0,17.9,6.0,2025-11-14,18
14.8,0.0,17.2,0.0,17.6,0.0,17.5,0.0,2025-11-14,19
14.2,0.0,17.1,0.0,17.2,0.0,16.8,0.0,2025-11-14,20
13.5,0.0,16.8,0.0,17.3,0.0,16.6,0.0,2025-11-14,21
13.2,0.0,16.8,0.0,17.6,0.0,16.2,0.0,2025-11-14,22
13.0,0.0,17.0,0.0,16.4,0.0,16.2,0.0,2025-11-14,23
12.7,0.0,17.1,0.0,16.4,0.0,15.8,0.0,2025-11-15,0
12.5,0.0,17.1,0.0,16.7,0.0,15.6,0.0,2025-11-15,1
12.2,0.0,17.1,0.0,16.8,0.0,15.1,0.0,2025-11-15,2
12.0,0.0,17.0,0.0,16.7,0.0,15.1,0.0,2025-11-15,3
11.9,0.0,16.8,0.0,16.5,0.0,15.0,0.0,2025-11-15,4
11.7,0.0,16.8,0.0,16.8,0.0,14.9,0.0,2025-11-15,5
11.5,0.0,17.4,0.0,17.0,0.0,14.9,0.0,2025-11-15,6
11.4,0.0,17.1,0.0,17.2,0.0,15.4,0.0,2025-11-15,7
11.2,0.0,16.8,2.0,16.9,10.0,15.2,8.0,2025-11-15,8
12.3,69.0,17.3,23.0,16.8,6.0,16.3,62.0,2025-11-15,9
13.9,216.0,15.3,40.0,17.3,69.0,16.2,62.0,2025-11-15,10
14.8,362.0,15.2,28.0,16.5,47.0,16.9,167.0,2025-11-15,11
16.6,458.0,15.3,47.0,16.0,23.0,16.8,94.0,2025-11-15,12
18.7,491.0,14.2,35.0,15.8,47.0,16.1,89.0,2025-11-15,13
20.3,455.0,14.4,29.0,16.6,70.0,17.2,98.0,2025-11-15,14
21.2,340.0,14.8,48.0,16.4,164.0,16.3,64.0,2025-11-15,15
21.8,264.0,15.2,53.0,16.8,128.0,15.7,14.0,2025-11-15,16
18.8,87.0,14.3,19.0,16.2,167.0,14.5,13.0,2025-11-15,17
17.6,12.0,14.1,13.0,15.9,24.0,15.0,1.0,2025-11-15,18
16.8,0.0,13.8,0.0,15.4,0.0,14.4,0.0,2025-11-15,19
16.0,0.0,13.5,0.0,14.6,0.0,14.9,0.0,2025-11-15,20
15.5,0.0,13.6,0.0,15.0,0.0,14.6,0.0,2025-11-15,21
14.9,0.0,13.0,0.0,14.3,0.0,14.5,0.0,2025-11-15,22
14.5,0.0,13.2,0.0,14.2,0.0,12.9,0.0,2025-11-15,23
14.5,0.0,13.1,0.0,13.8,0.0,12.8,0.0,2025-11-16,0
14.5,0.0,13.0,0.0,13.5,0.0,11.1,0.0,2025-11-16,1
14.4,0.0,12.8,0.0,13.0,0.0,10.7,0.0,2025-11-16,2
14.4,0.0,12.0,0.0,13.8,0.0,10.9,0.0,2025-11-16,3
14.4,0.0,12.2,0.0,13.6,0.0,11.0,0.0,2025-11-16,4
14.0,0.0,12.7,0.0,13.2,0.0,10.6,0.0,2025-11-16,5
13.6,0.0,12.2,0.0,12.9,0.0,10.1,0.0,2025-11-16,6
13.4,0.0,12.3,0.0,13.2,0.0,10.4,0.0,2025-11-16,7
13.5,0.0,12.5,3.0,13.4,15.0,10.2,13.0,2025-11-16,8
13.6,17.0,12.6,18.0,15.0,119.0,11.4,86.0,2025-11-16,9
14.1,65.0,13.6,127.0,16.1,260.0,12.0,223.0,2025-11-16,10
14.6,178.0,14.0,99.0,16.8,417.0,12.5,449.0,2025-11-16,11
15.7,257.0,13.9,93.0,17.7,507.0,12.6,468.0,2025-11-16,12
15.8,264.0,13.6,84.0,17.2,473.0,12.4,350.0,2025-11-16,13
15.9,255.0,14.9,264.0,17.7,478.0,11.9,161.0,2025-11-16,14
15.2,236.0,15.5,259.0,17.8,457.0,11.4,67.0,2025-11-16,15
14.8,169.0,16.2,241.0,17.6,324.0,11.4,55.0,2025-11-16,16
14.1,97.0,14.5,37.0,16.8,175.0,12.0,60.0,2025-11-16,17
14.0,15.0,14.3,7.0,15.5,25.0,11.3,7.0,2025-11-16,18
14.0,0.0,14.1,0.0,15.1,0.0,11.0,0.0,2025-11-16,19
14.0,0.0,14.2,0.0,14.7,0.0,10.9,0.0,2025-11-16,20
14.0,0.0,14.1,0.0,14.5,0.0,10.8,0.0,2025-11-16,21
13.7,0.0,13.9,0.0,13.8,0.0,10.6,0.0,2025-11-16,22
13.7,0.0,14.1,0.0,14.1,0.0,10.9,0.0,2025-11-16,23
13.8,0.0,14.2,0.0,13.1,0.0,10.8,0.0,2025-11-17,0
13.9,0.0,14.1,0.0,13.1,0.0,10.2,0.0,2025-11-17,1
13.8,0.0,14.0,0.0,12.8,0.0,9.9,0.0,2025-11-17,2
13.1,0.0,14.1,0.0,12.7,0.0,9.6,0.0,2025-11-17,3
12.8,0.0,13.9,0.0,12.4,0.0,9.6,0.0,2025-11-17,4
12.7,0.0,13.9,0.0,12.8,0.0,9.8,0.0,2025-11-17,5
12.5,0.0,13.5,0.0,12.8,0.0,10.3,0.0,2025-11-17,6
12.4,0.0,13.2,0.0,12.7,0.0,10.2,0.0,2025-11-17,7
11.9,0.0,13.5,7.0,12.8,16.0,10.0,14.0,2025-11-17,8
11.6,28.0,14.4,87.0,14.3,150.0,11.9,115.0,2025-11-17,9
12.0,47.0,15.7,290.0,16.2,302.0,12.8,192.0,2025-11-17,10
12.6,181.0,15.8,298.0,17.7,479.0,14.1,392.0,2025-11-17,11
14.3,402.0,16.9,332.0,18.4,523.0,14.8,492.0,2025-11-17,12
15.3,398.0,16.8,200.0,18.8,574.0,15.1,501.0,2025-11-17,13
13.9,254.0,16.5,117.0,18.6,540.0,15.4,375.0,2025-11-17,14
13.9,254.0,16.1,86.0,18.2,449.0,15.7,313.0,2025-11-17,15
14.2,192.0,15.2,43.0,17.6,297.0,15.6,224.0,2025-11-17,16
12.2,97.0,15.2,29.0,17.0,141.0,14.6,101.0,2025-11-17,17
11.7,16.0,14.3,4.0,16.2,18.0,12.8,9.0,2025-11-17,18
11.3,0.0,14.1,0.0,16.0,0.0,11.6,0.0,2025-11-17,19
11.3,0.0,13.5,0.0,16.0,0.0,11.9,0.0,2025-11-17,20
11.2,0.0,13.6,0.0,15.9,0.0,12.2,0.0,2025-11-17,21
10.6,0.0,13.4,0.0,15.4,0.0,12.0,0.0,2025-11-17,22
10.5,0.0,12.6,0.0,14.0,0.0,10.8,0.0,2025-11-17,23
10.1,0.0,11.3,0.0,13.7,0.0,11.5,0.0,2025-11-18,0
9.4,0.0,11.5,0.0,13.8,0.0,11.4,0.0,2025-11-18,1
9.3,0.0,11.1,0.0,13.7,0.0,11.1,0.0,2025-11-18,2
9.4,0.0,10.8,0.0,12.9,0.0,10.9,0.0,2025-11-18,3
9.3,0.0,10.5,0.0,13.0,0.0,10.0,0.0,2025-11-18,4
9.5,0.0,10.2,0.0,13.2,0.0,9.2,0.0,2025-11-18,5
9.0,0.0,9.2,0.0,12.2,0.0,9.3,0.0,2025-11-18,6
8.3,0.0,8.1,0.0,11.7,0.0,9.5,0.0,2025-11-18,7
8.2,0.0,8.4,9.0,11.9,16.0,9.8,4.0,2025-11-18,8
9.4,62.0,10.3,94.0,13.1,152.0,9.8,54.0,2025-11-18,9
11.2,209.0,11.9,216.0,14.1,309.0,11.4,204.0,2025-11-18,10
13.1,353.0,12.9,378.0,14.5,366.0,10.6,142.0,2025-11-18,11
14.2,445.0,14.4,444.0,15.2,413.0,11.1,199.0,2025-11-18,12
14.9,419.0,14.9,492.0,15.4,517.0,10.4,82.0,2025-11-18,13
15.4,369.0,15.3,503.0,15.5,508.0,10.0,37.0,2025-11-18,14
15.2,199.0,15.3,412.0,15.2,340.0,9.4,45.0,2025-11-18,15
15.3,176.0,15.3,302.0,14.7,185.0,10.1,140.0,2025-11-18,16
14.8,127.0,14.8,168.0,14.1,106.0,10.1,86.0,2025-11-18,17
13.6,24.0,13.4,26.0,13.6,16.0,9.1,10.0,2025-11-18,18
12.7,0.0,13.3,0.0,12.9,0.0,8.5,0.0,2025-11-18,19
12.2,0.0,12.5,0.0,12.4,0.0,8.8,0.0,2025-11-18,20
11.7,0.0,11.6,0.0,12.0,0.0,8.6,0.0,2025-11-18,21
11.0,0.0,10.8,0.0,11.5,0.0,8.0,0.0,2025-11-18,22
10.7,0.0,10.7,0.0,11.6,0.0,8.9,0.0,2025-11-18,23
10.4,0.0,10.6,0.0,11.5,0.0,8.3,0.0,2025-11-19,0
10.5,0.0,10.4,0.0,11.1,0.0,8.1,0.0,2025-11-19,1
10.6,0.0,10.2,0.0,10.6,0.0,8.0,0.0,2025-11-19,2
10.8,0.0,10.2,0.0,10.2,0.0,8.4,0.0,2025-11-19,3
10.7,0.0,9.6,0.0,10.0,0.0,7.7,0.0,2025-11-19,4
10.6,0.0,8.3,0.0,9.5,0.0,7.5,0.0,2025-11-19,5
11.0,0.0,7.7,0.0,9.2,0.0,7.0,0.0,2025-11-19,6
11.1,0.0,7.7,0.0,8.9,0.0,7.5,0.0,2025-11-19,7
11.2,0.0,8.3,9.0,9.3,16.0,7.6,6.0,2025-11-19,8
11.6,29.0,10.4,125.0,11.2,150.0,8.2,98.0,2025-11-19,9
12.4,123.0,12.5,297.0,13.8,325.0,9.2,201.0,2025-11-19,10
12.9,187.0,14.1,446.0,15.1,471.0,11.0,368.0,2025-11-19,11
13.4,200.0,15.4,546.0,16.1,570.0,10.9,454.0,2025-11-19,12
13.5,169.0,16.2,528.0,16.4,571.0,11.6,359.0,2025-11-19,13
14.0,220.0,16.4,405.0,16.3,534.0,11.4,283.0,2025-11-19,14
14.5,206.0,16.3,364.0,16.0,450.0,11.2,280.0,2025-11-19,15
14.8,231.0,15.7,268.0,15.7,330.0,10.2,170.0,2025-11-19,16
14.3,108.0,14.9,148.0,15.5,164.0,9.5,66.0,2025-11-19,17
13.5,16.0,13.6,25.0,14.2,26.0,8.2,9.0,2025-11-19,18
13.1,0.0,12.9,0.0,13.8,0.0,7.7,0.0,2025-11-19,19
12.8,0.0,12.5,0.0,13.4,0.0,7.6,0.0,2025-11-19,20
12.5,0.0,12.0,0.0,12.5,0.0,7.1,0.0,2025-11-19,21
12.2,0.0,11.3,0.0,11.8,0.0,6.9,0.0,2025-11-19,22
12.3,0.0,10.2,0.0,12.1,0.0,7.3,0.0,2025-11-19,23
12.1,0.0,9.8,0.0,11.5,0.0,6.7,0.0,2025-11-20,0
11.9,0.0,9.6,0.0,10.7,0.0,6.3,0.0,2025-11-20,1
11.5,0.0,9.8,0.0,10.1,0.0,5.8,0.0,2025-11-20,2
11.5,0.0,9.9,0.0,9.9,0.0,5.2,0.0,2025-11-20,3
11.4,0.0,9.7,0.0,10.0,0.0,4.4,0.0,2025-11-20,4
11.0,0.0,9.4,0.0,9.6,0.0,5.4,0.0,2025-11-20,5
10.9,0.0,9.0,0.0,10.1,0.0,4.9,0.0,2025-11-20,6
11.0,0.0,9.0,0.0,10.4,0.0,4.4,0.0,2025-11-20,7
11.2,0.0,9.6,7.0,10.7,15.0,4.9,8.0,2025-11-20,8
11.4,10.0,11.3,96.0,12.2,136.0,6.9,118.0,2025-11-20,9
11.8,58.0,13.4,270.0,14.5,278.0,7.7,262.0,2025-11-20,10
11.7,199.0,14.7,369.0,16.0,445.0,9.1,444.0,2025-11-20,11
12.2,109.0,15.1,362.0,16.7,546.0,10.5,549.0,2025-11-20,12
12.4,132.0,14.4,297.0,16.8,475.0,11.8,590.0,2025-11-20,13
13.6,392.0,14.8,194.0,16.7,456.0,12.6,535.0,2025-11-20,14
13.5,147.0,15.3,160.0,16.5,366.0,13.3,439.0,2025-11-20,15
13.3,119.0,14.5,69.0,16.3,242.0,13.3,285.0,2025-11-20,16
13.4,80.0,13.3,14.0,15.8,140.0,11.9,105.0,2025-11-20,17
11.9,19.0,12.6,4.0,14.1,15.0,11.1,4.0,2025-11-20,18
10.9,0.0,12.5,0.0,13.9,0.0,10.6,0.0,2025-11-20,19
10.5,0.0,12.0,0.0,13.8,0.0,9.4,0.0,2025-11-20,20
10.3,0.0,12.1,0.0,13.4,0.0,9.3,0.0,2025-11-20,21
9.6,0.0,11.6,0.0,13.6,0.0,9.0,0.0,2025-11-20,22
9.6,0.0,11.6,0.0,13.6,0.0,9.0,0.0,2025-11-20,23
8.7,0.0,11.5,0.0,13.6,0.0,9.2,0.0,2025-11-21,0
8.3,0.0,11.7,0.0,13.9,0.0,9.1,0.0,2025-11-21,1
8.4,0.0,11.7,0.0,14.1,0.0,9.1,0.0,2025-11-21,2
8.7,0.0,11.6,0.0,14.4,0.0,9.0,0.0,2025-11-21,3
8.2,0.0,11.6,0.0,13.8,0.0,8.8,0.0,2025-11-21,4
8.3,0.0,11.5,0.0,13.7,0.0,9.8,0.0,2025-11-21,5
8.2,0.0,11.7,0.0,13.8,0.0,9.7,0.0,2025-11-21,6
8.7,0.0,11.8,0.0,13.3,0.0,8.9,0.0,2025-11-21,7
8.8,0.0,12.3,4.0,13.5,5.0,9.1,3.0,2025-11-21,8
9.3,53.0,12.8,75.0,14.0,51.0,9.0,25.0,2025-11-21,9
10.0,159.0,13.2,143.0,15.0,171.0,8.5,26.0,2025-11-21,10
11.5,295.0,14.7,214.0,15.7,397.0,9.2,144.0,2025-11-21,11
13.3,413.0,15.9,452.0,16.7,472.0,9.3,149.0,2025-11-21,12
15.2,497.0,16.7,441.0,15.1,298.0,9.1,162.0,2025-11-21,13
16.4,496.0,17.6,536.0,14.2,228.0,8.4,91.0,2025-11-21,14
16.9,425.0,17.9,439.0,15.4,247.0,8.7,180.0,2025-11-21,15
16.2,309.0,17.4,262.0,16.2,270.0,8.8,163.0,2025-11-21,16
14.5,161.0,16.2,108.0,14.3,91.0,9.3,52.0,2025-11-21,17
13.1,27.0,15.5,12.0,13.6,6.0,8.6,7.0,2025-11-21,18
12.6,0.0,15.2,0.0,13.5,0.0,8.4,0.0,2025-11-21,19
11.5,0.0,14.6,0.0,12.9,0.0,8.5,0.0,2025-11-21,20
11.0,0.0,12.8,0.0,13.1,0.0,8.6,0.0,2025-11-21,21
10.5,0.0,12.0,0.0,12.1,0.0,8.6,0.0,2025-11-21,22
9.9,0.0,11.4,0.0,13.3,0.0,8.9,0.0,2025-11-21,23
9.4,0.0,11.2,0.0,14.4,0.0,8.5,0.0,2025-11-22,0
8.7,0.0,11.3,0.0,14.7,0.0,8.8,0.0,2025-11-22,1
8.3,0.0,11.2,0.0,14.2,0.0,8.3,0.0,2025-11-22,2
8.2,0.0,11.2,0.0,13.9,0.0,8.5,0.0,2025-11-22,3
8.4,0.0,11.8,0.0,13.4,0.0,7.9,0.0,2025-11-22,4
7.6,0.0,11.2,0.0,14.0,0.0,8.1,0.0,2025-11-22,5
6.6,0.0,11.6,0.0,14.0,0.0,7.7,0.0,2025-11-22,6
6.0,0.0,11.8,0.0,14.0,0.0,8.1,0.0,2025-11-22,7
5.8,0.0,12.2,2.0,13.9,3.0,8.5,4.0,2025-11-22,8
6.3,30.0,12.8,23.0,14.4,47.0,9.6,75.0,2025-11-22,9
7.1,115.0,14.2,188.0,14.6,64.0,11.1,173.0,2025-11-22,10
8.1,216.0,16.3,297.0,16.2,136.0,12.1,249.0,2025-11-22,11
9.6,295.0,18.2,392.0,17.2,223.0,13.4,150.0,2025-11-22,12
11.2,326.0,19.0,464.0,18.1,273.0,15.3,226.0,2025-11-22,13
12.8,416.0,19.7,434.0,18.8,351.0,15.4,171.0,2025-11-22,14
13.7,384.0,20.6,387.0,18.5,306.0,16.1,254.0,2025-11-22,15
14.1,308.0,20.9,279.0,17.9,199.0,15.3,176.0,2025-11-22,16
14.6,161.0,19.5,124.0,17.1,94.0,14.0,117.0,2025-11-22,17
13.0,27.0,18.6,18.0,16.0,17.0,11.8,9.0,2025-11-22,18
12.3,0.0,17.1,0.0,15.0,0.0,10.0,0.0,2025-11-22,19
11.8,0.0,16.0,0.0,14.3,0.0,8.8,0.0,2025-11-22,20
11.3,0.0,14.5,0.0,13.7,0.0,8.1,0.0,2025-11-22,21
10.8,0.0,13.3,0.0,12.7,0.0,7.6,0.0,2025-11-22,22
10.1,0.0,12.9,0.0,13.2,0.0,7.4,0.0,2025-11-22,23
9.6,0.0,13.0,0.0,13.2,0.0,8.0,0.0,2025-11-23,0
9.2,0.0,12.0,0.0,12.9,0.0,7.8,0.0,2025-11-23,1
9.1,0.0,11.1,0.0,12.6,0.0,7.9,0.0,2025-11-23,2
7.9,0.0,10.1,0.0,12.3,0.0,7.6,0.0,2025-11-23,3
7.8,0.0,9.8,0.0,11.8,0.0,7.3,0.0,2025-11-23,4
7.5,0.0,10.8,0.0,12.3,0.0,7.2,0.0,2025-11-23,5
6.7,0.0,10.0,0.0,11.9,0.0,7.2,0.0,2025-11-23,6
6.7,0.0,9.4,0.0,11.9,0.0,6.9,0.0,2025-11-23,7
6.6,0.0,9.3,6.0,12.3,12.0,7.4,10.0,2025-11-23,8
7.5,38.0,11.6,118.0,13.9,140.0,9.8,131.0,2025-11-23,9
8.4,135.0,14.9,287.0,16.1,312.0,10.6,300.0,2025-11-23,10
9.4,232.0,16.8,433.0,17.8,458.0,12.1,441.0,2025-11-23,11
10.5,242.0,18.1,533.0,18.8,555.0,13.7,531.0,2025-11-23,12
11.9,334.0,19.1,573.0,19.2,592.0,15.0,562.0,2025-11-23,13
13.0,378.0,19.7,551.0,19.2,565.0,15.9,532.0,2025-11-23,14
13.6,349.0,19.8,469.0,18.9,478.0,16.5,444.0,2025-11-23,15
13.8,293.0,19.5,335.0,18.3,338.0,16.4,304.0,2025-11-23,16
13.6,157.0,19.1,169.0,17.7,169.0,15.6,135.0,2025-11-23,17
11.8,25.0,17.0,25.0,16.0,24.0,13.9,10.0,2025-11-23,18
10.7,0.0,16.2,0.0,15.7,0.0,12.1,0.0,2025-11-23,19
9.8,0.0,15.5,0.0,15.2,0.0,10.6,0.0,2025-11-23,20
9.5,0.0,14.8,0.0,14.2,0.0,9.6,0.0,2025-11-23,21
8.7,0.0,14.2,0.0,13.8,0.0,9.1,0.0,2025-11-23,22
9.0,0.0,13.7,0.0,13.4,0.0,8.6,0.0,2025-11-23,23
8.6,0.0,13.6,0.0,13.3,0.0,9.0,0.0,2025-11-24,0
8.6,0.0,13.3,0.0,12.9,0.0,9.1,0.0,2025-11-24,1
8.7,0.0,13.0,0.0,12.4,0.0,8.7,0.0,2025-11-24,2
8.9,0.0,12.7,0.0,11.8,0.0,8.3,0.0,2025-11-24,3
9.0,0.0,12.4,0.0,11.2,0.0,8.0,0.0,2025-11-24,4
8.8,0.0,12.4,0.0,11.2,0.0,7.7,0.0,2025-11-24,5
8.8,0.0,11.9,0.0,10.3,0.0,7.6,0.0,2025-11-24,6
8.9,0.0,11.7,0.0,10.0,0.0,7.1,0.0,2025-11-24,7
9.0,0.0,11.9,5.0,10.3,11.0,7.4,9.0,2025-11-24,8
9.2,14.0,13.3,90.0,12.6,135.0,10.2,130.0,2025-11-24,9
9.6,67.0,14.4,231.0,15.4,305.0,12.4,299.0,2025-11-24,10
9.7,137.0,15.3,397.0,16.6,450.0,14.2,439.0,2025-11-24,11
10.8,158.0,16.4,513.0,18.0,536.0,15.3,531.0,2025-11-24,12
11.6,233.0,17.5,550.0,18.3,513.0,16.2,564.0,2025-11-24,13
12.6,246.0,18.3,547.0,18.2,464.0,17.0,535.0,2025-11-24,14
13.9,351.0,18.7,464.0,17.9,416.0,17.5,447.0,2025-11-24,15
14.2,297.0,18.6,332.0,17.4,342.0,16.9,308.0,2025-11-24,16
13.2,155.0,17.7,167.0,17.1,172.0,14.8,138.0,2025-11-24,17
11.4,25.0,15.7,25.0,15.2,24.0,13.6,10.0,2025-11-24,18
10.4,0.0,14.7,0.0,14.8,0.0,12.1,0.0,2025-11-24,19
9.6,0.0,14.4,0.0,14.0,0.0,10.8,0.0,2025-11-24,20
8.8,0.0,13.4,0.0,13.1,0.0,9.8,0.0,2025-11-24,21
8.5,0.0,12.1,0.0,12.5,0.0,9.4,0.0,2025-11-24,22
8.4,0.0,11.7,0.0,12.2,0.0,9.3,0.0,2025-11-24,23
8.0,0.0,11.1,0.0,12.3,0.0,9.2,0.0,2025-11-25,0
8.5,0.0,10.3,0.0,12.2,0.0,8.7,0.0,2025-11-25,1
8.8,0.0,10.0,0.0,11.9,0.0,8.5,0.0,2025-11-25,2
9.0,0.0,10.1,0.0,11.5,0.0,8.0,0.0,2025-11-25,3
9.3,0.0,10.6,0.0,11.1,0.0,7.3,0.0,2025-11-25,4
8.1,0.0,12.1,0.0,11.3,0.0,7.2,0.0,2025-11-25,5
8.5,0.0,11.7,0.0,10.5,0.0,7.0,0.0,2025-11-25,6
8.7,0.0,11.5,0.0,9.9,0.0,6.7,0.0,2025-11-25,7
8.9,0.0,11.8,6.0,10.2,11.0,7.2,9.0,2025-11-25,8
9.1,10.0,14.6,117.0,12.2,143.0,9.8,131.0,2025-11-25,9
9.5,43.0,15.8,290.0,15.2,322.0,11.6,303.0,2025-11-25,10
9.5,68.0,18.5,440.0,18.5,475.0,12.0,447.0,2025-11-25,11
9.9,124.0,19.9,542.0,20.4,577.0,13.4,536.0,2025-11-25,12
10.4,132.0,21.1,584.0,21.3,617.0,14.4,567.0,2025-11-25,13
11.0,194.0,22.0,562.0,21.3,590.0,15.0,536.0,2025-11-25,14
11.5,224.0,22.4,479.0,21.0,500.0,15.4,444.0,2025-11-25,15
11.9,193.0,22.4,344.0,20.3,357.0,15.2,302.0,2025-11-25,16
11.2,132.0,20.8,174.0,19.3,178.0,13.7,132.0,2025-11-25,17
9.8,23.0,19.2,26.0,17.6,25.0,12.1,10.0,2025-11-25,18
9.1,0.0,16.8,0.0,16.3,0.0,11.1,0.0,2025-11-25,19
8.1,0.0,15.2,0.0,16.0,0.0,10.3,0.0,2025-11-25,20
7.6,0.0,13.7,0.0,15.3,0.0,10.0,0.0,2025-11-25,21
7.3,0.0,12.1,0.0,14.6,0.0,9.8,0.0,2025-11-25,22
7.1,0.0,12.7,0.0,13.5,0.0,9.5,0.0,2025-11-25,23
6.5,0.0,12.4,0.0,13.0,0.0,9.2,0.0,2025-11-26,0
6.8,0.0,11.1,0.0,12.3,0.0,9.0,0.0,2025-11-26,1
6.8,0.0,10.1,0.0,11.7,0.0,8.6,0.0,2025-11-26,2
7.1,0.0,9.5,0.0,11.2,0.0,8.4,0.0,2025-11-26,3
7.3,0.0,8.8,0.0,10.9,0.0,8.4,0.0,2025-11-26,4
8.1,0.0,11.0,0.0,10.7,0.0,8.1,0.0,2025-11-26,5
8.0,0.0,10.3,0.0,10.2,0.0,7.4,0.0,2025-11-26,6
7.9,0.0,8.9,0.0,9.9,0.0,7.1,0.0,2025-11-26,7
7.7,0.0,8.4,5.0,9.9,11.0,7.4,8.0,2025-11-26,8
7.7,13.0,10.4,117.0,12.4,146.0,9.9,129.0,2025-11-26,9
7.9,53.0,14.8,292.0,16.2,329.0,12.0,300.0,2025-11-26,10
8.3,83.0,18.7,444.0,19.5,481.0,11.9,440.0,2025-11-26,11
8.8,166.0,20.7,550.0,21.8,588.0,13.8,536.0,2025-11-26,12
9.5,203.0,21.9,593.0,22.4,625.0,14.8,570.0,2025-11-26,13
10.5,287.0,22.6,570.0,22.6,594.0,15.5,538.0,2025-11-26,14
11.3,284.0,22.7,485.0,22.5,502.0,16.2,446.0,2025-11-26,15
11.8,269.0,22.3,348.0,22.0,358.0,16.1,304.0,2025-11-26,16
10.5,152.0,22.5,176.0,21.0,178.0,14.9,133.0,2025-11-26,17
9.1,24.0,20.5,26.0,18.7,25.0,14.0,10.0,2025-11-26,18
8.4,0.0,17.7,0.0,18.0,0.0,12.8,0.0,2025-11-26,19
7.8,0.0,15.9,0.0,16.9,0.0,12.1,0.0,2025-11-26,20
7.2,0.0,13.9,0.0,16.5,0.0,11.5,0.0,2025-11-26,21
6.6,0.0,12.8,0.0,15.4,0.0,11.1,0.0,2025-11-26,22
7.0,0.0,12.4,0.0,14.0,0.0,10.8,0.0,2025-11-26,23
6.4,0.0,12.7,0.0,13.2,0.0,10.5,0.0,2025-11-27,0
6.3,0.0,11.8,0.0,12.3,0.0,10.1,0.0,2025-11-27,1
6.3,0.0,10.9,0.0,12.1,0.0,9.9,0.0,2025-11-27,2
6.5,0.0,10.1,0.0,11.7,0.0,9.7,0.0,2025-11-27,3
6.6,0.0,9.6,0.0,11.5,0.0,9.4,0.0,2025-11-27,4
6.0,0.0,9.9,0.0,12.3,0.0,9.1,0.0,2025-11-27,5
6.2,0.0,10.4,0.0,12.3,0.0,8.7,0.0,2025-11-27,6
6.3,0.0,10.0,0.0,12.0,0.0,8.6,0.0,2025-11-27,7
6.4,0.0,10.2,4.0,11.9,8.0,8.7,7.0,2025-11-27,8
6.9,17.0,11.8,80.0,13.1,98.0,11.3,123.0,2025-11-27,9
7.4,71.0,14.8,217.0,15.7,261.0,13.4,289.0,2025-11-27,10
7.2,117.0,19.3,396.0,19.3,454.0,13.4,405.0,2025-11-27,11
7.4,169.0,21.1,513.0,21.9,562.0,15.1,491.0,2025-11-27,12
8.3,181.0,22.2,561.0,22.8,568.0,16.2,518.0,2025-11-27,13
8.9,187.0,22.3,451.0,22.3,545.0,16.9,485.0,2025-11-27,14
9.5,205.0,22.5,355.0,20.9,442.0,17.3,403.0,2025-11-27,15
10.0,222.0,22.3,249.0,19.1,336.0,17.0,269.0,2025-11-27,16
8.2,124.0,20.5,125.0,18.0,158.0,15.6,116.0,2025-11-27,17
7.2,19.0,18.8,20.0,16.4,24.0,14.3,8.0,2025-11-27,18
6.9,0.0,18.2,0.0,15.9,0.0,13.8,0.0,2025-11-27,19
6.3,0.0,16.7,0.0,15.5,0.0,13.0,0.0,2025-11-27,20
5.9,0.0,15.0,0.0,15.0,0.0,12.4,0.0,2025-11-27,21
5.9,0.0,13.6,0.0,14.2,0.0,12.2,0.0,2025-11-27,22
6.5,0.0,13.9,0.0,13.2,0.0,11.7,0.0,2025-11-27,23
6.7,0.0,14.0,0.0,11.9,0.0,11.6,0.0,2025-11-28,0
6.9,0.0,13.9,0.0,11.6,0.0,11.4,0.0,2025-11-28,1
6.9,0.0,13.7,0.0,10.8,0.0,10.6,0.0,2025-11-28,2
6.9,0.0,13.4,0.0,10.2,0.0,9.8,0.0,2025-11-28,3
6.7,0.0,13.3,0.0,10.5,0.0,9.4,0.0,2025-11-28,4
6.7,0.0,13.8,0.0,10.3,0.0,8.7,0.0,2025-11-28,5
6.8,0.0,12.8,0.0,9.7,0.0,8.7,0.0,2025-11-28,6
6.7,0.0,12.4,0.0,9.1,0.0,8.6,0.0,2025-11-28,7
6.6,0.0,12.0,4.0,9.5,9.0,8.9,6.0,2025-11-28,8
6.6,11.0,13.9,108.0,12.1,135.0,10.9,121.0,2025-11-28,9
6.8,50.0,15.1,279.0,15.5,313.0,13.3,290.0,2025-11-28,10
7.1,169.0,17.1,429.0,17.8,463.0,14.9,433.0,2025-11-28,11
8.3,255.0,18.7,532.0,18.9,564.0,16.2,526.0,2025-11-28,12
9.0,300.0,19.7,575.0,19.2,603.0,17.0,559.0,2025-11-28,13
10.1,343.0,20.3,555.0,19.3,576.0,17.2,530.0,2025-11-28,14
10.7,361.0,20.5,472.0,19.0,488.0,17.5,442.0,2025-11-28,15
10.9,279.0,20.4,338.0,18.2,347.0,17.0,302.0,2025-11-28,16
8.5,149.0,19.5,169.0,16.9,173.0,15.3,132.0,2025-11-28,17
7.2,21.0,17.1,24.0,14.8,23.0,14.1,9.0,2025-11-28,18
6.5,0.0,15.9,0.0,13.6,0.0,13.4,0.0,2025-11-28,19
5.9,0.0,14.6,0.0,13.2,0.0,12.5,0.0,2025-11-28,20
5.6,0.0,13.7,0.0,12.6,0.0,12.0,0.0,2025-11-28,21
5.3,0.0,12.9,0.0,12.1,0.0,11.3,0.0,2025-11-28,22
5.8,0.0,12.7,0.0,11.5,0.0,10.2,0.0,2025-11-28,23
6.0,0.0,12.4,0.0,10.8,0.0,9.6,0.0,2025-11-29,0
6.2,0.0,12.1,0.0,10.3,0.0,8.4,0.0,2025-11-29,1
6.5,0.0,12.0,0.0,10.1,0.0,7.6,0.0,2025-11-29,2
6.5,0.0,11.7,0.0,9.9,0.0,7.2,0.0,2025-11-29,3
6.5,0.0,11.6,0.0,9.7,0.0,7.6,0.0,2025-11-29,4
6.3,0.0,12.2,0.0,10.8,0.0,7.2,0.0,2025-11-29,5
6.4,0.0,11.7,0.0,10.2,0.0,6.5,0.0,2025-11-29,6
6.5,0.0,11.6,0.0,10.2,0.0,6.5,0.0,2025-11-29,7
6.4,0.0,12.0,3.0,10.6,8.0,6.7,6.0,2025-11-29,8
6.5,14.0,13.7,99.0,12.1,116.0,9.2,121.0,2025-11-29,9
6.7,63.0,15.2,265.0,14.2,291.0,11.7,287.0,2025-11-29,10
6.8,114.0,17.0,416.0,15.7,444.0,12.0,419.0,2025-11-29,11
7.8,165.0,18.4,525.0,16.9,552.0,13.5,502.0,2025-11-29,12
8.1,183.0,19.3,566.0,17.4,596.0,14.2,510.0,2025-11-29,13
8.9,256.0,19.9,548.0,17.6,571.0,15.0,486.0,2025-11-29,14
9.4,231.0,20.1,464.0,17.4,483.0,15.3,387.0,2025-11-29,15
9.6,178.0,19.9,333.0,16.9,337.0,15.0,251.0,2025-11-29,16
7.8,114.0,18.8,167.0,16.4,169.0,13.5,103.0,2025-11-29,17
7.3,13.0,16.1,24.0,14.6,23.0,12.2,9.0,2025-11-29,18
6.8,0.0,14.8,0.0,14.2,0.0,12.2,0.0,2025-11-29,19
6.3,0.0,14.0,0.0,13.2,0.0,11.4,0.0,2025-11-29,20
5.8,0.0,13.2,0.0,12.4,0.0,10.7,0.0,2025-11-29,21
5.6,0.0,12.5,0.0,12.2,0.0,10.1,0.0,2025-11-29,22
6.2,0.0,11.5,0.0,11.7,0.0,9.6,0.0,2025-11-29,23
6.5,0.0,12.1,0.0,11.2,0.0,9.2,0.0,2025-11-30,0
6.6,0.0,12.0,0.0,10.9,0.0,8.7,0.0,2025-11-30,1
6.5,0.0,11.9,0.0,10.6,0.0,8.3,0.0,2025-11-30,2
6.5,0.0,11.8,0.0,10.5,0.0,8.3,0.0,2025-11-30,3
6.2,0.0,11.2,0.0,10.3,0.0,8.3,0.0,2025-11-30,4
6.6,0.0,10.9,0.0,11.1,0.0,7.7,0.0,2025-11-30,5
6.5,0.0,11.4,0.0,11.4,0.0,7.5,0.0,2025-11-30,6
6.5,0.0,11.3,0.0,11.5,0.0,7.1,0.0,2025-11-30,7
6.5,0.0,11.3,2.0,11.7,4.0,7.3,5.0,2025-11-30,8
6.5,12.0,11.6,62.0,12.2,51.0,8.9,96.0,2025-11-30,9
6.8,63.0,12.4,173.0,13.2,190.0,11.0,234.0,2025-11-30,10
6.4,121.0,13.4,327.0,14.1,329.0,12.0,389.0,2025-11-30,11
7.0,164.0,15.2,458.0,15.8,480.0,13.4,498.0,2025-11-30,12
7.9,259.0,16.4,502.0,16.4,567.0,14.3,531.0,2025-11-30,13
8.5,252.0,17.2,477.0,16.3,556.0,15.0,507.0,2025-11-30,14
8.7,192.0,17.5,415.0,16.3,473.0,15.4,422.0,2025-11-30,15
9.3,181.0,17.5,302.0,15.9,339.0,15.1,272.0,2025-11-30,16
8.0,110.0,16.7,145.0,15.0,166.0,12.7,127.0,2025-11-30,17
7.2,17.0,15.0,19.0,13.4,23.0,11.7,8.0,2025-11-30,18
6.7,0.0,14.9,0.0,12.7,0.0,11.0,0.0,2025-11-30,19
6.2,0.0,13.5,0.0,12.4,0.0,10.4,0.0,2025-11-30,20
5.8,0.0,13.1,0.0,12.3,0.0,8.2,0.0,2025-11-30,21
5.4,0.0,12.4,0.0,12.1,0.0,6.9,0.0,2025-11-30,22
5.7,0.0,12.5,0.0,12.1,0.0,5.6,0.0,2025-11-30,23
6.1,0.0,12.3,0.0,12.2,0.0,5.4,0.0,2025-12-01,0
5.9,0.0,12.1,0.0,11.5,0.0,4.5,0.0,2025-12-01,1
5.8,0.0,11.4,0.0,11.0,0.0,3.9,0.0,2025-12-01,2
5.8,0.0,10.7,0.0,10.4,0.0,3.4,0.0,2025-12-01,3
5.7,0.0,10.0,0.0,10.1,0.0,3.1,0.0,2025-12-01,4
5.6,0.0,10.4,0.0,10.1,0.0,2.7,0.0,2025-12-01,5
5.8,0.0,9.8,0.0,9.8,0.0,2.9,0.0,2025-12-01,6
6.0,0.0,9.3,0.0,9.9,0.0,2.9,0.0,2025-12-01,7
6.1,0.0,8.8,2.0,10.5,7.0,3.1,5.0,2025-12-01,8
6.1,14.0,10.2,87.0,12.6,120.0,5.6,114.0,2025-12-01,9
6.2,63.0,12.5,247.0,15.2,292.0,7.1,286.0,2025-12-01,10
6.6,139.0,14.5,398.0,16.9,440.0,8.6,429.0,2025-12-01,11
7.5,197.0,16.7,520.0,18.1,540.0,10.2,522.0,2025-12-01,12
8.4,250.0,18.4,563.0,18.5,580.0,10.3,555.0,2025-12-01,13
9.4,318.0,19.3,545.0,18.0,558.0,10.4,523.0,2025-12-01,14
10.1,288.0,19.4,463.0,17.5,472.0,10.6,434.0,2025-12-01,15
10.4,245.0,18.8,330.0,17.2,335.0,10.2,294.0,2025-12-01,16
9.8,132.0,18.1,165.0,16.7,165.0,8.9,127.0,2025-12-01,17
8.6,20.0,16.0,23.0,15.1,22.0,7.7,8.0,2025-12-01,18
8.1,0.0,15.5,0.0,14.5,0.0,6.8,0.0,2025-12-01,19
7.8,0.0,14.6,0.0,14.0,0.0,6.8,0.0,2025-12-01,20
7.3,0.0,13.4,0.0,13.3,0.0,6.5,0.0,2025-12-01,21
6.5,0.0,11.8,0.0,12.6,0.0,6.2,0.0,2025-12-01,22
5.6,0.0,10.6,0.0,12.0,0.0,5.9,0.0,2025-12-01,23
5.5,0.0,10.2,0.0,11.3,0.0,5.7,0.0,2025-12-02,0
5.3,0.0,9.5,0.0,10.6,0.0,5.4,0.0,2025-12-02,1
5.3,0.0,8.6,0.0,10.2,0.0,5.2,0.0,2025-12-02,2
5.2,0.0,8.1,0.0,9.5,0.0,5.1,0.0,2025-12-02,3
5.3,0.0,8.1,0.0,8.8,0.0,5.0,0.0,2025-12-02,4
4.8,0.0,9.4,0.0,9.5,0.0,4.0,0.0,2025-12-02,5
4.3,0.0,9.0,0.0,9.5,0.0,4.0,0.0,2025-12-02,6
3.6,0.0,9.0,0.0,9.1,0.0,3.5,0.0,2025-12-02,7
3.1,0.0,9.3,2.0,8.9,6.0,3.7,4.0,2025-12-02,8
3.4,21.0,11.8,98.0,10.5,121.0,5.5,99.0,2025-12-02,9
4.4,87.0,13.8,268.0,13.5,293.0,7.6,263.0,2025-12-02,10
5.9,165.0,15.7,417.0,16.5,438.0,8.0,325.0,2025-12-02,11
7.7,261.0,17.1,520.0,17.6,539.0,8.5,319.0,2025-12-02,12
9.6,409.0,18.0,553.0,18.0,576.0,8.8,289.0,2025-12-02,13
10.8,455.0,18.3,488.0,18.1,550.0,10.0,418.0,2025-12-02,14
11.4,406.0,18.4,381.0,17.7,467.0,10.7,377.0,2025-12-02,15
11.5,293.0,17.9,237.0,16.9,330.0,10.9,298.0,2025-12-02,16
10.6,145.0,17.0,164.0,16.1,162.0,10.1,129.0,2025-12-02,17
9.1,18.0,14.3,23.0,15.0,21.0,8.8,8.0,2025-12-02,18
8.8,0.0,13.4,0.0,14.7,0.0,8.3,0.0,2025-12-02,19
7.8,0.0,12.8,0.0,14.4,0.0,8.0,0.0,2025-12-02,20
6.7,0.0,11.9,0.0,13.9,0.0,7.1,0.0,2025-12-02,21
6.4,0.0,11.2,0.0,12.9,0.0,6.4,0.0,2025-12-02,22
6.3,0.0,11.0,0.0,14.0,0.0,6.1,0.0,2025-12-02,23
6.4,0.0,11.2,0.0,14.3,0.0,5.8,0.0,2025-12-03,0
6.6,0.0,11.3,0.0,14.6,0.0,5.7,0.0,2025-12-03,1
6.7,0.0,11.7,0.0,14.4,0.0,4.6,0.0,2025-12-03,2
6.5,0.0,11.3,0.0,14.1,0.0,4.3,0.0,2025-12-03,3
6.5,0.0,11.0,0.0,13.9,0.0,4.6,0.0,2025-12-03,4
7.1,0.0,11.4,0.0,13.5,0.0,5.4,0.0,2025-12-03,5
7.4,0.0,11.0,0.0,12.3,0.0,7.0,0.0,2025-12-03,6
7.6,0.0,11.4,0.0,12.1,0.0,6.4,0.0,2025-12-03,7
7.5,0.0,11.4,1.0,12.1,5.0,5.7,4.0,2025-12-03,8
7.9,30.0,12.0,72.0,13.7,105.0,7.3,106.0,2025-12-03,9
9.5,142.0,13.3,235.0,15.2,263.0,9.1,264.0,2025-12-03,10
11.4,255.0,14.6,386.0,16.7,371.0,11.0,417.0,2025-12-03,11
13.4,347.0,15.8,498.0,17.4,476.0,12.0,508.0,2025-12-03,12
15.4,425.0,16.6,535.0,17.8,497.0,12.4,549.0,2025-12-03,13
16.3,406.0,17.6,524.0,17.8,461.0,12.9,525.0,2025-12-03,14
16.2,290.0,18.5,456.0,17.6,401.0,13.0,438.0,2025-12-03,15
15.5,191.0,18.6,322.0,17.2,311.0,12.6,300.0,2025-12-03,16
14.2,125.0,17.9,160.0,16.9,161.0,10.9,130.0,2025-12-03,17
11.7,22.0,16.3,23.0,15.8,22.0,8.5,9.0,2025-12-03,18
10.5,0.0,15.5,0.0,15.3,0.0,6.9,0.0,2025-12-03,19
9.2,0.0,14.0,0.0,15.1,0.0,5.6,0.0,2025-12-03,20
7.7,0.0,12.6,0.0,15.5,0.0,4.6,0.0,2025-12-03,21
7.0,0.0,11.8,0.0,15.9,0.0,4.2,0.0,2025-12-03,22
6.4,0.0,11.7,0.0,16.2,0.0,3.5,0.0,2025-12-03,23
6.3,0.0,10.9,0.0,16.2,0.0,3.4,0.0,2025-12-04,0
6.0,0.0,9.6,0.0,16.1,0.0,3.1,0.0,2025-12-04,1
5.6,0.0,9.1,0.0,15.4,0.0,3.1,0.0,2025-12-04,2
5.1,0.0,8.3,0.0,13.0,0.0,3.0,0.0,2025-12-04,3
4.6,0.0,7.6,0.0,12.9,0.0,2.6,0.0,2025-12-04,4
4.4,0.0,8.3,0.0,12.6,0.0,2.3,0.0,2025-12-04,5
4.4,0.0,8.8,0.0,10.8,0.0,2.3,0.0,2025-12-04,6
4.2,0.0,8.1,0.0,9.8,0.0,2.4,0.0,2025-12-04,7
4.4,0.0,7.3,2.0,10.0,5.0,2.5,3.0,2025-12-04,8
4.9,20.0,9.2,95.0,12.0,116.0,4.6,106.0,2025-12-04,9
5.0,82.0,11.9,266.0,15.1,296.0,6.3,275.0,2025-12-04,10
5.9,167.0,15.3,418.0,17.7,448.0,7.6,420.0,2025-12-04,11
7.1,231.0,18.0,523.0,19.2,550.0,9.1,505.0,2025-12-04,12
8.4,259.0,19.2,568.0,20.6,593.0,9.7,545.0,2025-12-04,13
10.1,410.0,19.7,550.0,21.4,572.0,10.1,517.0,2025-12-04,14
11.0,381.0,19.9,470.0,21.8,488.0,10.6,429.0,2025-12-04,15
11.4,280.0,19.7,335.0,20.8,348.0,10.5,292.0,2025-12-04,16
9.9,143.0,18.3,167.0,18.9,174.0,9.3,126.0,2025-12-04,17
8.3,19.0,15.6,23.0,17.4,23.0,8.0,8.0,2025-12-04,18
7.4,0.0,15.4,0.0,16.4,0.0,6.8,0.0,2025-12-04,19
7.2,0.0,13.1,0.0,15.5,0.0,5.8,0.0,2025-12-04,20
6.7,0.0,11.8,0.0,14.3,0.0,5.8,0.0,2025-12-04,21
6.2,0.0,11.4,0.0,13.0,0.0,5.3,0.0,2025-12-04,22
5.4,0.0,10.5,0.0,12.8,0.0,5.1,0.0,2025-12-04,23
4.9,0.0,9.6,0.0,12.1,0.0,4.5,0.0,2025-12-05,0
4.4,0.0,8.9,0.0,11.0,0.0,4.1,0.0,2025-12-05,1
4.2,0.0,7.9,0.0,9.9,0.0,3.7,0.0,2025-12-05,2
3.7,0.0,7.1,0.0,9.4,0.0,2.9,0.0,2025-12-05,3
3.9,0.0,6.4,0.0,9.2,0.0,3.0,0.0,2025-12-05,4
3.2,0.0,6.1,0.0,8.7,0.0,2.9,0.0,2025-12-05,5
2.9,0.0,5.7,0.0,7.9,0.0,2.4,0.0,2025-12-05,6
3.1,0.0,5.5,0.0,7.8,0.0,2.2,0.0,2025-12-05,7
3.3,0.0,5.5,2.0,7.8,5.0,2.3,3.0,2025-12-05,8
3.5,13.0,8.3,90.0,9.7,118.0,4.8,99.0,2025-12-05,9
4.1,66.0,12.2,257.0,13.5,293.0,6.8,262.0,2025-12-05,10
4.5,143.0,15.6,406.0,16.7,443.0,7.9,402.0,2025-12-05,11
6.0,214.0,17.6,508.0,18.6,544.0,9.4,495.0,2025-12-05,12
7.1,260.0,18.8,553.0,19.6,585.0,10.7,532.0,2025-12-05,13
8.4,332.0,19.7,537.0,19.7,562.0,11.9,506.0,2025-12-05,14
9.2,341.0,19.9,460.0,19.6,479.0,12.7,420.0,2025-12-05,15
9.5,255.0,19.6,329.0,18.9,341.0,11.8,286.0,2025-12-05,16
7.6,132.0,18.0,165.0,17.6,170.0,11.1,124.0,2025-12-05,17
6.6,19.0,15.4,23.0,15.5,23.0,9.2,8.0,2025-12-05,18
5.9,0.0,14.4,0.0,14.8,0.0,8.6,0.0,2025-12-05,19
5.6,0.0,13.5,0.0,13.8,0.0,8.6,0.0,2025-12-05,20
5.6,0.0,13.1,0.0,13.1,0.0,8.3,0.0,2025-12-05,21
5.6,0.0,12.4,0.0,12.8,0.0,7.6,0.0,2025-12-05,22
4.8,0.0,12.7,0.0,12.0,0.0,7.1,0.0,2025-12-05,23
4.8,0.0,12.0,0.0,11.0,0.0,7.3,0.0,2025-12-06,0
5.0,0.0,11.6,0.0,10.0,0.0,6.8,0.0,2025-12-06,1
5.1,0.0,11.4,0.0,9.5,0.0,6.8,0.0,2025-12-06,2
5.3,0.0,11.4,0.0,9.3,0.0,6.6,0.0,2025-12-06,3
5.3,0.0,11.4,0.0,9.0,0.0,6.5,0.0,2025-12-06,4
3.7,0.0,11.4,0.0,9.1,0.0,5.8,0.0,2025-12-06,5
3.8,0.0,11.3,0.0,8.1,0.0,6.0,0.0,2025-12-06,6
3.8,0.0,11.0,0.0,7.3,0.0,6.0,0.0,2025-12-06,7
3.9,0.0,10.3,1.0,7.4,5.0,5.9,2.0,2025-12-06,8
3.8,14.0,12.3,88.0,10.0,113.0,7.8,97.0,2025-12-06,9
4.6,78.0,14.5,254.0,14.3,287.0,10.4,261.0,2025-12-06,10
4.7,145.0,16.6,403.0,16.8,438.0,12.6,402.0,2025-12-06,11
6.1,204.0,18.1,507.0,18.6,539.0,14.9,495.0,2025-12-06,12
7.8,305.0,19.2,552.0,19.2,580.0,17.0,529.0,2025-12-06,13
9.4,364.0,19.9,536.0,19.0,556.0,18.3,502.0,2025-12-06,14
10.1,357.0,20.1,458.0,18.7,473.0,18.3,411.0,2025-12-06,15
10.5,279.0,19.9,327.0,18.2,337.0,17.3,283.0,2025-12-06,16
8.0,142.0,18.8,163.0,17.5,168.0,14.9,122.0,2025-12-06,17
6.6,19.0,16.8,23.0,15.5,23.0,13.8,8.0,2025-12-06,18
6.3,0.0,16.0,0.0,15.0,0.0,12.8,0.0,2025-12-06,19
5.7,0.0,15.0,0.0,14.6,0.0,11.2,0.0,2025-12-06,20
5.3,0.0,13.8,0.0,13.9,0.0,10.1,0.0,2025-12-06,21
5.1,0.0,13.3,0.0,13.1,0.0,9.3,0.0,2025-12-06,22
5.6,0.0,14.0,0.0,11.7,0.0,8.8,0.0,2025-12-06,23
5.6,0.0,13.7,0.0,10.7,0.0,8.8,0.0,2025-12-07,0
5.4,0.0,13.1,0.0,10.3,0.0,8.4,0.0,2025-12-07,1
5.2,0.0,12.7,0.0,10.1,0.0,8.0,0.0,2025-12-07,2
5.3,0.0,12.4,0.0,9.8,0.0,7.7,0.0,2025-12-07,3
5.0,0.0,12.1,0.0,9.7,0.0,7.2,0.0,2025-12-07,4
4.1,0.0,10.4,0.0,9.6,0.0,7.6,0.0,2025-12-07,5
4.3,0.0,9.0,0.0,8.8,0.0,6.8,0.0,2025-12-07,6
4.2,0.0,9.0,0.0,8.3,0.0,6.5,0.0,2025-12-07,7
4.3,0.0,9.8,1.0,8.6,4.0,6.8,2.0,2025-12-07,8
4.8,12.0,12.0,85.0,11.5,109.0,9.1,95.0,2025-12-07,9
5.4,53.0,14.6,249.0,15.1,281.0,12.1,258.0,2025-12-07,10
5.4,106.0,16.9,398.0,18.0,431.0,12.4,399.0,2025-12-07,11
6.0,157.0,19.2,500.0,19.7,533.0,14.1,484.0,2025-12-07,12
6.7,201.0,21.1,547.0,20.3,576.0,15.2,521.0,2025-12-07,13
7.3,220.0,22.3,531.0,19.8,553.0,16.0,500.0,2025-12-07,14
7.9,208.0,22.7,455.0,19.3,470.0,16.4,420.0,2025-12-07,15
8.4,190.0,22.2,326.0,18.9,335.0,16.3,286.0,2025-12-07,16
7.1,101.0,19.8,163.0,18.3,167.0,15.3,124.0,2025-12-07,17
6.2,14.0,16.9,23.0,16.4,23.0,14.1,8.0,2025-12-07,18
6.0,0.0,15.7,0.0,15.7,0.0,13.3,0.0,2025-12-07,19
5.3,0.0,15.2,0.0,14.9,0.0,12.6,0.0,2025-12-07,20
5.0,0.0,15.1,0.0,14.3,0.0,11.9,0.0,2025-12-07,21
4.6,0.0,14.4,0.0,13.7,0.0,11.5,0.0,2025-12-07,22
4.4,0.0,13.9,0.0,13.3,0.0,10.7,0.0,2025-12-07,23
4.8,0.0,13.4,0.0,12.8,0.0,10.0,0.0,2025-12-08,0
4.8,0.0,13.6,0.0,12.3,0.0,9.5,0.0,2025-12-08,1
4.7,0.0,13.4,0.0,11.6,0.0,8.7,0.0,2025-12-08,2
4.7,0.0,13.1,0.0,11.1,0.0,7.9,0.0,2025-12-08,3
4.7,0.0,12.8,0.0,10.6,0.0,7.4,0.0,2025-12-08,4
4.5,0.0,12.0,0.0,10.3,0.0,7.6,0.0,2025-12-08,5
4.5,0.0,9.5,0.0,9.2,0.0,7.0,0.0,2025-12-08,6
4.5,0.0,8.4,0.0,8.8,0.0,6.8,0.0,2025-12-08,7
4.4,0.0,7.7,1.0,8.8,4.0,6.5,2.0,2025-12-08,8
4.5,10.0,9.4,85.0,11.9,108.0,8.7,95.0,2025-12-08,9
4.7,50.0,13.5,251.0,15.7,280.0,11.0,262.0,2025-12-08,10
5.2,118.0,18.2,402.0,19.0,431.0,12.1,406.0,2025-12-08,11
5.9,144.0,20.3,506.0,21.3,533.0,13.6,499.0,2025-12-08,12
6.8,212.0,22.2,552.0,22.5,578.0,14.4,534.0,2025-12-08,13
7.3,205.0,23.3,536.0,23.1,558.0,15.2,507.0,2025-12-08,14
8.0,225.0,23.6,460.0,22.8,475.0,15.6,422.0,2025-12-08,15
8.7,239.0,23.1,330.0,21.7,339.0,15.7,288.0,2025-12-08,16
7.9,130.0,21.8,165.0,20.5,169.0,15.1,125.0,2025-12-08,17
6.6,19.0,19.5,23.0,18.3,23.0,13.7,8.0,2025-12-08,18
5.8,0.0,17.8,0.0,17.3,0.0,11.9,0.0,2025-12-08,19
5.4,0.0,16.5,0.0,16.5,0.0,10.6,0.0,2025-12-08,20
4.8,0.0,15.2,0.0,16.6,0.0,10.1,0.0,2025-12-08,21
4.5,0.0,13.5,0.0,16.3,0.0,9.7,0.0,2025-12-08,22
4.5,0.0,14.6,0.0,15.1,0.0,10.3,0.0,2025-12-08,23
5.0,0.0,13.5,0.0,14.0,0.0,9.9,0.0,2025-12-09,0
5.1,0.0,12.1,0.0,12.9,0.0,9.1,0.0,2025-12-09,1
5.3,0.0,10.9,0.0,12.1,0.0,8.8,0.0,2025-12-09,2
5.4,0.0,10.2,0.0,12.0,0.0,8.5,0.0,2025-12-09,3
5.3,0.0,9.5,0.0,12.4,0.0,8.3,0.0,2025-12-09,4
4.7,0.0,8.8,0.0,12.4,0.0,7.9,0.0,2025-12-09,5
4.6,0.0,8.2,0.0,11.0,0.0,7.8,0.0,2025-12-09,6
4.4,0.0,8.0,0.0,10.5,0.0,6.9,0.0,2025-12-09,7
4.5,0.0,8.1,1.0,11.3,3.0,6.7,2.0,2025-12-09,8
4.5,11.0,10.5,83.0,13.3,109.0,9.1,92.0,2025-12-09,9
4.5,59.0,15.5,250.0,17.3,285.0,12.2,256.0,2025-12-09,10
4.7,114.0,19.3,400.0,21.9,438.0,13.8,399.0,2025-12-09,11
6.0,190.0,21.8,506.0,24.9,542.0,15.9,495.0,2025-12-09,12
6.6,219.0,23.7,554.0,25.8,586.0,17.5,534.0,2025-12-09,13
7.4,248.0,24.6,539.0,26.1,565.0,18.5,512.0,2025-12-09,14
8.3,237.0,24.8,462.0,25.7,482.0,18.6,427.0,2025-12-09,15
9.0,210.0,24.2,333.0,24.6,344.0,17.6,292.0,2025-12-09,16
7.0,127.0,21.4,168.0,23.0,172.0,15.8,127.0,2025-12-09,17
5.8,18.0,19.5,24.0,21.3,24.0,14.0,8.0,2025-12-09,18
5.6,0.0,18.4,0.0,20.0,0.0,12.5,0.0,2025-12-09,19
5.2,0.0,16.6,0.0,19.4,0.0,11.7,0.0,2025-12-09,20
4.6,0.0,14.4,0.0,18.3,0.0,11.3,0.0,2025-12-09,21
4.3,0.0,12.8,0.0,17.1,0.0,11.0,0.0,2025-12-09,22
3.9,0.0,12.0,0.0,16.2,0.0,10.8,0.0,2025-12-09,23
4.1,0.0,11.2,0.0,15.0,0.0,10.0,0.0,2025-12-10,0
4.4,0.0,10.8,0.0,14.5,0.0,9.7,0.0,2025-12-10,1
4.6,0.0,10.6,0.0,14.0,0.0,9.5,0.0,2025-12-10,2
4.6,0.0,10.2,0.0,13.7,0.0,9.3,0.0,2025-12-10,3
4.5,0.0,9.8,0.0,13.3,0.0,8.9,0.0,2025-12-10,4
3.4,0.0,10.3,0.0,13.2,0.0,9.1,0.0,2025-12-10,5
3.6,0.0,10.3,0.0,12.2,0.0,8.5,0.0,2025-12-10,6
3.9,0.0,9.6,0.0,12.0,0.0,8.3,0.0,2025-12-10,7
4.3,0.0,9.3,1.0,12.4,3.0,8.4,1.0,2025-12-10,8
4.7,10.0,11.9,82.0,14.9,106.0,10.9,89.0,2025-12-10,9
5.1,69.0,15.7,249.0,18.7,280.0,13.7,251.0,2025-12-10,10
5.7,125.0,19.9,401.0,23.3,431.0,15.2,392.0,2025-12-10,11
6.3,173.0,22.3,508.0,26.2,536.0,17.1,486.0,2025-12-10,12
7.0,205.0,24.2,556.0,26.6,580.0,18.2,522.0,2025-12-10,13
7.6,242.0,25.1,540.0,25.9,560.0,18.9,498.0,2025-12-10,14
8.5,281.0,24.8,463.0,24.8,477.0,19.1,416.0,2025-12-10,15
8.9,251.0,23.9,333.0,22.0,341.0,18.1,283.0,2025-12-10,16
7.4,140.0,20.7,168.0,20.4,170.0,15.9,123.0,2025-12-10,17
5.9,21.0,18.3,24.0,18.6,23.0,15.1,8.0,2025-12-10,18
5.5,0.0,18.0,0.0,18.1,0.0,14.3,0.0,2025-12-10,19
5.1,0.0,17.4,0.0,17.8,0.0,13.7,0.0,2025-12-10,20
4.6,0.0,16.0,0.0,17.7,0.0,13.1,0.0,2025-12-10,21
4.2,0.0,14.3,0.0,16.9,0.0,12.8,0.0,2025-12-10,22
4.4,0.0,13.8,0.0,16.2,0.0,12.9,0.0,2025-12-10,23
4.8,0.0,12.8,0.0,14.4,0.0,12.7,0.0,2025-12-11,0
4.8,0.0,11.9,0.0,13.5,0.0,12.5,0.0,2025-12-11,1
4.8,0.0,11.1,0.0,13.3,0.0,12.2,0.0,2025-12-11,2
4.7,0.0,10.8,0.0,13.1,0.0,11.8,0.0,2025-12-11,3
4.6,0.0,10.5,0.0,12.9,0.0,11.4,0.0,2025-12-11,4
3.3,0.0,10.8,0.0,12.6,0.0,11.5,0.0,2025-12-11,5
3.5,0.0,9.7,0.0,11.5,0.0,10.9,0.0,2025-12-11,6
3.8,0.0,9.1,0.0,10.9,0.0,10.6,0.0,2025-12-11,7
4.1,0.0,8.8,0.0,11.0,3.0,10.5,1.0,2025-12-11,8
4.4,9.0,11.1,79.0,14.0,103.0,12.3,86.0,2025-12-11,9
4.9,53.0,15.7,244.0,17.6,275.0,15.0,248.0,2025-12-11,10
5.0,126.0,19.3,394.0,20.5,427.0,15.0,390.0,2025-12-11,11
5.6,160.0,21.6,500.0,22.3,531.0,17.3,485.0,2025-12-11,12
6.0,179.0,23.2,548.0,22.7,576.0,18.9,523.0,2025-12-11,13
6.9,232.0,24.1,534.0,22.0,557.0,19.9,500.0,2025-12-11,14
7.8,258.0,24.4,459.0,21.6,475.0,20.4,418.0,2025-12-11,15
8.6,235.0,24.0,331.0,21.1,340.0,19.4,286.0,2025-12-11,16
6.6,121.0,21.7,168.0,20.3,171.0,18.0,125.0,2025-12-11,17
5.4,19.0,19.7,24.0,18.1,24.0,16.4,8.0,2025-12-11,18
4.7,0.0,18.8,0.0,16.9,0.0,15.2,0.0,2025-12-11,19
4.1,0.0,18.1,0.0,16.5,0.0,14.3,0.0,2025-12-11,20
4.1,0.0,16.6,0.0,16.2,0.0,14.0,0.0,2025-12-11,21
4.5,0.0,15.9,0.0,15.9,0.0,13.5,0.0,2025-12-11,22
4.8,0.0,16.5,0.0,15.0,0.0,13.8,0.0,2025-12-11,23
5.0,0.0,16.4,0.0,13.6,0.0,13.2,0.0,2025-12-12,0
5.1,0.0,15.0,0.0,13.0,0.0,12.8,0.0,2025-12-12,1
5.2,0.0,14.0,0.0,12.9,0.0,12.2,0.0,2025-12-12,2
5.2,0.0,13.8,0.0,12.4,0.0,11.9,0.0,2025-12-12,3
5.1,0.0,13.9,0.0,11.6,0.0,11.4,0.0,2025-12-12,4
4.9,0.0,14.9,0.0,11.6,0.0,11.2,0.0,2025-12-12,5
4.8,0.0,13.8,0.0,11.2,0.0,10.5,0.0,2025-12-12,6
4.8,0.0,13.4,0.0,11.0,0.0,10.5,0.0,2025-12-12,7
4.8,0.0,13.2,0.0,10.7,2.0,10.2,1.0,2025-12-12,8
4.9,9.0,14.9,76.0,13.4,100.0,11.9,88.0,2025-12-12,9
4.9,48.0,16.7,240.0,17.4,271.0,14.7,255.0,2025-12-12,10
4.9,100.0,17.9,391.0,19.3,423.0,14.6,401.0,2025-12-12,11
5.6,134.0,19.6,496.0,20.5,495.0,16.7,498.0,2025-12-12,12
6.0,151.0,21.1,546.0,20.8,514.0,18.1,537.0,2025-12-12,13
7.3,238.0,22.2,531.0,20.4,503.0,18.9,514.0,2025-12-12,14
8.2,250.0,22.8,455.0,19.8,425.0,19.5,430.0,2025-12-12,15
8.8,224.0,22.5,327.0,19.3,299.0,19.0,296.0,2025-12-12,16
6.9,127.0,19.9,166.0,18.1,146.0,17.6,130.0,2025-12-12,17
5.1,21.0,16.5,22.0,16.3,20.0,16.0,9.0,2025-12-12,18
4.1,0.0,15.1,0.0,15.6,0.0,14.8,0.0,2025-12-12,19
3.6,0.0,14.1,0.0,15.4,0.0,14.0,0.0,2025-12-12,20
3.3,0.0,13.1,0.0,14.7,0.0,13.2,0.0,2025-12-12,21
3.3,0.0,12.4,0.0,14.2,0.0,12.7,0.0,2025-12-12,22
4.2,0.0,12.4,0.0,13.4,0.0,13.1,0.0,2025-12-12,23
4.5,0.0,11.9,0.0,12.6,0.0,12.7,0.0,2025-12-13,0
4.7,0.0,11.6,0.0,12.0,0.0,12.0,0.0,2025-12-13,1
4.8,0.0,11.2,0.0,11.6,0.0,11.3,0.0,2025-12-13,2
5.1,0.0,10.8,0.0,11.2,0.0,10.7,0.0,2025-12-13,3
5.2,0.0,11.2,0.0,10.8,0.0,10.1,0.0,2025-12-13,4
4.1,0.0,11.3,0.0,11.1,0.0,9.2,0.0,2025-12-13,5
4.1,0.0,10.5,0.0,10.7,0.0,8.9,0.0,2025-12-13,6
4.3,0.0,10.3,0.0,10.8,0.0,8.6,0.0,2025-12-13,7
4.6,0.0,9.9,0.0,11.0,2.0,8.5,1.0,2025-12-13,8
4.8,8.0,11.3,60.0,12.7,95.0,10.3,88.0,2025-12-13,9
5.1,58.0,12.4,198.0,15.1,255.0,13.1,256.0,2025-12-13,10
4.5,108.0,13.1,352.0,16.1,410.0,13.0,403.0,2025-12-13,11
5.1,176.0,15.9,460.0,17.3,502.0,15.0,500.0,2025-12-13,12
5.8,246.0,18.2,512.0,18.1,556.0,16.5,540.0,2025-12-13,13
7.2,319.0,19.4,513.0,18.2,531.0,17.3,517.0,2025-12-13,14
8.6,353.0,19.9,445.0,18.3,442.0,17.8,434.0,2025-12-13,15
9.3,279.0,19.4,280.0,18.0,279.0,17.4,298.0,2025-12-13,16
7.7,148.0,16.9,140.0,16.7,132.0,16.0,132.0,2025-12-13,17
5.9,22.0,14.7,21.0,15.2,21.0,15.2,9.0,2025-12-13,18
4.9,0.0,14.1,0.0,14.8,0.0,14.0,0.0,2025-12-13,19
4.1,0.0,13.6,0.0,14.6,0.0,13.3,0.0,2025-12-13,20
3.6,0.0,13.4,0.0,14.4,0.0,12.6,0.0,2025-12-13,21
3.3,0.0,13.6,0.0,14.0,0.0,12.2,0.0,2025-12-13,22
3.4,0.0,13.2,0.0,13.4,0.0,12.3,0.0,2025-12-13,23
3.5,0.0,12.9,0.0,13.2,0.0,11.4,0.0,2025-12-14,0
3.3,0.0,13.3,0.0,13.0,0.0,11.1,0.0,2025-12-14,1
3.4,0.0,12.6,0.0,12.7,0.0,10.6,0.0,2025-12-14,2
3.5,0.0,12.4,0.0,12.4,0.0,10.1,0.0,2025-12-14,3
3.5,0.0,12.4,0.0,12.3,0.0,9.8,0.0,2025-12-14,4
2.9,0.0,12.1,0.0,12.4,0.0,10.2,0.0,2025-12-14,5
3.0,0.0,11.9,0.0,12.3,0.0,10.3,0.0,2025-12-14,6
3.2,0.0,11.6,0.0,12.1,0.0,10.0,0.0,2025-12-14,7
3.2,0.0,10.4,0.0,12.1,1.0,9.2,1.0,2025-12-14,8
3.2,8.0,11.8,56.0,12.8,43.0,10.8,70.0,2025-12-14,9
3.3,53.0,13.2,187.0,13.8,166.0,13.8,220.0,2025-12-14,10
3.3,127.0,13.7,332.0,14.1,331.0,14.9,369.0,2025-12-14,11
4.2,171.0,16.0,440.0,15.6,327.0,16.3,402.0,2025-12-14,12
5.5,241.0,17.6,480.0,16.9,382.0,17.5,450.0,2025-12-14,13
6.4,253.0,18.9,504.0,18.0,507.0,18.3,421.0,2025-12-14,14
7.8,328.0,19.4,433.0,18.2,458.0,18.5,345.0,2025-12-14,15
8.4,261.0,19.3,310.0,17.7,325.0,18.0,237.0,2025-12-14,16
7.0,137.0,17.8,159.0,16.4,159.0,16.2,116.0,2025-12-14,17
5.2,22.0,15.5,24.0,15.1,24.0,15.1,9.0,2025-12-14,18
4.3,0.0,14.5,0.0,14.7,0.0,14.2,0.0,2025-12-14,19
4.1,0.0,13.9,0.0,14.1,0.0,13.2,0.0,2025-12-14,20
3.6,0.0,12.9,0.0,13.3,0.0,12.4,0.0,2025-12-14,21
3.8,0.0,12.4,0.0,12.8,0.0,11.8,0.0,2025-12-14,22
4.1,0.0,12.8,0.0,13.5,0.0,11.2,0.0,2025-12-14,23
3.9,0.0,12.8,0.0,13.2,0.0,10.5,0.0,2025-12-15,0
3.8,0.0,12.5,0.0,12.9,0.0,9.7,0.0,2025-12-15,1
4.1,0.0,12.3,0.0,12.8,0.0,9.6,0.0,2025-12-15,2
4.2,0.0,11.8,0.0,12.9,0.0,9.5,0.0,2025-12-15,3
4.3,0.0,11.6,0.0,13.1,0.0,9.4,0.0,2025-12-15,4
4.2,0.0,11.3,0.0,12.2,0.0,8.9,0.0,2025-12-15,5
4.3,0.0,9.7,0.0,12.2,0.0,8.3,0.0,2025-12-15,6
4.4,0.0,8.9,0.0,12.3,0.0,7.9,0.0,2025-12-15,7
4.2,0.0,8.2,0.0,12.1,1.0,7.7,1.0,2025-12-15,8
4.3,8.0,10.0,70.0,12.1,43.0,9.9,83.0,2025-12-15,9
4.6,41.0,12.4,230.0,12.5,155.0,12.7,250.0,2025-12-15,10
4.4,102.0,13.1,380.0,14.0,336.0,13.1,396.0,2025-12-15,11
5.3,169.0,15.2,492.0,15.6,494.0,15.6,493.0,2025-12-15,12
6.2,219.0,17.0,546.0,16.6,555.0,16.7,532.0,2025-12-15,13
7.0,261.0,18.0,536.0,17.5,536.0,17.3,509.0,2025-12-15,14
7.9,297.0,18.3,462.0,17.9,465.0,18.0,428.0,2025-12-15,15
8.5,224.0,17.6,332.0,17.3,341.0,17.8,295.0,2025-12-15,16
7.2,133.0,16.3,167.0,15.7,173.0,16.5,131.0,2025-12-15,17
6.5,15.0,14.4,25.0,14.9,25.0,15.4,9.0,2025-12-15,18
5.4,0.0,13.9,0.0,14.3,0.0,14.0,0.0,2025-12-15,19
5.1,0.0,13.4,0.0,13.8,0.0,12.7,0.0,2025-12-15,20
4.5,0.0,12.6,0.0,13.2,0.0,12.0,0.0,2025-12-15,21
4.2,0.0,11.7,0.0,12.6,0.0,11.2,0.0,2025-12-15,22
4.8,0.0,11.3,0.0,12.8,0.0,11.5,0.0,2025-12-15,23
4.9,0.0,10.6,0.0,12.2,0.0,11.3,0.0,2025-12-16,0
4.7,0.0,10.6,0.0,12.0,0.0,10.7,0.0,2025-12-16,1
4.9,0.0,10.7,0.0,12.0,0.0,10.2,0.0,2025-12-16,2
4.9,0.0,9.4,0.0,12.5,0.0,9.4,0.0,2025-12-16,3
5.2,0.0,8.9,0.0,12.1,0.0,8.9,0.0,2025-12-16,4
4.4,0.0,10.3,0.0,12.0,0.0,9.8,0.0,2025-12-16,5
4.5,0.0,9.5,0.0,10.3,0.0,9.4,0.0,2025-12-16,6
4.6,0.0,9.1,0.0,9.8,0.0,8.6,0.0,2025-12-16,7
4.7,0.0,9.6,0.0,10.2,1.0,8.5,0.0,2025-12-16,8
4.8,3.0,11.4,69.0,12.5,88.0,10.2,78.0,2025-12-16,9
5.5,22.0,13.4,228.0,14.3,250.0,13.0,239.0,2025-12-16,10
5.7,194.0,15.1,372.0,15.5,392.0,13.6,372.0,2025-12-16,11
6.3,61.0,17.3,482.0,17.0,500.0,15.9,462.0,2025-12-16,12
7.6,246.0,19.3,531.0,18.1,550.0,17.3,507.0,2025-12-16,13
9.0,298.0,19.9,517.0,18.3,537.0,18.5,499.0,2025-12-16,14
9.3,141.0,20.1,453.0,17.9,453.0,19.1,400.0,2025-12-16,15
10.3,219.0,20.2,324.0,17.3,332.0,18.2,282.0,2025-12-16,16
9.9,127.0,18.5,162.0,16.9,163.0,16.3,122.0,2025-12-16,17
9.3,11.0,16.8,25.0,15.5,25.0,15.4,9.0,2025-12-16,18
8.3,0.0,15.2,0.0,15.0,0.0,14.3,0.0,2025-12-16,19
8.2,0.0,13.8,0.0,14.2,0.0,13.5,0.0,2025-12-16,20
7.9,0.0,13.2,0.0,13.6,0.0,13.0,0.0,2025-12-16,21
8.0,0.0,12.9,0.0,12.8,0.0,12.6,0.0,2025-12-16,22
8.0,0.0,12.8,0.0,12.5,0.0,12.0,0.0,2025-12-16,23
7.7,0.0,12.5,0.0,12.1,0.0,12.1,0.0,2025-12-17,0
7.9,0.0,12.2,0.0,11.8,0.0,11.9,0.0,2025-12-17,1
8.0,0.0,11.7,0.0,11.5,0.0,11.4,0.0,2025-12-17,2
8.4,0.0,11.6,0.0,11.2,0.0,10.8,0.0,2025-12-17,3
8.7,0.0,11.3,0.0,11.0,0.0,10.5,0.0,2025-12-17,4
8.7,0.0,11.7,0.0,10.7,0.0,9.4,0.0,2025-12-17,5
8.5,0.0,10.3,0.0,9.8,0.0,9.3,0.0,2025-12-17,6
9.3,0.0,10.1,0.0,10.4,0.0,9.6,0.0,2025-12-17,7
10.0,0.0,9.9,0.0,10.3,1.0,9.2,0.0,2025-12-17,8
10.2,3.0,10.6,59.0,11.1,78.0,11.2,77.0,2025-12-17,9
10.7,55.0,11.1,193.0,14.3,251.0,13.9,238.0,2025-12-17,10
10.8,77.0,11.8,308.0,15.4,396.0,14.5,382.0,2025-12-17,11
12.1,311.0,12.8,369.0,16.9,505.0,16.4,482.0,2025-12-17,12
13.6,322.0,14.1,484.0,17.6,558.0,17.2,524.0,2025-12-17,13
14.6,257.0,15.8,494.0,17.6,543.0,18.1,504.0,2025-12-17,14
15.4,222.0,17.4,438.0,17.4,467.0,18.5,424.0,2025-12-17,15
15.8,217.0,18.3,323.0,17.0,337.0,18.3,292.0,2025-12-17,16
14.9,126.0,18.7,165.0,16.1,172.0,17.4,130.0,2025-12-17,17
13.3,21.0,19.3,25.0,14.3,26.0,16.0,10.0,2025-12-17,18
12.1,0.0,20.2,0.0,13.7,0.0,15.0,0.0,2025-12-17,19
11.3,0.0,18.6,0.0,13.2,0.0,14.0,0.0,2025-12-17,20
11.2,0.0,17.3,0.0,13.2,0.0,13.0,0.0,2025-12-17,21
10.1,0.0,13.9,0.0,13.0,0.0,12.6,0.0,2025-12-17,22
11.1,0.0,12.7,0.0,12.4,0.0,12.2,0.0,2025-12-17,23
11.0,0.0,12.0,0.0,12.4,0.0,11.8,0.0,2025-12-18,0
10.9,0.0,12.4,0.0,12.4,0.0,10.9,0.0,2025-12-18,1
10.7,0.0,12.0,0.0,11.3,0.0,10.4,0.0,2025-12-18,2
10.1,0.0,11.6,0.0,10.8,0.0,10.3,0.0,2025-12-18,3
10.0,0.0,11.1,0.0,10.8,0.0,10.2,0.0,2025-12-18,4
10.8,0.0,11.6,0.0,11.4,0.0,10.7,0.0,2025-12-18,5
10.9,0.0,10.4,0.0,11.9,0.0,10.3,0.0,2025-12-18,6
11.0,0.0,9.5,0.0,10.7,0.0,9.6,0.0,2025-12-18,7
10.9,0.0,9.1,0.0,10.3,1.0,9.2,0.0,2025-12-18,8
10.9,5.0,10.8,58.0,12.2,87.0,10.8,74.0,2025-12-18,9
11.2,40.0,14.1,211.0,15.4,256.0,13.6,228.0,2025-12-18,10
11.9,82.0,16.9,368.0,18.1,407.0,14.0,364.0,2025-12-18,11
12.4,107.0,18.5,477.0,20.6,513.0,16.4,461.0,2025-12-18,12
12.6,125.0,19.9,525.0,21.7,551.0,17.7,508.0,2025-12-18,13
13.1,154.0,21.4,519.0,22.4,541.0,18.5,483.0,2025-12-18,14
13.3,154.0,22.3,448.0,21.7,469.0,19.0,408.0,2025-12-18,15
13.6,164.0,22.0,326.0,20.9,339.0,19.0,286.0,2025-12-18,16
13.1,114.0,20.1,169.0,19.0,174.0,17.3,129.0,2025-12-18,17
12.0,20.0,17.3,27.0,16.6,26.0,16.1,10.0,2025-12-18,18
11.4,0.0,16.4,0.0,15.9,0.0,15.3,0.0,2025-12-18,19
11.0,0.0,15.9,0.0,15.5,0.0,14.6,0.0,2025-12-18,20
10.8,0.0,15.3,0.0,15.2,0.0,13.5,0.0,2025-12-18,21
10.7,0.0,15.3,0.0,14.4,0.0,12.9,0.0,2025-12-18,22
10.8,0.0,15.9,0.0,14.0,0.0,12.1,0.0,2025-12-18,23
10.9,0.0,15.8,0.0,13.4,0.0,11.5,0.0,2025-12-19,0
10.7,0.0,14.7,0.0,12.8,0.0,11.1,0.0,2025-12-19,1
10.6,0.0,13.6,0.0,12.9,0.0,10.5,0.0,2025-12-19,2
10.4,0.0,13.7,0.0,12.5,0.0,10.2,0.0,2025-12-19,3
10.5,0.0,13.7,0.0,11.9,0.0,10.0,0.0,2025-12-19,4
10.8,0.0,14.0,0.0,11.3,0.0,9.0,0.0,2025-12-19,5
10.9,0.0,13.5,0.0,10.1,0.0,9.4,0.0,2025-12-19,6
10.5,0.0,13.3,0.0,10.2,0.0,9.3,0.0,2025-12-19,7
10.4,0.0,12.7,0.0,11.1,1.0,9.3,0.0,2025-12-19,8
10.8,7.0,13.8,66.0,12.2,90.0,10.7,61.0,2025-12-19,9
11.2,57.0,15.9,228.0,15.7,261.0,13.7,193.0,2025-12-19,10
12.2,107.0,17.1,379.0,18.0,416.0,16.0,284.0,2025-12-19,11
12.6,117.0,18.8,485.0,19.6,522.0,18.5,429.0,2025-12-19,12
12.7,103.0,19.8,528.0,20.5,570.0,19.9,506.0,2025-12-19,13
12.6,45.0,20.6,517.0,20.4,554.0,20.6,459.0,2025-12-19,14
13.4,107.0,20.7,442.0,19.6,474.0,21.1,334.0,2025-12-19,15
13.6,122.0,20.4,326.0,18.3,337.0,20.7,261.0,2025-12-19,16
12.7,14.0,19.4,166.0,16.3,173.0,17.4,119.0,2025-12-19,17
12.8,2.0,16.7,27.0,14.6,27.0,15.8,10.0,2025-12-19,18
12.6,0.0,15.2,0.0,14.0,0.0,14.9,0.0,2025-12-19,19
12.5,0.0,13.9,0.0,13.9,0.0,13.9,0.0,2025-12-19,20
12.5,0.0,13.3,0.0,13.4,0.0,13.6,0.0,2025-12-19,21
12.3,0.0,12.8,0.0,12.7,0.0,13.0,0.0,2025-12-19,22
12.5,0.0,13.3,0.0,12.0,0.0,11.6,0.0,2025-12-19,23
12.8,0.0,13.2,0.0,11.7,0.0,12.3,0.0,2025-12-20,0
12.9,0.0,13.0,0.0,11.6,0.0,12.0,0.0,2025-12-20,1
12.4,0.0,12.8,0.0,12.2,0.0,11.1,0.0,2025-12-20,2
12.5,0.0,12.4,0.0,12.6,0.0,10.6,0.0,2025-12-20,3
12.6,0.0,12.5,0.0,12.8,0.0,10.0,0.0,2025-12-20,4
11.9,0.0,12.1,0.0,12.2,0.0,8.8,0.0,2025-12-20,5
12.1,0.0,11.7,0.0,11.4,0.0,9.2,0.0,2025-12-20,6
12.2,0.0,11.4,0.0,11.5,0.0,9.3,0.0,2025-12-20,7
12.2,0.0,11.2,0.0,11.6,1.0,9.7,0.0,2025-12-20,8
12.3,5.0,11.7,36.0,12.4,40.0,11.4,58.0,2025-12-20,9
12.5,29.0,12.7,115.0,13.9,148.0,13.9,212.0,2025-12-20,10
12.7,69.0,13.3,232.0,14.3,207.0,15.4,348.0,2025-12-20,11
13.2,106.0,15.0,371.0,15.3,239.0,16.6,451.0,2025-12-20,12
13.5,145.0,16.6,472.0,16.1,244.0,17.4,480.0,2025-12-20,13
13.7,124.0,17.6,474.0,16.6,282.0,18.0,472.0,2025-12-20,14
13.4,66.0,18.0,414.0,17.0,289.0,18.1,415.0,2025-12-20,15
12.9,36.0,17.9,308.0,16.8,240.0,17.9,285.0,2025-12-20,16
12.9,21.0,17.9,159.0,16.3,169.0,16.3,129.0,2025-12-20,17
12.6,5.0,16.1,26.0,15.0,27.0,15.3,11.0,2025-12-20,18
12.5,0.0,15.1,0.0,14.1,0.0,14.8,0.0,2025-12-20,19
12.6,0.0,14.3,0.0,13.6,0.0,13.8,0.0,2025-12-20,20
12.8,0.0,13.7,0.0,13.3,0.0,13.3,0.0,2025-12-20,21
13.1,0.0,13.0,0.0,13.2,0.0,12.5,0.0,2025-12-20,22
13.5,0.0,12.4,0.0,12.4,0.0,12.1,0.0,2025-12-20,23
13.7,0.0,12.2,0.0,12.5,0.0,12.0,0.0,2025-12-21,0
13.9,0.0,11.9,0.0,12.3,0.0,12.1,0.0,2025-12-21,1
13.9,0.0,12.0,0.0,12.1,0.0,11.6,0.0,2025-12-21,2
13.8,0.0,12.1,0.0,12.1,0.0,11.2,0.0,2025-12-21,3
13.9,0.0,11.9,0.0,11.9,0.0,11.0,0.0,2025-12-21,4
13.8,0.0,11.6,0.0,11.8,0.0,10.5,0.0,2025-12-21,5
14.0,0.0,11.5,0.0,11.8,0.0,10.1,0.0,2025-12-21,6
13.7,0.0,11.4,0.0,11.7,0.0,10.2,0.0,2025-12-21,7
14.0,0.0,11.1,0.0,11.4,1.0,10.0,0.0,2025-12-21,8
13.9,3.0,12.0,40.0,12.2,60.0,12.2,61.0,2025-12-21,9
13.8,17.0,13.1,164.0,14.5,220.0,15.9,210.0,2025-12-21,10
14.7,62.0,14.5,319.0,16.0,384.0,18.6,324.0,2025-12-21,11
15.0,65.0,16.6,430.0,17.5,496.0,20.1,447.0,2025-12-21,12
15.4,76.0,18.3,438.0,18.4,547.0,21.3,502.0,2025-12-21,13
16.2,74.0,19.6,492.0,18.6,540.0,22.1,485.0,2025-12-21,14
16.8,56.0,20.0,427.0,18.1,467.0,22.3,402.0,2025-12-21,15
16.5,58.0,19.3,290.0,17.5,337.0,22.1,268.0,2025-12-21,16
15.9,27.0,18.1,152.0,16.8,165.0,20.2,129.0,2025-12-21,17
15.8,7.0,16.2,25.0,15.4,26.0,18.1,11.0,2025-12-21,18
15.6,0.0,14.7,0.0,14.9,0.0,16.6,0.0,2025-12-21,19
15.3,0.0,14.0,0.0,14.5,0.0,15.6,0.0,2025-12-21,20
15.0,0.0,13.3,0.0,14.1,0.0,14.8,0.0,2025-12-21,21
15.1,0.0,12.9,0.0,13.5,0.0,14.4,0.0,2025-12-21,22
15.0,0.0,12.7,0.0,12.9,0.0,13.3,0.0,2025-12-21,23
14.7,0.0,12.8,0.0,12.8,0.0,13.6,0.0,2025-12-22,0
14.3,0.0,12.8,0.0,13.1,0.0,13.1,0.0,2025-12-22,1
14.1,0.0,12.6,0.0,12.6,0.0,12.4,0.0,2025-12-22,2
14.1,0.0,12.4,0.0,11.6,0.0,11.8,0.0,2025-12-22,3
14.0,0.0,12.4,0.0,11.2,0.0,11.4,0.0,2025-12-22,4
14.0,0.0,12.5,0.0,12.3,0.0,10.3,0.0,2025-12-22,5
14.1,0.0,11.8,0.0,12.1,0.0,10.6,0.0,2025-12-22,6
14.1,0.0,12.1,0.0,12.2,0.0,10.4,0.0,2025-12-22,7
13.5,0.0,11.4,0.0,11.9,1.0,10.4,0.0,2025-12-22,8
13.6,3.0,12.1,33.0,12.3,64.0,12.4,57.0,2025-12-22,9
13.7,23.0,13.4,148.0,14.1,198.0,15.8,199.0,2025-12-22,10
13.8,46.0,15.4,304.0,16.0,349.0,18.2,326.0,2025-12-22,11
13.5,24.0,17.2,380.0,16.9,399.0,20.3,395.0,2025-12-22,12
13.8,61.0,18.6,466.0,17.0,490.0,21.5,498.0,2025-12-22,13
14.9,134.0,19.0,415.0,17.4,474.0,22.2,493.0,2025-12-22,14
15.1,109.0,19.0,337.0,17.9,357.0,22.6,426.0,2025-12-22,15
15.5,131.0,18.7,244.0,17.9,263.0,22.5,299.0,2025-12-22,16
16.2,89.0,18.8,135.0,17.8,122.0,20.0,137.0,2025-12-22,17
14.5,15.0,17.1,20.0,16.4,21.0,18.0,11.0,2025-12-22,18
14.1,0.0,16.1,0.0,15.7,0.0,16.9,0.0,2025-12-22,19
13.6,0.0,15.3,0.0,15.0,0.0,15.7,0.0,2025-12-22,20
13.1,0.0,14.7,0.0,14.8,0.0,14.4,0.0,2025-12-22,21
12.7,0.0,13.9,0.0,14.3,0.0,14.0,0.0,2025-12-22,22
13.1,0.0,13.9,0.0,13.7,0.0,13.1,0.0,2025-12-22,23
12.8,0.0,14.1,0.0,13.6,0.0,13.0,0.0,2025-12-23,0
12.5,0.0,13.8,0.0,12.5,0.0,12.6,0.0,2025-12-23,1
12.1,0.0,13.7,0.0,12.5,0.0,12.6,0.0,2025-12-23,2
11.5,0.0,13.8,0.0,12.6,0.0,12.7,0.0,2025-12-23,3
11.3,0.0,13.9,0.0,12.2,0.0,12.7,0.0,2025-12-23,4
11.4,0.0,13.9,0.0,13.2,0.0,12.1,0.0,2025-12-23,5
11.1,0.0,13.9,0.0,13.1,0.0,11.4,0.0,2025-12-23,6
11.3,0.0,13.8,0.0,13.1,0.0,11.3,0.0,2025-12-23,7
11.3,0.0,13.9,0.0,14.0,0.0,11.4,0.0,2025-12-23,8
11.5,7.0,13.9,10.0,15.1,22.0,13.4,37.0,2025-12-23,9
12.2,69.0,14.3,61.0,15.5,44.0,15.3,125.0,2025-12-23,10
13.2,183.0,15.2,128.0,15.5,29.0,17.2,194.0,2025-12-23,11
14.4,210.0,15.9,136.0,15.5,65.0,18.3,238.0,2025-12-23,12
15.4,252.0,15.4,63.0,15.7,78.0,19.3,257.0,2025-12-23,13
16.2,280.0,16.3,206.0,16.2,135.0,19.1,161.0,2025-12-23,14
16.5,248.0,16.5,121.0,15.8,67.0,18.5,100.0,2025-12-23,15
17.0,187.0,17.0,142.0,16.2,96.0,18.0,75.0,2025-12-23,16
16.0,58.0,16.4,115.0,17.6,68.0,15.3,37.0,2025-12-23,17
15.1,8.0,16.3,8.0,17.0,14.0,15.4,4.0,2025-12-23,18
14.7,0.0,16.0,0.0,17.0,0.0,15.3,0.0,2025-12-23,19
14.3,0.0,15.9,0.0,16.7,0.0,14.5,0.0,2025-12-23,20
14.4,0.0,16.1,0.0,16.4,0.0,14.4,0.0,2025-12-23,21
14.8,0.0,16.1,0.0,16.5,0.0,13.7,0.0,2025-12-23,22
15.9,0.0,15.8,0.0,16.0,0.0,13.8,0.0,2025-12-23,23
16.6,0.0,15.6,0.0,16.9,0.0,14.3,0.0,2025-12-24,0
15.9,0.0,15.4,0.0,17.0,0.0,15.1,0.0,2025-12-24,1
15.2,0.0,15.3,0.0,17.8,0.0,14.7,0.0,2025-12-24,2
15.4,0.0,15.1,0.0,17.7,0.0,14.2,0.0,2025-12-24,3
15.9,0.0,15.0,0.0,17.8,0.0,14.6,0.0,2025-12-24,4
15.1,0.0,15.5,0.0,17.9,0.0,14.7,0.0,2025-12-24,5
14.6,0.0,16.1,0.0,17.2,0.0,15.0,0.0,2025-12-24,6
14.2,0.0,16.5,0.0,17.4,0.0,15.1,0.0,2025-12-24,7
14.0,0.0,16.9,0.0,17.6,0.0,14.3,0.0,2025-12-24,8
13.3,3.0,16.4,2.0,18.5,19.0,14.6,5.0,2025-12-24,9
13.1,36.0,16.6,14.0,20.3,154.0,14.5,34.0,2025-12-24,10
13.8,78.0,16.9,15.0,22.9,167.0,14.7,46.0,2025-12-24,11
14.2,136.0,16.0,31.0,23.0,209.0,15.6,47.0,2025-12-24,12
14.5,166.0,15.5,26.0,21.5,90.0,16.7,113.0,2025-12-24,13
14.7,197.0,15.2,30.0,18.9,76.0,15.1,36.0,2025-12-24,14
15.9,401.0,14.7,25.0,18.5,82.0,14.0,28.0,2025-12-24,15
15.1,218.0,15.2,17.0,17.0,15.0,14.2,27.0,2025-12-24,16
12.8,120.0,14.7,84.0,16.5,21.0,13.7,11.0,2025-12-24,17
11.7,11.0,14.8,14.0,16.6,4.0,13.7,2.0,2025-12-24,18
12.8,0.0,14.5,0.0,17.0,0.0,13.1,0.0,2025-12-24,19
13.3,0.0,13.4,0.0,17.1,0.0,14.0,0.0,2025-12-24,20
12.6,0.0,13.6,0.0,17.1,0.0,13.9,0.0,2025-12-24,21
13.0,0.0,13.4,0.0,16.9,0.0,11.9,0.0,2025-12-24,22
13.4,0.0,12.8,0.0,16.8,0.0,12.5,0.0,2025-12-24,23
12.8,0.0,13.1,0.0,16.4,0.0,12.8,0.0,2025-12-25,0
12.1,0.0,13.4,0.0,16.3,0.0,11.4,0.0,2025-12-25,1
13.8,0.0,13.4,0.0,15.7,0.0,11.9,0.0,2025-12-25,2
13.3,0.0,13.3,0.0,15.2,0.0,12.1,0.0,2025-12-25,3
13.5,0.0,13.4,0.0,14.7,0.0,11.5,0.0,2025-12-25,4
12.8,0.0,13.4,0.0,15.0,0.0,10.9,0.0,2025-12-25,5
12.5,0.0,13.1,0.0,14.5,0.0,10.3,0.0,2025-12-25,6
12.4,0.0,13.5,0.0,14.7,0.0,10.6,0.0,2025-12-25,7
12.1,0.0,12.1,0.0,14.1,0.0,10.3,0.0,2025-12-25,8
11.8,3.0,13.0,21.0,14.9,69.0,10.8,64.0,2025-12-25,9
11.7,85.0,13.8,117.0,16.4,235.0,12.9,183.0,2025-12-25,10
13.3,191.0,15.6,246.0,17.9,373.0,14.3,363.0,2025-12-25,11
13.2,288.0,16.8,358.0,19.0,500.0,15.2,471.0,2025-12-25,12
12.9,252.0,17.8,323.0,19.6,537.0,15.7,480.0,2025-12-25,13
13.6,321.0,16.1,321.0,19.7,546.0,16.2,420.0,2025-12-25,14
13.8,264.0,16.6,331.0,19.3,468.0,15.5,316.0,2025-12-25,15
12.2,178.0,16.5,277.0,18.6,345.0,14.7,215.0,2025-12-25,16
12.6,96.0,17.2,143.0,17.9,183.0,13.7,84.0,2025-12-25,17
11.7,11.0,16.2,17.0,16.3,32.0,12.7,11.0,2025-12-25,18
11.6,0.0,15.3,0.0,15.4,0.0,12.2,0.0,2025-12-25,19
11.4,0.0,14.4,0.0,15.2,0.0,12.2,0.0,2025-12-25,20
11.0,0.0,14.1,0.0,14.9,0.0,12.3,0.0,2025-12-25,21
11.3,0.0,14.2,0.0,14.7,0.0,12.0,0.0,2025-12-25,22
11.9,0.0,13.8,0.0,14.2,0.0,11.2,0.0,2025-12-25,23
11.4,0.0,13.8,0.0,14.1,0.0,10.9,0.0,2025-12-26,0
11.2,0.0,13.6,0.0,13.7,0.0,10.6,0.0,2025-12-26,1
11.0,0.0,13.3,0.0,13.4,0.0,10.3,0.0,2025-12-26,2
10.7,0.0,13.3,0.0,13.2,0.0,10.5,0.0,2025-12-26,3
10.4,0.0,13.4,0.0,12.8,0.0,10.2,0.0,2025-12-26,4
10.1,0.0,12.9,0.0,12.2,0.0,9.4,0.0,2025-12-26,5
9.1,0.0,12.9,0.0,11.8,0.0,10.3,0.0,2025-12-26,6
9.3,0.0,13.0,0.0,11.8,0.0,10.7,0.0,2025-12-26,7
9.0,0.0,13.0,0.0,12.0,0.0,10.9,0.0,2025-12-26,8
9.6,13.0,13.1,4.0,12.8,57.0,11.5,47.0,2025-12-26,9
11.0,118.0,13.4,32.0,14.2,164.0,13.1,168.0,2025-12-26,10
12.6,252.0,14.0,85.0,16.7,329.0,14.7,355.0,2025-12-26,11
13.9,324.0,13.9,78.0,18.0,400.0,15.1,404.0,2025-12-26,12
13.7,327.0,14.0,112.0,18.1,371.0,14.2,265.0,2025-12-26,13
13.7,299.0,14.2,111.0,18.0,326.0,13.1,151.0,2025-12-26,14
14.2,297.0,13.7,68.0,17.5,263.0,12.8,150.0,2025-12-26,15
13.6,148.0,13.6,64.0,17.0,189.0,12.9,198.0,2025-12-26,16
11.7,32.0,13.9,29.0,16.5,109.0,13.1,51.0,2025-12-26,17
11.1,8.0,13.4,14.0,16.0,11.0,11.8,5.0,2025-12-26,18
11.0,0.0,13.4,0.0,15.3,0.0,11.3,0.0,2025-12-26,19
10.8,0.0,12.8,0.0,15.2,0.0,10.7,0.0,2025-12-26,20
10.9,0.0,12.9,0.0,14.8,0.0,9.8,0.0,2025-12-26,21
10.5,0.0,12.6,0.0,14.5,0.0,9.2,0.0,2025-12-26,22
10.1,0.0,12.5,0.0,14.2,0.0,9.2,0.0,2025-12-26,23
9.7,0.0,12.0,0.0,14.1,0.0,9.5,0.0,2025-12-27,0
8.8,0.0,10.9,0.0,13.9,0.0,9.4,0.0,2025-12-27,1
8.2,0.0,10.4,0.0,13.7,0.0,9.5,0.0,2025-12-27,2
7.7,0.0,10.0,0.0,13.1,0.0,8.7,0.0,2025-12-27,3
7.0,0.0,9.1,0.0,13.3,0.0,8.2,0.0,2025-12-27,4
7.1,0.0,7.3,0.0,12.3,0.0,6.4,0.0,2025-12-27,5
6.7,0.0,6.1,0.0,12.0,0.0,6.5,0.0,2025-12-27,6
6.2,0.0,5.0,0.0,11.3,0.0,6.2,0.0,2025-12-27,7
5.8,0.0,5.1,0.0,10.4,0.0,5.4,0.0,2025-12-27,8
6.3,10.0,7.3,51.0,11.5,69.0,7.0,59.0,2025-12-27,9
7.0,96.0,9.9,203.0,13.4,221.0,8.7,205.0,2025-12-27,10
8.2,206.0,11.7,361.0,14.6,367.0,10.0,349.0,2025-12-27,11
9.4,193.0,13.5,481.0,15.3,461.0,11.5,435.0,2025-12-27,12
10.3,268.0,14.5,535.0,15.6,481.0,11.7,479.0,2025-12-27,13
11.1,255.0,15.2,524.0,15.4,413.0,12.4,510.0,2025-12-27,14
11.6,214.0,15.6,455.0,15.5,371.0,12.5,433.0,2025-12-27,15
12.0,201.0,15.5,332.0,15.6,323.0,12.6,309.0,2025-12-27,16
11.7,138.0,15.3,174.0,15.5,181.0,11.6,147.0,2025-12-27,17
10.2,25.0,13.7,30.0,13.6,34.0,9.6,15.0,2025-12-27,18
9.4,0.0,12.4,0.0,12.7,0.0,8.3,0.0,2025-12-27,19
8.9,0.0,11.3,0.0,12.0,0.0,7.4,0.0,2025-12-27,20
8.3,0.0,10.8,0.0,11.4,0.0,6.2,0.0,2025-12-27,21
7.4,0.0,9.7,0.0,11.0,0.0,5.4,0.0,2025-12-27,22
6.5,0.0,8.4,0.0,10.4,0.0,4.9,0.0,2025-12-27,23
6.1,0.0,7.9,0.0,10.0,0.0,4.5,0.0,2025-12-28,0
5.7,0.0,7.1,0.0,9.5,0.0,3.9,0.0,2025-12-28,1
5.1,0.0,7.2,0.0,9.0,0.0,3.6,0.0,2025-12-28,2
4.4,0.0,7.3,0.0,8.8,0.0,3.3,0.0,2025-12-28,3
4.2,0.0,6.7,0.0,8.4,0.0,2.8,0.0,2025-12-28,4
4.3,0.0,6.0,0.0,8.4,0.0,2.7,0.0,2025-12-28,5
4.1,0.0,5.1,0.0,7.8,0.0,3.0,0.0,2025-12-28,6
3.3,0.0,4.9,0.0,7.4,0.0,3.1,0.0,2025-12-28,7
3.6,0.0,4.7,0.0,7.0,0.0,2.6,0.0,2025-12-28,8
3.8,10.0,6.4,58.0,8.1,61.0,3.8,67.0,2025-12-28,9
4.8,81.0,9.7,221.0,10.8,224.0,6.7,232.0,2025-12-28,10
6.3,158.0,12.8,378.0,14.0,363.0,8.7,382.0,2025-12-28,11
7.0,189.0,14.9,495.0,16.1,509.0,10.4,485.0,2025-12-28,12
7.8,233.0,16.4,552.0,17.7,560.0,11.7,531.0,2025-12-28,13
8.7,266.0,17.5,546.0,18.6,569.0,12.3,513.0,2025-12-28,14
9.1,241.0,18.3,479.0,18.5,494.0,12.4,436.0,2025-12-28,15
9.4,217.0,17.9,354.0,17.6,365.0,12.4,307.0,2025-12-28,16
10.2,115.0,16.3,190.0,16.9,195.0,11.1,146.0,2025-12-28,17
8.7,29.0,14.3,36.0,15.5,37.0,8.7,16.0,2025-12-28,18
8.1,0.0,12.8,0.0,14.5,0.0,6.4,0.0,2025-12-28,19
7.5,0.0,11.6,0.0,12.6,0.0,5.1,0.0,2025-12-28,20
6.7,0.0,11.1,0.0,11.9,0.0,4.4,0.0,2025-12-28,21
5.7,0.0,11.1,0.0,11.3,0.0,4.2,0.0,2025-12-28,22
5.2,0.0,10.9,0.0,10.4,0.0,3.9,0.0,2025-12-28,23
4.7,0.0,10.3,0.0,9.3,0.0,4.1,0.0,2025-12-29,0
3.9,0.0,10.7,0.0,8.8,0.0,3.7,0.0,2025-12-29,1
3.4,0.0,10.2,0.0,8.7,0.0,3.2,0.0,2025-12-29,2
3.2,0.0,9.2,0.0,8.1,0.0,2.8,0.0,2025-12-29,3
2.9,0.0,8.4,0.0,7.9,0.0,2.5,0.0,2025-12-29,4
2.9,0.0,8.3,0.0,7.7,0.0,1.6,0.0,2025-12-29,5
2.6,0.0,7.5,0.0,7.0,0.0,2.1,0.0,2025-12-29,6
2.4,0.0,6.7,0.0,6.4,0.0,1.9,0.0,2025-12-29,7
2.3,0.0,6.5,0.0,6.4,0.0,2.0,0.0,2025-12-29,8
2.7,11.0,7.8,59.0,9.2,81.0,3.7,66.0,2025-12-29,9
4.0,106.0,10.8,226.0,12.4,258.0,6.2,230.0,2025-12-29,10
5.0,247.0,14.5,386.0,15.6,420.0,8.5,382.0,2025-12-29,11
6.6,333.0,16.1,505.0,17.8,532.0,9.6,487.0,2025-12-29,12
7.8,397.0,17.9,561.0,18.7,581.0,11.3,532.0,2025-12-29,13
8.9,430.0,19.8,554.0,19.3,569.0,12.2,517.0,2025-12-29,14
9.7,410.0,20.8,484.0,19.3,495.0,12.3,440.0,2025-12-29,15
10.1,307.0,20.7,358.0,19.0,365.0,11.5,312.0,2025-12-29,16
10.0,167.0,19.5,195.0,18.8,197.0,9.5,150.0,2025-12-29,17
8.1,34.0,16.4,38.0,16.9,34.0,8.0,17.0,2025-12-29,18
7.3,0.0,14.0,0.0,15.7,0.0,8.2,0.0,2025-12-29,19
6.9,0.0,13.1,0.0,15.2,0.0,7.5,0.0,2025-12-29,20
6.7,0.0,11.5,0.0,14.1,0.0,6.7,0.0,2025-12-29,21
6.1,0.0,10.2,0.0,14.1,0.0,6.2,0.0,2025-12-29,22
5.5,0.0,11.0,0.0,13.9,0.0,5.5,0.0,2025-12-29,23
4.8,0.0,11.4,0.0,14.1,0.0,4.9,0.0,2025-12-30,0
4.5,0.0,10.9,0.0,13.7,0.0,5.0,0.0,2025-12-30,1
4.0,0.0,9.9,0.0,12.9,0.0,4.7,0.0,2025-12-30,2
3.1,0.0,10.0,0.0,13.6,0.0,4.5,0.0,2025-12-30,3
2.6,0.0,10.6,0.0,14.0,0.0,4.2,0.0,2025-12-30,4
3.4,0.0,11.8,0.0,15.0,0.0,4.0,0.0,2025-12-30,5
3.3,0.0,12.3,0.0,15.7,0.0,4.3,0.0,2025-12-30,6
3.3,0.0,11.8,0.0,15.9,0.0,4.3,0.0,2025-12-30,7
3.2,0.0,11.9,0.0,16.3,0.0,3.9,0.0,2025-12-30,8
2.9,7.0,12.7,25.0,15.8,15.0,5.4,61.0,2025-12-30,9
3.2,58.0,14.0,50.0,16.3,44.0,7.6,211.0,2025-12-30,10
4.2,152.0,13.9,71.0,18.6,78.0,7.6,343.0,2025-12-30,11
5.0,198.0,14.5,83.0,20.1,179.0,8.9,399.0,2025-12-30,12
6.2,253.0,17.0,214.0,20.1,107.0,9.4,323.0,2025-12-30,13
7.3,291.0,18.9,200.0,21.1,165.0,10.5,313.0,2025-12-30,14
8.3,277.0,19.8,170.0,21.2,149.0,10.9,189.0,2025-12-30,15
8.4,193.0,19.9,180.0,22.4,333.0,10.8,153.0,2025-12-30,16
8.1,92.0,19.1,146.0,21.4,176.0,10.4,80.0,2025-12-30,17
7.0,27.0,18.0,29.0,20.2,16.0,9.2,12.0,2025-12-30,18
7.1,0.0,16.5,0.0,19.8,0.0,9.1,0.0,2025-12-30,19
6.4,0.0,15.1,0.0,18.7,0.0,8.6,0.0,2025-12-30,20
5.9,0.0,14.2,0.0,19.0,0.0,8.4,0.0,2025-12-30,21
5.4,0.0,13.9,0.0,19.2,0.0,8.0,0.0,2025-12-30,22
4.6,0.0,15.8,0.0,19.6,0.0,7.4,0.0,2025-12-30,23
5.1,0.0,17.2,0.0,19.8,0.0,7.4,0.0,2025-12-31,0
5.2,0.0,16.4,0.0,18.0,0.0,7.0,0.0,2025-12-31,1
5.3,0.0,16.4,0.0,17.7,0.0,6.6,0.0,2025-12-31,2
5.6,0.0,17.5,0.0,17.0,0.0,6.0,0.0,2025-12-31,3
4.9,0.0,16.9,0.0,17.1,0.0,5.9,0.0,2025-12-31,4
4.4,0.0,15.3,0.0,16.8,0.0,6.1,0.0,2025-12-31,5
4.4,0.0,15.5,0.0,18.2,0.0,6.5,0.0,2025-12-31,6
4.9,0.0,16.2,0.0,18.2,0.0,6.5,0.0,2025-12-31,7
4.9,0.0,16.3,0.0,17.2,0.0,6.5,0.0,2025-12-31,8
5.3,3.0,15.7,6.0,18.8,28.0,7.1,46.0,2025-12-31,9
6.0,34.0,15.6,22.0,20.2,41.0,9.0,126.0,2025-12-31,10
7.1,76.0,17.4,23.0,17.6,47.0,9.5,131.0,2025-12-31,11
7.6,68.0,18.3,68.0,17.8,109.0,10.5,152.0,2025-12-31,12
7.9,74.0,17.4,53.0,16.7,71.0,11.9,131.0,2025-12-31,13
8.1,63.0,16.2,62.0,16.8,69.0,11.5,78.0,2025-12-31,14
8.1,41.0,15.5,35.0,16.7,53.0,11.9,150.0,2025-12-31,15
8.2,38.0,15.1,18.0,16.4,30.0,11.6,49.0,2025-12-31,16
8.6,30.0,15.1,15.0,15.3,14.0,10.6,21.0,2025-12-31,17
8.5,5.0,14.8,4.0,15.2,2.0,9.8,4.0,2025-12-31,18
8.3,0.0,14.7,0.0,15.3,0.0,8.7,0.0,2025-12-31,19
8.1,0.0,14.7,0.0,15.3,0.0,8.7,0.0,2025-12-31,20
8.0,0.0,14.6,0.0,15.6,0.0,8.4,0.0,2025-12-31,21
8.0,0.0,14.9,0.0,15.7,0.0,8.1,0.0,2025-12-31,22
8.2,0.0,14.6,0.0,15.5,0.0,6.9,0.0,2025-12-31,23
